ID,名前,肩書き,シリーズ番号,シリーズ,手持ち1,手持ち2,手持ち3,手持ち4,手持ち5,手持ち6,画像ファイル,画像種,くれるもの,地方,会える場所,表示順,タイプ,もちもの
1,レッド,主人公,1,赤・緑,,,,,,,01syujinko.PNG,,,カントー地方,マサラタウン,1,,
2,サトシ,主人公,1,赤・緑,,,,,,,01syujinko.PNG,,,カントー地方,マサラタウン,1,,
3,ジャック,主人公（ライバル）,1,赤・緑,,,,,,,01syujinko.PNG,,,カントー地方,マサラタウン,1,,
4,グリーン,ライバル（主人公）,1,赤・緑,,,,,,,01_rv_green.PNG,,,カントー地方,マサラタウン,1,,
5,シゲル,ライバル（主人公）,1,赤・緑,,,,,,,01_rv_green.PNG,,,カントー地方,マサラタウン,1,,
6,ジョン,ライバル（主人公）,1,赤・緑,,,,,,,01_rv_green.PNG,,,カントー地方,マサラタウン,1,,
7,ユキナリ,ポケモンはかせ（オーキド博士）,1,赤・緑,,,,,,,01_pr_okd.PNG,,さいしょのポケモンとポケモンずかん,カントー地方,マサラタウン,1,,
8,タケシ,ジムリーダー,1,赤・緑,イシツブテ,イワーク,,,,,01_gym_2takeshi.PNG,,グレーバッジとわざマシンと1386円,カントー地方,ニビジム,1,いわ,
9,カスミ,ジムリーダー,1,赤・緑,ヒトデマン,スターミー,,,,,01_gym_1kasumi.PNG,,ブルーバッジとわざマシンと2079円,カントー地方,ハナダジム,1,みず,
10,マチス,ジムリーダー,1,赤・緑,ビリリダマ,ピカチュウ,ライチュウ,,,,01_gym_3matis.PNG,,オレンジバッジとわざマシンと2376円,カントー地方,クチバジム,1,でんき,
11,エリカ,ジムリーダー,1,赤・緑,ウツボット,モンジャラ,ラフレシア,,,,01_gym_4erika.PNG,,レインボーバッジとわざマシンと2871円,カントー地方,タマムシジム,1,くさ,
12,キョウ,ジムリーダー,1,赤・緑,ドガース,ベトベトン,ドガース,マタドガス,,,01_gym_6kyo.PNG,,ピンクバッジとわざマシンと4257円,カントー地方,セキチクジム,1,どく,
13,ナツメ,ジムリーダー,1,赤・緑,ユンゲラー,バリヤード,モルフォン,フーディン,,,01_gym_5natume.PNG,,ゴールドバッジとわざマシンと4257円,カントー地方,ヤマブキジム,1,エスパー,
14,カツラ,ジムリーダー,1,赤・緑,ガーディ,ポニータ,ギャロップ,ウインディ,,,01_gym_7katura.PNG,,クリムゾンバッジとわざマシンと4653円,カントー地方,グレンジム,1,ほのお,
15,サカキ,ジムリーダー,1,赤・緑,サイホーン,ダグトリオ,ニドクイン,ニドキング,サイドン,,01_gym_8sakaki.PNG,,グリーンバッジとわざマシンと4550円,カントー地方,トキワジム,1,じめん,
16,サカキ,ロケット団ボス,1,赤・緑,イワーク,サイホーン,ガルーラ,,,,01_gym_8sakaki.PNG,,2871円,カントー地方,ロケット団アジト,1,,
17,サカキ,ロケット団ボス,1,赤・緑,ニドリーノ,ガルーラ,サイホーン,ニドクイン,,,01_gym_8sakaki.PNG,,4059円,カントー地方,シルフカンパニー,1,,
18,カンナ,四天王,1,赤・緑,ジュゴン,パルシェン,ヤドラン,ルージュラ,ラプラス,,01_e4_kanna.PNG,,5544円,カントー地方,ポケモンリーグ,1,こおり,
19,シバ,四天王,1,赤・緑,イワーク,エビワラー,サワムラー,イワーク,カイリキー,,01_e4_shiba.PNG,,5742円,カントー地方,ポケモンリーグ,1,かくとう,
20,キクコ,四天王,1,赤・緑,ゲンガー,ゴルバット,ゴースト,アーボック,ゲンガー,,01_e4_kikuko.PNG,,5940円,カントー地方,ポケモンリーグ,1,ゴースト,
21,ワタル,四天王,1,赤・緑,ギャラドス,ハクリュー,ハクリュー,プテラ,カイリュー,,01_e4_wataru.PNG,,6138円,カントー地方,ポケモンリーグ,1,ドラゴン,
22,マサキ,ポケモンマニア,1,赤・緑,,,,,,,01_masaki.PNG,,サントアンヌ号のチケット,カントー地方,みさきのこや,1,,
23,フジ,老人,1,赤・緑,,,,,,,01_fuji.PNG,,ポケモンのふえ,カントー地方,シオンタウン,1,,
24,ゴールド,主人公,2,金・銀,,,,,,,02syujinko_m.PNG,,,ジョウト地方,ワカバタウン,4,,
25,ヒロキ,主人公（ライバル）,2,金・銀,,,,,,,02syujinko_m.PNG,,,ジョウト地方,ワカバタウン,4,,
26,テツオ,主人公（ライバル）,2,金・銀,,,,,,,02syujinko_m.PNG,,,ジョウト地方,ワカバタウン,4,,
27,タカシ,主人公（ライバル）,2,金・銀,,,,,,,02syujinko_m.PNG,,,ジョウト地方,ワカバタウン,4,,
28,シルバー,ライバル,2,金・銀,,,,,,,02_rv_silver.PNG,,,ジョウト地方,ワカバタウン,4,,
29,カモン,主人公（ライバル）,2,金・銀,,,,,,,02_rv_silver.PNG,,,ジョウト地方,ワカバタウン,4,,
30,トオル,主人公（ライバル）,2,金・銀,,,,,,,02_rv_silver.PNG,,,ジョウト地方,ワカバタウン,4,,
31,マサオ,主人公（ライバル）,2,金・銀,,,,,,,02_rv_silver.PNG,,,ジョウト地方,ワカバタウン,4,,
32,ウツギ,ポケモンはかせ,2,金・銀,,,,,,,02_pr_utsugi.PNG,,さいしょのポケモン,ジョウト地方,ワカバタウン,4,,
33,クリス,主人公,2b,クリスタル,,,,,,,02syujinko_f.PNG,,,ジョウト地方,ワカバタウン,5,,
34,ヨウスケ,主人公,2b,クリスタル,,,,,,,02syujinko_m.PNG,,,ジョウト地方,ワカバタウン,5,,
35,タケヒロ,主人公,2b,クリスタル,,,,,,,02syujinko_m.PNG,,,ジョウト地方,ワカバタウン,5,,
36,タカオ,主人公,2b,クリスタル,,,,,,,02syujinko_m.PNG,,,ジョウト地方,ワカバタウン,5,,
37,ハヤト,ジムリーダー,2,金・銀,ポッポ,ピジョン,,,,,02_gym_01hayato.PNG,,ウイングバッジとわざマシンと900円,ジョウト地方,キキョウジム,4,ひこう,
38,ツクシ,ジムリーダー,2,金・銀,トランセル,コクーン,ストライク,,,,02_gym_02tukusi.PNG,,インセクトバッジとわざマシンと1600円,ジョウト地方,ヒワダジム,4,むし,
39,アカネ,ジムリーダー,2,金・銀,ピッピ,ミルタンク,,,,,02_gym_03akane.PNG,,レギュラーバッジとわざマシンと2000円,ジョウト地方,コガネジム,4,ノーマル,
40,マツバ,ジムリーダー,2,金・銀,ゴース,ゴースト,ゲンガー,ゴースト,,,02_gym_04matsuba.PNG,,ファントムバッジとわざマシンと2300円,ジョウト地方,エンジュジム,4,ゴースト,
41,シジマ,ジムリーダー,2,金・銀,オコリザル,ニョロボン,,,,,02_gym_05sizima.PNG,,ショックバッジとわざマシンと3000円,ジョウト地方,タンバジム,4,かくとう,
42,ミカン,ジムリーダー,2,金・銀,コイル,コイル,ハガネール,,,,02_gym_06mikan.PNG,,スチールバッジとわざマシンと3500円,ジョウト地方,アサギジム,4,はがね,
43,ヤナギ,ジムリーダー,2,金・銀,パウワウ,ジュゴン,イノムー,,,,02_gym_07yanagi.PNG,,アイスバッジとわざマシンと3100円,ジョウト地方,チョウジジム,4,こおり,
44,イブキ,ジムリーダー,2,金・銀,ハクリュー,ハクリュー,ハクリュー,キングドラ,,,02_gym_08ibuki.PNG,,ライジングバッジとわざマシンと4000円,ジョウト地方,フスベジム,4,ドラゴン,
45,アンズ,ジムリーダー,2,金・銀,クロバット,マタドガス,マタドガス,アリアドス,モルフォン,,02_gym_09anzu.PNG,,ピンクバッジとわざマシンと3900円,ジョウト地方,セキチクジム,4,どく,
46,グリーン,ジムリーダー,2,金・銀,ピジョット,フーディン,サイドン,ギャラドス,ナッシー,ウインディ,01_rv_green.PNG,,グリーンバッジと5800円,ジョウト地方,トキワジム,4,,
47,ナナミ,グリーンの姉,2,金・銀,,,,,,,,,グリーンの電話番号,ジョウト地方,マサラタウン,4,,
48,イツキ,四天王,2,金・銀,ネイティオ,ルージュラ,ナッシー,ヤドラン,ネイティオ,,,,4200円,ジョウト地方,カントー地方ポケモンリーグ,4,エスパー,
49,キョウ,四天王,2,金・銀,アリアドス,フォレトス,ベトベトン,モルフォン,クロバット,,01_gym_6kyo.PNG,,4400円,ジョウト地方,カントー地方ポケモンリーグ,4,どく,
50,シバ,四天王,2,金・銀,カポエラー,サワムラー,エビワラー,イワーク,カイリキー,,01_e4_shiba.PNG,,4600円,ジョウト地方,カントー地方ポケモンリーグ,4,かくとう,
51,カリン,四天王,2,金・銀,ブラッキー,ラフレシア,ゲンガー,ヤミカラス,ヘルガー,,,,4700円,ジョウト地方,カントー地方ポケモンリーグ,4,あく,
52,ワタル,チャンピオン,2,金・銀,ギャラドス,カイリュー,カイリュー,リザードン,プテラ,カイリュー,01_e4_wataru.PNG,,5000円,ジョウト地方,カントー地方ポケモンリーグ,4,,
53,ゴロウ,たんパンこぞう,2,金・銀,コラッタ（ラッタ）,,,,,,02_tanpan.PNG,,64円、240円、336円,ジョウト地方,30ばんどうろ,4,,
54,アキラ,たんパンこぞう,2,金・銀,ポッポ,コラッタ,,,,,02_tanpan.PNG,,64円,ジョウト地方,30ばんどうろ,4,,
55,シンゴ,たんパンこぞう,2,金・銀,コラッタ,ズバット,,,,,02_tanpan.PNG,,128円,ジョウト地方,32ばんどうろ,4,,
56,マサタカ,たんパンこぞう,2,金・銀,ウパー,,,,,,02_tanpan.PNG,,160円,ジョウト地方,32ばんどうろ,4,,
57,コウタ,たんパンこぞう,2,金・銀,コラッタ,サンド,オニスズメ,オニスズメ,,,02_tanpan.PNG,,128円,ジョウト地方,34ばんどうろ,4,,
58,ショウヘイ,たんパンこぞう,2,金・銀,マンキー,ディグダ,,,,,02_tanpan.PNG,,192円,ジョウト地方,34ばんどうろ,4,,
59,トシヒコ,たんパンこぞう,2,金・銀,サンドパン,クロバット,,,,,02_tanpan.PNG,,528円,ジョウト地方,11ばんどうろ,4,,
60,ヒロユキ,たんパンこぞう,2,金・銀,ガーディ,,,,,,02_tanpan.PNG,,560円,ジョウト地方,11ばんどうろ,4,,
61,ヒロノブ,たんパンこぞう,2,金・銀,オニドリル,,,,,,02_tanpan.PNG,,560円,ジョウト地方,3ばんどうろ,4,,
62,ケンタ,たんパンこぞう,2,金・銀,ラッタ,アーボック,,,,,02_tanpan.PNG,,528円,ジョウト地方,3ばんどうろ,4,,
63,ミキヤス,むしとり,2,金・銀,キャタピー,キャタピー,,,,,02_mushitori.PNG,,48円,ジョウト地方,30ばんどうろ,4,,
64,コウイチ,むしとり,2,金・銀,キャタピー（トランセル、バタフリー）,キャタピー（トランセル、バタフリー）,ビードル（コクーン、スピアー）,キャタピー（トランセル、バタフリー）,,,02_mushitori.PNG,,32円、144円、224円,ジョウト地方,31ばんどうろ,4,,
65,ノリユキ,むしとり,2,金・銀,ビードル,キャタピー,,,,,02_mushitori.PNG,,192円,ジョウト地方,ヒワダジム,4,,
66,サダオ,むしとり,2,金・銀,ビードル,コクーン,スピアー,,,,02_mushitori.PNG,,192円,ジョウト地方,ヒワダジム,4,,
67,トモミチ,むしとり,2,金・銀,パラス,,,,,,02_mushitori.PNG,,208円,ジョウト地方,ヒワダジム,4,,
68,ケンイチ,むしとり,2b,クリスタル,レディバ,パラス,,,,,02_mushitori.PNG,,160円,ジョウト地方,ウバメのもり,5,,
69,ヨウタ,むしとり,2,金・銀,コンパン（モルフォン）,,,,,,02_mushitori.PNG,,240円、304円、448円,ジョウト地方,35ばんどうろ,4,,
70,タケオ,むしとり,2,金・銀,アリアドス,カイロス,,,,,02_mushitori.PNG,,512円,ジョウト地方,アクア号,4,,
71,ヨウジ,むしとり,2,金・銀,スピアー,スピアー,スピアー,,,,02_mushitori.PNG,,480円,ジョウト地方,2ばんどうろ,4,,
72,ミチヒコ,むしとり,2,金・銀,アリアドス,,,,,,02_mushitori.PNG,,544円,ジョウト地方,2ばんどうろ,4,,
73,カズヒコ,むしとり,2,金・銀,スピアー,バタフリー,,,,,02_mushitori.PNG,,512円,ジョウト地方,2ばんどうろ,4,,
74,タエコ,イタコ,2,金・銀,ゴースト,ゴースト,,,,,02_itako.png,,800円,ジョウト地方,エンジュジム,4,,
75,ヨネコ,イタコ,2,金・銀,ゴース,ゴース,ゴースト,,,,02_itako.png,,800円,ジョウト地方,エンジュジム,4,,
76,トミコ,イタコ,2,金・銀,スリープ,スリーパー,,,,,02_itako.png,,1400円,ジョウト地方,ヤマブキジム,4,,
77,ケサコ,イタコ,2,金・銀,ヤドン,ヤドラン,,,,,02_itako.png,,1440円,ジョウト地方,ヤマブキジム,4,,
78,スズコ,イタコ,2c,ハートゴールド・ソウルシルバー,ゴース,ゴース,ゴース,ゴース,ゴース,,02_itako.png,,768円,ジョウト地方,エンジュジム,11,,
79,ウメコ,イタコ,2c,ハートゴールド・ソウルシルバー,ゴースト,,,,,,02_itako.png,,1056円,ジョウト地方,エンジュジム,11,,
80,トミコ,イタコ,2c,ハートゴールド・ソウルシルバー,ドーミラー,スリーパー,,,,,02_itako.png,,2160円,ジョウト地方,ヤマブキジム,11,,
81,モクネン,ぼうず,2,金・銀,マダツボミ,マダツボミ,マダツボミ,,,,02_bouzu.PNG,,96円,ジョウト地方,マダツボミのとう,4,,
82,チンネン,ぼうず,2,金・銀,マダツボミ,マダツボミ,マダツボミ,,,,02_bouzu.PNG,,96円,ジョウト地方,マダツボミのとう,4,,
83,エイソウ,ぼうず,2,金・銀,マダツボミ,マダツボミ,マダツボミ,,,,02_bouzu.PNG,,96円,ジョウト地方,マダツボミのとう,4,,
84,ソウネン,ぼうず,2,金・銀,マダツボミ,,,,,,02_bouzu.PNG,,192円,ジョウト地方,マダツボミのとう,4,,
85,カクネン,ぼうず,2,金・銀,マダツボミ,,,,,,02_bouzu.PNG,,192円,ジョウト地方,マダツボミのとう,4,,
86,カイネン,ぼうず,2,金・銀,マダツボミ,ホーホー,,,,,02_bouzu.PNG,,224円,ジョウト地方,マダツボミのとう,4,,
87,コウセイ,ぼうず,2,金・銀,マダツボミ,マダツボミ,ホーホー,,,,02_bouzu.PNG,,320円,ジョウト地方,マダツボミのとう,4,,
88,ジエイ,ぼうず,2,金・銀,ゴース,ゴース,ゴース,ゴース,ゴース,,02_bouzu.PNG,,512円,ジョウト地方,エンジュジム,4,,
89,ウンショウ,ぼうず,2,金・銀,ゴースト,,,,,,02_bouzu.PNG,,704円,ジョウト地方,エンジュジム,4,,
90,モウカイ,ぼうず,2b,クリスタル,ヨルノズク,ブースター,,,,,02_bouzu.PNG,,1024円,ジョウト地方,スズのとう,5,,
91,タイソウ,ぼうず,2b,クリスタル,ヨルノズク,サンダース,,,,,02_bouzu.PNG,,1024円,ジョウト地方,スズのとう,5,,
92,エイセン,ぼうず,2b,クリスタル,ヨルノズク,シャワーズ,,,,,02_bouzu.PNG,,1024円,ジョウト地方,スズのとう,5,,
93,ショウタ,とりつかい,2,金・銀,オニスズメ,,,,,,02_toritsukai.PNG,,216円,ジョウト地方,キキョウジム,4,,
94,ツバサ,とりつかい,2,金・銀,ポッポ,ポッポ,,,,,02_toritsukai.PNG,,168円,ジョウト地方,キキョウジム,4,,
95,ノブマサ,とりつかい,2,金・銀,ポッポ,ポッポ,オニスズメ,,,,02_toritsukai.PNG,,192円,ジョウト地方,32ばんどうろ,4,,
96,ヨシキ,とりつかい,2,金・銀,ポッポ,ピジョン,,,,,02_toritsukai.PNG,,336円,ジョウト地方,35ばんどうろ,4,,
97,ハルキ,とりつかい,2,金・銀,ドードー,ドードー,ドードー,,,,02_toritsukai.PNG,,408円,ジョウト地方,38ばんどうろ,4,,
98,クニヒコ,とりつかい,2,金・銀,ポッポ,ポッポ,ポッポ,ポッポ,ポッポ,,02_toritsukai.PNG,,360円,ジョウト地方,アサギのとうだい,4,,
99,アキノリ,とりつかい,2,金・銀,オニスズメ,オニスズメ,オニドリル,,,,02_toritsukai.PNG,,432円,ジョウト地方,アサギのとうだい,4,,
100,モトヒロ,とりつかい,2,金・銀,ピジョン,ピジョン（ピジョット）,,,,,02_toritsukai.PNG,,600円、792円、888円,ジョウト地方,44ばんどうろ,4,,
101,エイジ,とりつかい,2,金・銀,カモネギ,,,,,,02_toritsukai.PNG,,840円、888円、984円,ジョウト地方,27ばんどうろ,4,,
102,ノボル,とりつかい,2,金・銀,ピジョン,オニドリル,,,,,02_toritsukai.PNG,,768円,ジョウト地方,13ばんどうろ,4,,
103,ノリアキ,とりつかい,2,金・銀,カモネギ,,,,,,02_toritsukai.PNG,,816円,ジョウト地方,13ばんどうろ,4,,
104,ハヤオ,とりつかい,2,金・銀,オニドリル,オニドリル,,,,,02_toritsukai.PNG,,840円,ジョウト地方,14ばんどうろ,4,,
105,エイゴ,とりつかい,2,金・銀,ヨルノズク,,,,,,02_toritsukai.PNG,,816円,ジョウト地方,18ばんどうろ,4,,
106,ショウイチ,とりつかい,2,金・銀,ドードー,ドードリオ,ドードー,,,,02_toritsukai.PNG,,768円,ジョウト地方,18ばんどうろ,4,,
107,ソラオ,とりつかい,2,金・銀,ポッポ,ピジョット,,,,,02_toritsukai.PNG,,816円,ジョウト地方,4ばんどうろ,4,,
108,ケイジ,とりつかい,2c,ハートゴールド・ソウルシルバー,ネイティオ,ヨルノズク,,,,,02_toritsukai.PNG,,1248円,ジョウト地方,12ばんどうろ,11,,
109,ツネミ,とりつかい,2c,ハートゴールド・ソウルシルバー,オニドリル,オニスズメ,,,,,02_toritsukai.PNG,,1248円,ジョウト地方,12ばんどうろ,11,,
110,カズマサ,とりつかい,2c,ハートゴールド・ソウルシルバー,オニドリル,エアームド,,,,,02_toritsukai.PNG,,1184円、1408円、1632円、1760円,ジョウト地方,14ばんどうろ,11,,
111,マスミツ,とりつかい,2c,ハートゴールド・ソウルシルバー,キャモメ,オニドリル,,,,,02_toritsukai.PNG,,1376円,ジョウト地方,20ばんすいどう,11,,
112,ヤジロウ,とりつかい,2c,ハートゴールド・ソウルシルバー,ムックル,,,,,,02_toritsukai.PNG,,1536円,ジョウト地方,20ばんすいどう,11,,
113,セイブン,とりつかい,2c,ハートゴールド・ソウルシルバー,カモネギ,オニドリル,ピジョン,,,,02_toritsukai.PNG,,1184円,ジョウト地方,21ばんすいどう,11,,
114,ミキジ,とりつかい,2c,ハートゴールド・ソウルシルバー,ドードー,ドードー,ドードリオ,ドードリオ,,,02_toritsukai.PNG,,1152円,ジョウト地方,21ばんすいどう,11,,
115,タカヒロ,キャンプボーイ,2,金・銀,ニドラン♂,,,,,,02_campboy.PNG,,180円,ジョウト地方,32ばんどうろ,4,,
116,ヨウイチ,キャンプボーイ,2,金・銀,イシツブテ（ゴローン）,イシツブテ（ゴローン）,コダック（ゴルダック）,マグマッグ,,,02_campboy.PNG,,280円、460円、520円,ジョウト地方,34ばんどうろ,4,,
117,アキヒロ,キャンプボーイ,2,金・銀,サンド,マリル,,,,,02_campboy.PNG,,300円,ジョウト地方,35ばんどうろ,4,,
118,カズヤ,キャンプボーイ,2,金・銀,ディグダ,ズバット,ディグダ,,,,02_campboy.PNG,,280円,ジョウト地方,35ばんどうろ,4,,
119,ソウイチ,キャンプボーイ,2,金・銀,マンキー,,,,,,02_campboy.PNG,,340円,ジョウト地方,46ばんどうろ,4,,
120,タイチ,キャンプボーイ,2,金・銀,サンド,サンドパン,ズバット,,,,02_campboy.PNG,,380円,ジョウト地方,43ばんどうろ,4,,
121,リョウヘイ,キャンプボーイ,2b,クリスタル,オニドリル,オコリザル,ケンタロス,,,,02_campboy.PNG,,600円,ジョウト地方,45ばんどうろ,5,,
122,ヤスキ,キャンプボーイ,2,金・銀,ニドキング,,,,,,02_campboy.PNG,,680円,ジョウト地方,25ばんどうろ,4,,
123,リョウスケ,キャンプボーイ,2,金・銀,ダグトリオ,ニョロボン,オコリザル,,,,02_campboy.PNG,,580円,ジョウト地方,9ばんどうろ,4,,
124,ユウト,キャンプボーイ,2,金・銀,ゴルダック,サンドパン,,,,,02_campboy.PNG,,620円,ジョウト地方,9ばんどうろ,4,,
125,ユウイチ,キャンプボーイ,2,金・銀,ニドキング,,,,,,02_campboy.PNG,,720円,ジョウト地方,セキチクジム,4,,
126,キヨシ,キャンプボーイ,2,金・銀,サンドパン,,,,,,02_campboy.PNG,,740円,ジョウト地方,ニビジム,4,,
127,ヨウラン,キャンプボーイ,2c,ハートゴールド・ソウルシルバー,ポポッコ,マリル,,,,,02_campboy.PNG,,336円,ジョウト地方,47ばんどうろ,11,,
128,シンキ,キャンプボーイ,2c,ハートゴールド・ソウルシルバー,ナマケロ,,,,,,02_campboy.PNG,,688円,ジョウト地方,6ばんどうろ,11,,
129,タモン,キャンプボーイ,2c,ハートゴールド・ソウルシルバー,ウソッキー,チョンチー（ランターン）,ポポッコ（ワタッコ）,,,,02_campboy.PNG,,608円、656円、704円、832円,ジョウト地方,13ばんどうろ,11,,
130,モリミチ,キャンプボーイ,2c,ハートゴールド・ソウルシルバー,ブイゼル,,,,,,02_campboy.PNG,,640円,ジョウト地方,13ばんどうろ,11,,
131,シンヤ,キャンプボーイ,2c,ハートゴールド・ソウルシルバー,マッスグマ,,,,,,02_campboy.PNG,,720円,ジョウト地方,20ばんどうろ,11,,
132,キヨシ,キャンプボーイ,2c,ハートゴールド・ソウルシルバー,サイドン,,,,,,02_campboy.PNG,,800円,ジョウト地方,ニビジム,11,,
133,カオリ,ピクニックガール,2,金・銀,ウツドン,ニドリーノ,ニドラン♀（ニドリーナ、ニドクイン）,,,,02_picnicgirl.PNG,,180円、300円、420円,ジョウト地方,32ばんどうろ,4,,
134,ミズホ,ピクニックガール,2,金・銀,ハネッコ（ポポッコ）,ハネッコ（ポポッコ）,フシギダネ（フシギソウ）,,,,02_picnicgirl.PNG,,240円、340円、580円,ジョウト地方,34ばんどうろ,4,,
135,カナミ,ピクニックガール,2,金・銀,ロコン,,,,,,02_picnicgirl.PNG,,300円,ジョウト地方,35ばんどうろ,4,,
136,イクエ,ピクニックガール,2,金・銀,ピカチュウ,,,,,,02_picnicgirl.PNG,,320円,ジョウト地方,35ばんどうろ,4,,
137,エミ,ピクニックガール,2,金・銀,ポニータ,ポニータ,,,,,02_picnicgirl.PNG,,320円、640円、720円,ジョウト地方,46ばんどうろ,4,,
138,チサト,ピクニックガール,2,金・銀,ピッピ,,,,,,02_picnicgirl.PNG,,400円、620円、740円,ジョウト地方,43ばんどうろ,4,,
139,マナミ,ピクニックガール,2,金・銀,アズマオウ,,,,,,02_picnicgirl.PNG,,660円,ジョウト地方,アクアごう,4,,
140,キミエ,ピクニックガール,2,金・銀,ニドリーナ,ライチュウ,,,,,02_picnicgirl.PNG,,680円,ジョウト地方,9ばんどうろ,4,,
141,リカコ,ピクニックガール,2,金・銀,ポポッコ,ポポッコ,,,,,02_picnicgirl.PNG,,640円,ジョウト地方,9ばんどうろ,4,,
142,ユキコ,ピクニックガール,2,金・銀,ナッシー,,,,,,02_picnicgirl.PNG,,740円,ジョウト地方,タマムシジム,4,,
143,サトミ,ピクニックガール,2,金・銀,ニドクイン,,,,,,02_picnicgirl.PNG,,720円,ジョウト地方,セキチクジム,4,,
144,チナミ,ピクニックガール,2,金・銀,モココ,,,,,,02_picnicgirl.PNG,,680円,ジョウト地方,4ばんどうろ,4,,
145,ミナコ,ピクニックガール,2,金・銀,オオタチ,ギャロップ,,,,,02_picnicgirl.PNG,,660円,ジョウト地方,4ばんどうろ,4,,
146,カオリ,ピクニックガール,2b,クリスタル,ウツドン,ニドキング,ニドクイン,,,,02_picnicgirl.PNG,,640円,ジョウト地方,32ばんどうろ,5,,
147,ミズホ,ピクニックガール,2b,クリスタル,ワタッコ,ワタッコ,フシギバナ,,,,02_picnicgirl.PNG,,760円,ジョウト地方,34ばんどうろ,5,,
148,ルイコ,ピクニックガール,2c,ハートゴールド・ソウルシルバー,バネブー,,,,,,02_picnicgirl.PNG,,640円,ジョウト地方,13ばんどうろ,11,,
149,ハルノ,ピクニックガール,2c,ハートゴールド・ソウルシルバー,ゴニョニョ,,,,,,02_picnicgirl.PNG,,656円,ジョウト地方,13ばんどうろ,11,,
150,アルミ,ピクニックガール,2c,ハートゴールド・ソウルシルバー,チェリンボ,,,,,,02_picnicgirl.PNG,,672円,ジョウト地方,6ばんどうろ,11,,
151,アサミ,ピクニックガール,2c,ハートゴールド・ソウルシルバー,コリンク,,,,,,02_picnicgirl.PNG,,720円,ジョウト地方,20ばんすいどう,11,,
152,ナナカ,ピクニックガール,2c,ハートゴールド・ソウルシルバー,キノココ,,,,,,02_picnicgirl.PNG,,720円,ジョウト地方,20ばんすいどう,11,,
153,タクロウ,つりびと,2,金・銀,ニョロモ,ニョロモ,,,,,02_tsuribito.PNG,,320円,ジョウト地方,32ばんどうろ,4,,
154,ヒサシ,つりびと,2,金・銀,コイキング,コイキング,コイキング,コイキング,,,02_tsuribito.PNG,,200円,ジョウト地方,32ばんどうろ,4,,
155,ヤスアキ,つりびと,2,金・銀,ハリーセン,トサキント,,,,,02_tsuribito.PNG,,400円、680円、760円,ジョウト地方,32ばんどうろ,4,,
156,ミノル,つりびと,2,金・銀,トサキント,トサキント,ハリーセン,,,,02_tsuribito.PNG,,720円、920円、1360円,ジョウト地方,42ばんどうろ,4,,
157,ヨシヒト,つりびと,2,金・銀,コイキング,ギャラドス,コイキング,ギャラドス,,,02_tsuribito.PNG,,600円,ジョウト地方,43ばんどうろ,4,,
158,ケイゾウ,つりびと,2,金・銀,コイキング,コイキング,コイキング,コイキング,,,02_tsuribito.PNG,,880円,ジョウト地方,いかりのみずうみ,4,,
159,ショウジ,つりびと,2,金・銀,ギャラドス,,,,,,02_tsuribito.PNG,,1080円,ジョウト地方,いかりのみずうみ,4,,
160,シュウヘイ,つりびと,2,金・銀,テッポウオ,テッポウオ,,,,,02_tsuribito.PNG,,1000円,ジョウト地方,44ばんどうろ,4,,
161,ヒデノリ,つりびと,2,金・銀,トサキント,トサキント,アズマオウ,,,,02_tsuribito.PNG,,1000円、1280円、1400円,ジョウト地方,44ばんどうろ,4,,
162,タカヨシ,つりびと,2,金・銀,ハリーセン,ハリーセン,アズマオウ,,,,02_tsuribito.PNG,,1360円,ジョウト地方,26ばんどうろ,4,,
163,ダイスケ,つりびと,2,金・銀,シェルダー,オクタン,テッポウオ,パルシェン,,,02_tsuribito.PNG,,1160円,ジョウト地方,アクアごう,4,,
164,ナオフミ,つりびと,2,金・銀,アズマオウ,ニョロゾ,アズマオウ,,,,02_tsuribito.PNG,,1240円,ジョウト地方,12ばんどうろ,4,,
165,ソウスケ,つりびと,2,金・銀,テッポウオ,テッポウオ,,,,,02_tsuribito.PNG,,1280円,ジョウト地方,12ばんどうろ,4,,
166,トモヒト,つりびと,2,金・銀,コイキング,コイキング,ハリーセン,ドククラゲ,,,02_tsuribito.PNG,,1240円,ジョウト地方,12ばんどうろ,4,,
167,エイイチ,つりびと,2,金・銀,ギャラドス,ギャラドス,ギャラドス,,,,02_tsuribito.PNG,,1200円,ジョウト地方,12ばんどうろ,4,,
168,テツハル,つりびと,2,金・銀,ドククラゲ,,,,,,02_tsuribito.PNG,,1360円,ジョウト地方,21ばんすいどう,4,,
169,ヤスアキ,つりびと,2b,クリスタル,ハリーセン,アズマオウ,,,,,02_tsuribito.PNG,,1560円,ジョウト地方,32ばんどうろ,5,,
170,ミノル,つりびと,2b,クリスタル,アズマオウ,アズマオウ,ハリーセン,,,,02_tsuribito.PNG,,1480円,ジョウト地方,42ばんどうろ,5,,
171,マキオ,つりびと,2c,ハートゴールド・ソウルシルバー,コイキング,コイキング,コイキング,コイキング,コイキング,コイキング,02_tsuribito.PNG,,576円、576円、576円、576円,ジョウト地方,12ばんどうろ,11,,
172,ヒョウエ,つりびと,2c,ハートゴールド・ソウルシルバー,サニーゴ,サニーゴ,サニーゴ,サニーゴ,,,02_tsuribito.PNG,,1216円,ジョウト地方,21ばんすいどう,11,,
173,ミノブ,つりびと,2c,ハートゴールド・ソウルシルバー,シードラ,,,,,,02_tsuribito.PNG,,1344円,ジョウト地方,21ばんすいどう,11,,
174,ミツマサ,つりびと,2c,ハートゴールド・ソウルシルバー,ランターン,マンタイン,,,,,02_tsuribito.PNG,,1280円,ジョウト地方,21ばんすいどう,11,,
175,ユウゴ,やまおとこ,2,金・銀,イワーク,,,,,,02_yamaotoko.PNG,,352円,ジョウト地方,つながりのどうくつ,4,,
176,ダイサク,やまおとこ,2,金・銀,イシツブテ,イシツブテ,イシツブテ,,,,02_yamaotoko.PNG,,256円,ジョウト地方,つながりのどうくつ,4,,
177,ツトム,やまおとこ,2,金・銀,イシツブテ（ゴローン）,ゴローン,ワンリキー（カイリキー、ゴーリキー）,,,,02_yamaotoko.PNG,,352円、576円、928円,ジョウト地方,33ばんどうろ,4,,
178,シュウジ,やまおとこ,2,金・銀,イシツブテ,イシツブテ,イシツブテ,イシツブテ,イシツブテ,,02_yamaotoko.PNG,,416円,ジョウト地方,46ばんどうろ,4,,
179,テツジ,やまおとこ,2,金・銀,ディグダ,イシツブテ,ダグトリオ,,,,02_yamaotoko.PNG,,512円,ジョウト地方,42ばんどうろ,4,,
180,マサフミ,やまおとこ,2,金・銀,イシツブテ,ワンリキー,,,,,02_yamaotoko.PNG,,800円,ジョウト地方,つながりのどうくつ,4,,
181,ケンゴ,やまおとこ,2,金・銀,イシツブテ,イシツブテ,ゴローン,,,,02_yamaotoko.PNG,,736円,ジョウト地方,つながりのどうくつ,4,,
182,カツヒロ,やまおとこ,2,金・銀,ワンリキー,イシツブテ,ワンリキー,,,,02_yamaotoko.PNG,,864円,ジョウト地方,45ばんどうろ,4,,
183,タロウ,やまおとこ,2,金・銀,イワーク,,,,,,02_yamaotoko.PNG,,928円、1084円、1216円,ジョウト地方,45ばんどうろ,4,,
184,アキオ,やまおとこ,2,金・銀,イシツブテ,ゴローン,ゴローニャ,,,,02_yamaotoko.PNG,,800円,ジョウト地方,45ばんどうろ,4,,
185,マサヒコ,やまおとこ,2,金・銀,ディグダ,ダグトリオ,,,,,02_yamaotoko.PNG,,864円,ジョウト地方,45ばんどうろ,4,,
186,ヒロカズ,やまおとこ,2,金・銀,サンドパン,ゴローニャ,,,,,02_yamaotoko.PNG,,1056円,ジョウト地方,アクアごう,4,,
187,タカアキ,やまおとこ,2,金・銀,ダグトリオ,イワーク,,,,,02_yamaotoko.PNG,,1024円,ジョウト地方,9ばんどうろ,4,,
188,マサミチ,やまおとこ,2,金・銀,ゴローン,ゴローン,ゴローン,,,,02_yamaotoko.PNG,,992円,ジョウト地方,9ばんどうろ,4,,
189,イワオ,やまおとこ,2,金・銀,カイリキー,,,,,,02_yamaotoko.PNG,,1120円,ジョウト地方,10ばんどうろ,4,,
190,ノリヨシ,やまおとこ,2,金・銀,サンドパン,ゴローン,ゴローニャ,ゴローン,,,02_yamaotoko.PNG,,1056円,ジョウト地方,13ばんどうろ,4,,
191,オオライ,やまおとこ,2c,ハートゴールド・ソウルシルバー,ノコッチ,ノコッチ,ノコッチ,,,,02_yamaotoko.PNG,,608円,ジョウト地方,47ばんどうろ,11,,
192,タロウ,やまおとこ,2c,ハートゴールド・ソウルシルバー,イワーク（ハガネール）,ゴローン（ゴローニャ）,,,,,02_yamaotoko.PNG,,960円、1120円、1184円、1664円,ジョウト地方,45ばんどうろ,11,,
193,ヒロカズ,やまおとこ,2c,ハートゴールド・ソウルシルバー,ドーミラー,ゴローニャ,,,,,02_yamaotoko.PNG,,1344円,ジョウト地方,アクアごう,11,,
194,トモヒロ,やまおとこ,2c,ハートゴールド・ソウルシルバー,ゴローン,サイドン,ピッピ,,,,02_yamaotoko.PNG,,1440円,ジョウト地方,3ばんどうろ,11,,
195,コテツ,やまおとこ,2c,ハートゴールド・ソウルシルバー,レアコイル,ハガネール,,,,,02_yamaotoko.PNG,,1408円,ジョウト地方,3ばんどうろ,11,,
196,ミキオ,やまおとこ,2c,ハートゴールド・ソウルシルバー,ゴローニャ,,,,,,02_yamaotoko.PNG,,1600円,ジョウト地方,ニビジム,11,,
197,フクオ,ひふきやろう,2,金・銀,ドガース,ドガース,,,,,02_hifukiyaro.PNG,,288円,ジョウト地方,つながりのどうくつ,4,,
198,ノリヤス,ひふきやろう,2,金・銀,ロコン,,,,,,02_hifukiyaro.PNG,,432円,ジョウト地方,つながりのどうくつ,4,,
199,トシハル,ひふきやろう,2,金・銀,ブーバー,ブーバー,,,,,02_hifukiyaro.PNG,,624円,ジョウト地方,35ばんどうろ,4,,
200,トシヤ,ひふきやろう,2,金・銀,ドガース,ガーディ,ドガース,,,,02_hifukiyaro.PNG,,720円,ジョウト地方,やけたとう,4,,
201,マサノリ,ひふきやろう,2,金・銀,リザード,,,,,,02_hifukiyaro.PNG,,816円,ジョウト地方,やけたとう,4,,
202,ダイ,ひふきやろう,2,金・銀,ドガース,ブースター,ドガース,,,,02_hifukiyaro.PNG,,1344円,ジョウト地方,アクアごう,4,,
203,アキト,ひふきやろう,2,金・銀,ブーバー,マタドガス,ブーバー,,,,02_hifukiyaro.PNG,,1392円,ジョウト地方,3ばんどうろ,4,,
204,ノブアキ,ひふきやろう,2,金・銀,ドガース,マグマッグ,,,,,02_hifukiyaro.PNG,,1536円,ジョウト地方,3ばんどうろ,4,,
205,タダヒコ,かいじゅうマニア,2,金・銀,ヤドン,,,,,,02_kaijumania.PNG,,600円,ジョウト地方,つながりのどうくつ,4,,
206,ヒロアキ,かいじゅうマニア,2,金・銀,ヤドン,ヤドン,,,,,02_kaijumania.PNG,,600円,ジョウト地方,ちかつうろ,4,,
207,マサシ,かいじゅうマニア,2,金・銀,ベロリンガ,,,,,,02_kaijumania.PNG,,720円,ジョウト地方,ちかつうろ,4,,
208,ミノル,かいじゅうマニア,2,金・銀,ニドリーナ,ニドリーノ,,,,,02_kaijumania.PNG,,960円,ジョウト地方,42ばんどうろ,4,,
209,カズシ,かいじゅうマニア,2,金・銀,ニドキング,,,,,,02_kaijumania.PNG,,1140円,ジョウト地方,43ばんどうろ,4,,
210,マコト,かいじゅうマニア,2,金・銀,ベロリンガ,ニドラン♂,ニドラン♀,ニドラン♀（ニドリーナ）,ニドキング,,02_kaijumania.PNG,,1140円、1380円、1920円,ジョウト地方,43ばんどうろ,4,,
211,スグル,かいじゅうマニア,2,金・銀,ヤドラン,,,,,,02_kaijumania.PNG,,1140円,ジョウト地方,43ばんどうろ,4,,
212,ナオヤ,かいじゅうマニア,2,金・銀,ガルーラ,,,,,,02_kaijumania.PNG,,1560円,ジョウト地方,つながりのどうくつ,4,,
213,マサアキ,かいじゅうマニア,2,金・銀,ガラガラ,ガラガラ,,,,,02_kaijumania.PNG,,1440円,ジョウト地方,つながりのどうくつ,4,,
214,モトフミ,かいじゅうマニア,2,金・銀,サイホーン,,,,,,02_kaijumania.PNG,,1620円,ジョウト地方,44ばんどうろ,4,,
215,マサオミ,かいじゅうマニア,2,金・銀,サイホーン,サイドン,,,,,02_kaijumania.PNG,,1860円,ジョウト地方,アクアごう,4,,
216,ナオト,かいじゅうマニア,2b,クリスタル,ニドキング,ニドクイン,,,,,02_kaijumania.PNG,,1020円,ジョウト地方,スリバチやま,5,,
217,トシノブ,かいじゅうマニア,2c,ハートゴールド・ソウルシルバー,ニドリーナ,ニドリーノ,,,,,02_kaijumania.PNG,,1088円,ジョウト地方,42ばんどうろ,11,,
218,クミ,ふたごちゃん（クミとルミ）,2,金・銀,イトマル,レディバ,,,,,02_futagoch.PNG,,200円,ジョウト地方,ヒワダジム,4,,
219,ルミ,ふたごちゃん（クミとルミ）,2,金・銀,イトマル,レディバ,,,,,02_futagoch.PNG,,200円,ジョウト地方,ヒワダジム,4,,
220,マナ,ふたごちゃん（マナとカナ）,2,金・銀,ピッピ,プリン,,,,,02_futagoch.PNG,,320円,ジョウト地方,37ばんどうろ,4,,
221,カナ,ふたごちゃん（マナとカナ）,2,金・銀,ピッピ,プリン,,,,,02_futagoch.PNG,,320円,ジョウト地方,37ばんどうろ,4,,
222,ハナ,ふたごちゃん（ハナとヒナ）,2b,クリスタル,ミニリュウ,ミニリュウ,,,,,02_futagoch.PNG,,700円,ジョウト地方,りゅうのあな,5,,
223,ヒナ,ふたごちゃん（ハナとヒナ）,2b,クリスタル,ミニリュウ,ミニリュウ,,,,,02_futagoch.PNG,,700円,ジョウト地方,りゅうのあな,5,,
224,マコ,ふたごちゃん（マコとミコ）,2,金・銀,ヒメグマ,ゴマゾウ,,,,,02_futagoch.PNG,,620円,ジョウト地方,アクアごう,4,,
225,ミコ,ふたごちゃん（マコとミコ）,2,金・銀,ヒメグマ,ゴマゾウ,,,,,02_futagoch.PNG,,620円,ジョウト地方,アクアごう,4,,
226,ミキ,ふたごちゃん（ミキとマキ）,2,金・銀,ウツボット,ラフレシア,,,,,02_futagoch.PNG,,700円,ジョウト地方,タマムシジム,4,,
227,マキ,ふたごちゃん（ミキとマキ）,2,金・銀,ウツボット,ラフレシア,,,,,02_futagoch.PNG,,700円,ジョウト地方,タマムシジム,4,,
228,オト,ふたごちゃん（オトとナル）,2c,ハートゴールド・ソウルシルバー,マリル,メリープ,,,,,02_futagoch.PNG,,512円,ジョウト地方,37ばんどうろ,11,,
229,ナル,ふたごちゃん（オトとナル）,2c,ハートゴールド・ソウルシルバー,マリル,メリープ,,,,,02_futagoch.PNG,,512円,ジョウト地方,37ばんどうろ,11,,
230,ネネ,ふたごちゃん（ネネとキキ）,2c,ハートゴールド・ソウルシルバー,プラスル,マイナン,,,,,02_futagoch.PNG,,1312円,ジョウト地方,6ばんどうろ,11,,
231,キキ,ふたごちゃん（ネネとキキ）,2c,ハートゴールド・ソウルシルバー,プラスル,マイナン,,,,,02_futagoch.PNG,,1312円,ジョウト地方,6ばんどうろ,11,,
232,カコ,ふたごちゃん（カコとトコ）,2c,ハートゴールド・ソウルシルバー,ヌオー,ヌオー,,,,,02_futagoch.PNG,,1312円、1536円、1696円、1760円,ジョウト地方,15ばんどうろ,11,,
233,トコ,ふたごちゃん（カコとトコ）,2c,ハートゴールド・ソウルシルバー,ヌオー,ヌオー,,,,,02_futagoch.PNG,,1312円、1536円、1696円、1760円,ジョウト地方,15ばんどうろ,11,,
234,サヤ,ふたごちゃん（サヤとアヤ）,2c,ハートゴールド・ソウルシルバー,マリル,メリープ,,,,,02_futagoch.PNG,,480円,ジョウト地方,体験版,11,,
235,アヤ,ふたごちゃん（サヤとアヤ）,2c,ハートゴールド・ソウルシルバー,マリル,メリープ,,,,,02_futagoch.PNG,,480円,ジョウト地方,体験版,11,,
236,マモル,おまわりさん,2,金・銀,ガーディ,,,,,,02_omawari.PNG,,680円,ジョウト地方,34ばんどうろ,4,,
237,シンイチ,おまわりさん,2,金・銀,ガーディ,ガーディ,,,,,02_omawari.PNG,,560円,ジョウト地方,35ばんどうろ,4,,
238,テルキ,りかけいのおとこ,2,金・銀,コイル,ビリリダマ,コイル,コイル,,,02_rikakei.PNG,,288円,ジョウト地方,ちかつうろ,4,,
239,カズヒト,りかけいのおとこ,2,金・銀,ベトベター,ベトベター,,,,,02_rikakei.PNG,,352円,ジョウト地方,ちかつうろ,4,,
240,ガクジ,りかけいのおとこ,2b,クリスタル,ヤドン,,,,,,02_rikakei.PNG,,608円,ジョウト地方,スリバチやま,5,,
241,タカフミ,りかけいのおとこ,2b,クリスタル,シードラ,,,,,,02_rikakei.PNG,,1248円,ジョウト地方,スリバチやま,5,,
242,スミオ,りかけいのおとこ,2,金・銀,コイル,ベトベトン,コイル,,,,02_rikakei.PNG,,992円,ジョウト地方,アクアごう,4,,
243,ナオヒサ,りかけいのおとこ,2,金・銀,ベトベター,ベトベトン,,,,,02_rikakei.PNG,,1088円,ジョウト地方,8ばんどうろ,4,,
244,タクト,りかけいのおとこ,2,金・銀,コイル,コイル,コイル,,,,02_rikakei.PNG,,1024円,ジョウト地方,8ばんどうろ,4,,
245,ケンゾウ,りかけいのおとこ,2,金・銀,ポリゴン,,,,,,02_rikakei.PNG,,1152円,ジョウト地方,25ばんどうろ,4,,
246,タカジ,りかけいのおとこ,2c,ハートゴールド・ソウルシルバー,コータス,,,,,,02_rikakei.PNG,,2544円,ジョウト地方,グレンジム,11,,
247,ユウビ,りかけいのおとこ,2c,ハートゴールド・ソウルシルバー,ドンメル,,,,,,02_rikakei.PNG,,2544円,ジョウト地方,グレンジム,11,,
248,ナガフミ,りかけいのおとこ,2c,ハートゴールド・ソウルシルバー,マグカルゴ,,,,,,02_rikakei.PNG,,2544円,ジョウト地方,グレンジム,11,,
249,ユキ,ミニスカート,2,金・銀,ナゾノクサ,カラカラ,,,,,02_minisuka.PNG,,360円,ジョウト地方,しぜんこうえん,4,,
250,ミカ,ミニスカート,2,金・銀,ブルー,,,,,,02_minisuka.PNG,,432円,ジョウト地方,コガネジム,4,,
251,アスカ,ミニスカート,2,金・銀,プリン,プリン,プリン,,,,02_minisuka.PNG,,360円,ジョウト地方,コガネジム,4,,
252,リカ,ミニスカート,2,金・銀,モココ（デンリュウ）,コダック（ゴルダック）,,,,,02_minisuka.PNG,,432円、504円、696円、768円、864円,ジョウト地方,38ばんどうろ,4,,
253,レミ,ミニスカート,2,金・銀,マリル,,,,,,02_minisuka.PNG,,504円,ジョウト地方,アサギのとうだい,4,,
254,ユナ,ミニスカート,2,金・銀,プクリン,グランブル,,,,,02_minisuka.PNG,,816円,ジョウト地方,25ばんどうろ,4,,
255,ミーナ,ミニスカート,2,金・銀,クサイハナ,ピジョン,キレイハナ,,,,02_minisuka.PNG,,744円,ジョウト地方,25ばんどうろ,4,,
256,チエ,ミニスカート,2,金・銀,パラス,パラス,パラセクト,,,,02_minisuka.PNG,,768円,ジョウト地方,25ばんどうろ,4,,
257,マユミ,ミニスカート,2,金・銀,ポポッコ,ハネッコ,ワタッコ,,,,02_minisuka.PNG,,816円,ジョウト地方,タマムシジム,4,,
258,アキ,ミニスカート,2,金・銀,フシギダネ,フシギソウ,フシギバナ,,,,02_minisuka.PNG,,816円,ジョウト地方,セキチクジム,4,,
259,チカ,ミニスカート,2,金・銀,クサイハナ,アーボック,クサイハナ,,,,02_minisuka.PNG,,720円,ジョウト地方,セキチクジム,4,,
260,エリ,ミニスカート,1c,ファイアレッド・リーフグリーン,ポッポ（ピジョン）,ポッポ（ピジョン）,,,,,FRLG_minisuka.PNG,,144円、320円、448円,カントー地方,3ばんどうろ,7,,
261,ミナ,ミニスカート,1c,ファイアレッド・リーフグリーン,コラッタ,ニドラン♀,,,,,FRLG_minisuka.PNG,,160円,カントー地方,3ばんどうろ,7,,
262,シホ,ミニスカート,1c,ファイアレッド・リーフグリーン,プリン,,,,,,FRLG_minisuka.PNG,,224円,カントー地方,3ばんどうろ,7,,
263,ナホ,ミニスカート,1c,ファイアレッド・リーフグリーン,ピッピ,,,,,,FRLG_minisuka.PNG,,224円,カントー地方,オツキミやま,7,,
264,ルリ,ミニスカート,1c,ファイアレッド・リーフグリーン,ナゾノクサ,マダツボミ,,,,,FRLG_minisuka.PNG,,176円,カントー地方,オツキミやま,7,,
265,サヤ,ミニスカート,1c,ファイアレッド・リーフグリーン,ポッポ,ナゾノクサ,マダツボミ,,,,FRLG_minisuka.PNG,,192円,カントー地方,24ばんどうろ,7,,
266,アミ,ミニスカート,1c,ファイアレッド・リーフグリーン,ニドラン♂,ニドラン♀（ニドリーナ）,ポッポ（ピジョン）,,,,FRLG_minisuka.PNG,,256円、320円、448円,カントー地方,24ばんどうろ,7,,
267,マキ,ミニスカート,1c,ファイアレッド・リーフグリーン,ナゾノクサ,ナゾノクサ,ポッポ,,,,FRLG_minisuka.PNG,,208円,カントー地方,25ばんどうろ,7,,
268,カヤ,ミニスカート,1c,ファイアレッド・リーフグリーン,ポッポ,ニドラン♀,,,,,FRLG_minisuka.PNG,,288円,カントー地方,サント・アンヌごう,7,,
269,ユカ,ミニスカート,1c,ファイアレッド・リーフグリーン,コラッタ,ピカチュウ,,,,,FRLG_minisuka.PNG,,288円,カントー地方,サント・アンヌごう,7,,
270,マユ,ミニスカート,1c,ファイアレッド・リーフグリーン,ピッピ,ピッピ,,,,,FRLG_minisuka.PNG,,352円,カントー地方,8ばんどうろ,7,,
271,マイ,ミニスカート,1c,ファイアレッド・リーフグリーン,ニドラン♀,ニドリーナ,,,,,FRLG_minisuka.PNG,,368円,カントー地方,8ばんどうろ,7,,
272,ミキ,ミニスカート,1c,ファイアレッド・リーフグリーン,ニャース,ニャース,ニャース,,,,FRLG_minisuka.PNG,,384円,カントー地方,8ばんどうろ,7,,
273,マミ,ミニスカート,1c,ファイアレッド・リーフグリーン,ポッポ（ピジョン、ピジョット）,コラッタ（ラッタ）,ニドラン♂（ニドリーノ）,ニャース（ペルシアン）,ピカチュウ（ライチュウ）,,FRLG_minisuka.PNG,,304円、352円、768円,カントー地方,8ばんどうろ,7,,
274,アコ,ミニスカート,1c,ファイアレッド・リーフグリーン,マダツボミ,ウツドン,,,,,FRLG_minisuka.PNG,,368円,カントー地方,タマムシジム,7,,
275,ユミ,ミニスカート,1c,ファイアレッド・リーフグリーン,ナゾノクサ,クサイハナ,,,,,FRLG_minisuka.PNG,,368円,カントー地方,タマムシジム,7,,
276,メイ,ミニスカート,1c,ファイアレッド・リーフグリーン,パラス,パラス,パラセクト,,,,FRLG_minisuka.PNG,,496円,カントー地方,4ばんどうろ,7,,
277,マコ,ミニスカート,1c,ファイアレッド・リーフグリーン,ブルー,,,,,,FRLG_minisuka.PNG,,784円,カントー地方,しるしのはやし,7,,
278,ミホ,ミニスカート,1c,ファイアレッド・リーフグリーン,ハネッコ,ハネッコ,ポポッコ,ポポッコ,,,FRLG_minisuka.PNG,,768円,カントー地方,しるしのはやし,7,,
279,アカリ,ミニスカート,1c,ファイアレッド・リーフグリーン,ニドリーノ,ニドリーナ,ピカチュウ,モココ,プリン,ピッピ,FRLG_minisuka.PNG,,,カントー地方,トレーナータワー,7,,
280,チカ,ミニスカート,3,ルビー・サファイア,ジグザグマ,ジグザグマ,,,,,03_minisuka.PNG,,64円,ホウエン地方,102ばんどうろ,6,,
281,マキ,ミニスカート,3,ルビー・サファイア,ハスボー（ハスブレロ）,キノココ（キノガッサ）,オオスバメ,,,,03_minisuka.PNG,,112円、416円、464円、512円、544円,ホウエン地方,104ばんどうろ,6,,
282,エリ,ミニスカート,3,ルビー・サファイア,マリル,,,,,,03_minisuka.PNG,,160円,ホウエン地方,116ばんどうろ,6,,
283,ミナ,ミニスカート,3,ルビー・サファイア,ナゾノクサ,,,,,,03_minisuka.PNG,,256円,ホウエン地方,カラクリやしき,6,,
284,シホ,ミニスカート,3,ルビー・サファイア,エネコ,マリル,キノココ,,,,03_minisuka.PNG,,224円,ホウエン地方,カラクリやしき,6,,
285,ミキ,ミニスカート,3,ルビー・サファイア,ラブカス,,,,,,03_minisuka.PNG,,656円,ホウエン地方,ルネジム,6,,
286,メイ,ミニスカート,3,ルビー・サファイア,ホエルコ,ホエルコ,,,,,03_minisuka.PNG,,640円,ホウエン地方,ルネジム,6,,
287,ヨウコ,ミニスカート,3,ルビー・サファイア,プリン,エネコ,ラブカス,,,,03_minisuka.PNG,,,ホウエン地方,トクサネシティ,6,,
288,ユラ,ミニスカート,3b,エメラルド,ゴルダック,フーディン,ネイティオ,グラエナ,サーナイト,他5,03_minisuka.PNG,,,ホウエン地方,,8,,
289,コマリ,ミニスカート,3b,エメラルド,ペルシアン,コノハナ,パウワウ,ニャース,ハスブレロ,マクノシタ,03_minisuka.PNG,,,ホウエン地方,,8,,
290,オコノミ,ミニスカート,3c,オメガルビー・アルファサファイア,マラカッチ,シャワーズ,,,,,03_minisuka.PNG,,880円,ホウエン地方,キンセツキッチン,15,,
291,ルミ,ミニスカート,4,ダイヤモンド・パール,ビッパ,ビッパ,,,,,04_minisuka.PNG,,48円,シンオウ地方,202ばんどうろ,9,,
292,サユリ,ミニスカート,4,ダイヤモンド・パール,ビッパ,ムックル,スボミー,,,,04_minisuka.PNG,,64円,シンオウ地方,203ばんどうろ,9,,
293,チカ,ミニスカート,4,ダイヤモンド・パール,ムックル（ムクバード、ムクホーク）,ビッパ（ビーダル）,,,,,04_minisuka.PNG,,80円、272円、464円、608円,シンオウ地方,203ばんどうろ,9,,
294,ナオ,ミニスカート,4,ダイヤモンド・パール,ビッパ,,,,,,04_minisuka.PNG,,112円,シンオウ地方,204ばんどうろ,9,,
295,メイ,ミニスカート,4,ダイヤモンド・パール,スボミー（ロゼリア）,,,,,,04_minisuka.PNG,,112円、304円、496円、880円,シンオウ地方,204ばんどうろ,9,,
296,カナコ,ミニスカート,4,ダイヤモンド・パール,パチリス,,,,,,04_minisuka.PNG,,224円,シンオウ地方,ハクタイのもり,9,,
297,リサ,ミニスカート,4,ダイヤモンド・パール,チェリンボ,ロゼリア,,,,,04_minisuka.PNG,,240円,シンオウ地方,ハクタイジム,9,,
298,ミユキ,ミニスカート,4,ダイヤモンド・パール,ミミロル,,,,,,04_minisuka.PNG,,272円,シンオウ地方,まよいのどうくつ,9,,
299,リナ,ミニスカート,4,ダイヤモンド・パール,ビッパ,ビッパ,,,,,04_minisuka.PNG,,336円,シンオウ地方,レストランななつぼし,9,,
300,ナミエ,ミニスカート,4,ダイヤモンド・パール,ムウマ,,,,,,04_minisuka.PNG,,480円,シンオウ地方,ヨスガジム,9,,
301,サキコ,ミニスカート,4,ダイヤモンド・パール,ムックル,ビッパ,,,,,04_minisuka.PNG,,,シンオウ地方,体験版,9,,
302,マリ,ミニスカート,5,ブラック・ホワイト,チョロネコ,,,,,,01_t_minisuka.PNG,,112円,イッシュ地方,2ばんどうろ,12,,
303,エリ,ミニスカート,5,ブラック・ホワイト,チョロネコ,チョロネコ,,,,,01_t_minisuka.PNG,,128円,イッシュ地方,ゆめのあとち,12,,
304,カナ,ミニスカート,5,ブラック・ホワイト,コロモリ,コロモリ,コロモリ,,,,01_t_minisuka.PNG,,240円,イッシュ地方,ヤグルマのもり,12,,
305,ミハル,ミニスカート,5,ブラック・ホワイト,ゴチム,,,,,,01_t_minisuka.PNG,,400円,イッシュ地方,ライモンシティ,12,,
306,ミキ,ミニスカート,5,ブラック・ホワイト,トゲキッス,,,,,,01_t_minisuka.PNG,,480円,イッシュ地方,ブラックシティ,12,,
307,シホ,ミニスカート,5,ブラック・ホワイト,シキジカ,ゴチム,,,,,01_t_minisuka.PNG,,480円,イッシュ地方,タワーオブヘブン,12,,
308,アキ,ミニスカート,5,ブラック・ホワイト,ミミロル,ブルー,キノココ,,,,01_t_minisuka.PNG,,1008円,イッシュ地方,13ばんどうろ,12,,
309,チセ,ミニスカート,5,ブラック・ホワイト,タッツー,ヒマナッツ,ポニータ,,,,01_t_minisuka.PNG,,1008円,イッシュ地方,ほうじょうのやしろ,12,,
310,マキ,ミニスカート,5,ブラック・ホワイト,ミノムッチ,モンジャラ,メブキジカ,,,,01_t_minisuka.PNG,,1008円,イッシュ地方,ほうじょうのやしろ,12,,
311,アヤ,ミニスカート,5,ブラック・ホワイト,エルフーン,ドレディア,,,,,01_t_minisuka.PNG,,1040円,イッシュ地方,シッポウシティ,12,,
312,トモ,ミニスカート,5,ブラック・ホワイト,リーシャン,ミノマダム,,,,,01_t_minisuka.PNG,,1024円,イッシュ地方,ロイヤルイッシュごう,12,,
313,リカ,ミニスカート,5,ブラック・ホワイト,ムウマ,パチリス,エネコロロ,,,,01_t_minisuka.PNG,,1008円,イッシュ地方,ビッグスタジアム、リトルコート,12,,
314,キミコ,ミニスカート,5b,ブラック2・ホワイト2,チョロネコ,,,,,,01_t_minisuka.PNG,,64円,イッシュ地方,20ばんどうろ,13,,
315,ヒロミ,ミニスカート,5b,ブラック2・ホワイト2,チョロネコ,クルミル,,,,,01_t_minisuka.PNG,,96円,イッシュ地方,サンギぼくじょう,13,,
316,マリコ,ミニスカート,5b,ブラック2・ホワイト2,ヨーテリー,ミネズミ,,,,,01_t_minisuka.PNG,,144円,イッシュ地方,ヒオウギジム,13,,
317,タカコ,ミニスカート,5b,ブラック2・ホワイト2,コロモリ,,,,,,01_t_minisuka.PNG,,208円,イッシュ地方,タチワキコンビナート,13,,
318,ハツハル,ミニスカート,5b,ブラック2・ホワイト2,レパルダス,,,,,,01_t_minisuka.PNG,,384円,イッシュ地方,ライモンシティ,13,,
319,ミサト,ミニスカート,5b,ブラック2・ホワイト2,コアルヒー,ケンホロウ,コアルヒー,,,,01_t_minisuka.PNG,,528円,イッシュ地方,7ばんどうろ,13,,
320,チセ,ミニスカート,5b,ブラック2・ホワイト2,シキジカ,ザングース,,,,,01_t_minisuka.PNG,,624円,イッシュ地方,ほうじょうのやしろ,13,,
321,マイ,ミニスカート,5b,ブラック2・ホワイト2,チョボマキ,マグマッグ,トリトドン,,,,01_t_minisuka.PNG,,960円,イッシュ地方,8ばんどうろ,13,,
322,ヒヨリ,ミニスカート,5b,ブラック2・ホワイト2,ニドラン♀,ニドラン♂,ニドクイン,,,,01_t_minisuka.PNG,,960円,イッシュ地方,ヤグルマのもり,13,,
323,チエ,ミニスカート,5b,ブラック2・ホワイト2,ロコン,ブースター,,,,,01_t_minisuka.PNG,,992円,イッシュ地方,3ばんどうろ,13,,
324,ヒサコ,ミニスカート,5b,ブラック2・ホワイト2,バタフリー,アゲハント,イルミーゼ,ミノマダム,ハハコモリ,,01_t_minisuka.PNG,,976円,イッシュ地方,2ばんどうろ,13,,
325,マリ,ミニスカート,5b,ブラック2・ホワイト2,ポッポ,ホーホー,スバメ,ムックル,ケンホロウ,,01_t_minisuka.PNG,,976円,イッシュ地方,2ばんどうろ,13,,
326,ハツネ,ミニスカート,5b,ブラック2・ホワイト2,ドリュウズ,カバルドン,ムーランド,サンドパン,,,01_t_minisuka.PNG,,1040円、1008円,イッシュ地方,カラクサタウン,13,,
327,リカ,ミニスカート,5b,ブラック2・ホワイト2,ムウマ,パチリス,エネコロロ,,,,01_t_minisuka.PNG,,960円,イッシュ地方,ビッグスタジアム、リトルコート,13,,
328,リカ,ミニスカート,6,X・Y,ピカチュウ,,,,,,04_minisuka.PNG,,120円,カロス地方,ハクダンのもり,14,,
329,ミキ,ミニスカート,6,X・Y,ビードル,ホルビー,,,,,04_minisuka.PNG,,96円,カロス地方,ハクダンのもり,14,,
330,ユリ,ミニスカート,6,X・Y,トサキント,マリル,,,,,04_minisuka.PNG,,144円,カロス地方,22ばんどうろ,14,,
331,エマ,ミニスカート,6,X・Y,フラベベ,,,,,,04_minisuka.PNG,,192円,カロス地方,22ばんどうろ,14,,
332,ミク,ミニスカート,6,X・Y,コクーン,ミツハニー,,,,,04_minisuka.PNG,,216円,カロス地方,ハクダンジム,14,,
333,サラ,ミニスカート,6,X・Y,グランブル,デデンネ,,,,,04_minisuka.PNG,,1152円,カロス地方,18ばんどうろ,14,,
334,ユイ,ミニスカート,7,サン・ムーン,キャタピー,,,,,,FRLG_minisuka.PNG,,72円,アローラ地方,1ばんどうろ,16,,
335,ミホ,ミニスカート,7,サン・ムーン,キャモメ,,,,,,FRLG_minisuka.PNG,,144円,アローラ地方,1ばんどうろ,16,,
336,ユカ,ミニスカート,7,サン・ムーン,ムウマ,,,,,,FRLG_minisuka.PNG,,216円,アローラ地方,2ばんどうろ,16,,
337,ソクラ,ミニスカート,7,サン・ムーン,チュリネ（ドレディア）,,,,,,FRLG_minisuka.PNG,,312円、1320円,アローラ地方,バトルバイキング,16,,
338,リカ,ミニスカート,7,サン・ムーン,ポッポ,ニドラン♀,,,,,FRLG_minisuka.PNG,,672円,アローラ地方,マリエていえん,16,,
339,ユキ,ミニスカート,7,サン・ムーン,ポッポ,ニドラン♀,,,,,FRLG_minisuka.PNG,,672円,アローラ地方,マリエていえん,16,,
340,リノ,ミニスカート,7,サン・ムーン,ニューラ,ネッコアラ,,,,,FRLG_minisuka.PNG,,816円,アローラ地方,ウラウラのはなぞの,16,,
341,エリー,ミニスカート,7,サン・ムーン,ツツケラ,イワンコ,,,,,FRLG_minisuka.PNG,,864円,アローラ地方,特別体験版,16,,
342,リサ,ミニスカート,7b,ウルトラサン・ウルトラムーン,シズクモ,,,,,,FRLG_minisuka.PNG,,672円,アローラ地方,マリエていえん,17,,
343,ミク,ミニスカート,pv,Let's go!ピカチュウ・Let's go!イーブイ,ニドラン♀,,,,,,01_t_minisuka.PNG,,80円とモンスターボール3個,カントー地方,トキワのもり,18,,
344,マコ,ミニスカート,pv,Let's go!ピカチュウ・Let's go!イーブイ,コラッタ,,,,,,01_t_minisuka.PNG,,80円とモンスターボール3個,カントー地方,トキワのもり,18,,
345,シノブ,ミニスカート,pv,Let's go!ピカチュウ・Let's go!イーブイ,ポッポ,,,,,,01_t_minisuka.PNG,,80円とモンスターボール3個,カントー地方,トキワのもり,18,,
346,エリ,ミニスカート,pv,Let's go!ピカチュウ・Let's go!イーブイ,ナゾノクサ,,,,,,01_t_minisuka.PNG,,120円とモンスターボール3個,カントー地方,3ばんどうろ,18,,
347,ナホ,ミニスカート,pv,Let's go!ピカチュウ・Let's go!イーブイ,マダツボミ,,,,,,01_t_minisuka.PNG,,160円とモンスターボール3個,カントー地方,おつきみやま,18,,
348,ルリ,ミニスカート,pv,Let's go!ピカチュウ・Let's go!イーブイ,ピッピ,,,,,,01_t_minisuka.PNG,,160円とモンスターボール3個,カントー地方,おつきみやま,18,,
349,サヤ,ミニスカート,pv,Let's go!ピカチュウ・Let's go!イーブイ,コダック,,,,,,01_t_minisuka.PNG,,200円とモンスターボール3個,カントー地方,24ばんどうろ,18,,
350,アミ,ミニスカート,pv,Let's go!ピカチュウ・Let's go!イーブイ,ニャース,,,,,,01_t_minisuka.PNG,,200円とモンスターボール3個,カントー地方,24ばんどうろ,18,,
351,エリコ,ミニスカート,pv,Let's go!ピカチュウ・Let's go!イーブイ,ナゾノクサ,ポッポ,,,,,01_t_minisuka.PNG,,240円とモンスターボール3個,カントー地方,25ばんどうろ,18,,
352,トモエ,ミニスカート,pv,Let's go!ピカチュウ・Let's go!イーブイ,プリン,ニドリーナ,,,,,01_t_minisuka.PNG,,320円とモンスターボール3個,カントー地方,11ばんどうろ,18,,
353,ミキ,ミニスカート,pv,Let's go!ピカチュウ・Let's go!イーブイ,ニャース,ニャース,ニャース,,,,01_t_minisuka.PNG,,500円とモンスターボール3個,カントー地方,8ばんどうろ,18,,
354,マミ,ミニスカート,pv,Let's go!ピカチュウ・Let's go!イーブイ,ピカチュウ,,,,,,01_t_minisuka.PNG,,500円とモンスターボール3個,カントー地方,8ばんどうろ,18,,
355,アコ,ミニスカート,pv,Let's go!ピカチュウ・Let's go!イーブイ,ナゾノクサ,,,,,,01_t_minisuka.PNG,,560円,カントー地方,タマムシジム,18,,
356,ミサコ,ミニスカート,pv,Let's go!ピカチュウ・Let's go!イーブイ,マダツボミ,マダツボミ,マダツボミ,,,,01_t_minisuka.PNG,,560円,カントー地方,タマムシジム,18,,
357,ユウキ,ミニスカート,pv,Let's go!ピカチュウ・Let's go!イーブイ,ブースター,,,,,,01_t_minisuka.PNG,,720円とモンスターボール3個,カントー地方,17ばんどうろ,18,,
358,リオ,ミニスカート,pv,Let's go!ピカチュウ・Let's go!イーブイ,フシギダネ,,,,,,01_t_minisuka.PNG,,,カントー地方,4ばんどうろ,18,,
359,ヤスコ,ミニスカート,pv,Let's go!ピカチュウ・Let's go!イーブイ,フシギソウ,,,,,,01_t_minisuka.PNG,,,カントー地方,14ばんどうろ,18,,
360,リンカ,ミニスカート,pv,Let's go!ピカチュウ・Let's go!イーブイ,フシギバナ,,,,,,01_t_minisuka.PNG,,,カントー地方,23ばんどうろ,18,,
361,イクエ,ミニスカート,pv,Let's go!ピカチュウ・Let's go!イーブイ,ピカチュウ,,,,,,01_t_minisuka.PNG,,,カントー地方,トキワのもり,18,,
362,マイコ,ミニスカート,pv,Let's go!ピカチュウ・Let's go!イーブイ,ライチュウ,,,,,,01_t_minisuka.PNG,,,カントー地方,ポケモンタワー,18,,
363,マユキ,ミニスカート,pv,Let's go!ピカチュウ・Let's go!イーブイ,ピッピ,,,,,,01_t_minisuka.PNG,,,カントー地方,ヤマブキシティ,18,,
364,トモミ,ミニスカート,pv,Let's go!ピカチュウ・Let's go!イーブイ,ピクシー,,,,,,01_t_minisuka.PNG,,,カントー地方,おつきみやま,18,,
365,ミカ,ミニスカート,pv,Let's go!ピカチュウ・Let's go!イーブイ,プリン,,,,,,01_t_minisuka.PNG,,,カントー地方,ニビシティ,18,,
366,ユウミ,ミニスカート,pv,Let's go!ピカチュウ・Let's go!イーブイ,プクリン,,,,,,01_t_minisuka.PNG,,,カントー地方,シルフカンパニー,18,,
367,マユカ,ミニスカート,pv,Let's go!ピカチュウ・Let's go!イーブイ,ナゾノクサ,,,,,,01_t_minisuka.PNG,,,カントー地方,トキワシティ,18,,
368,サキコ,ミニスカート,pv,Let's go!ピカチュウ・Let's go!イーブイ,クサイハナ,,,,,,01_t_minisuka.PNG,,,カントー地方,ニビシティ,18,,
369,ショウコ,ミニスカート,pv,Let's go!ピカチュウ・Let's go!イーブイ,ラフレシア,,,,,,01_t_minisuka.PNG,,,カントー地方,14ばんどうろ,18,,
370,ユイ,ミニスカート,pv,Let's go!ピカチュウ・Let's go!イーブイ,ニョロモ,,,,,,01_t_minisuka.PNG,,,カントー地方,12ばんどうろ,18,,
371,マユミ,ミニスカート,pv,Let's go!ピカチュウ・Let's go!イーブイ,ニョロゾ,,,,,,01_t_minisuka.PNG,,,カントー地方,ハナダシティ,18,,
372,リナ,ミニスカート,pv,Let's go!ピカチュウ・Let's go!イーブイ,マダツボミ,,,,,,01_t_minisuka.PNG,,,カントー地方,トキワシティ,18,,
373,ノリコ,ミニスカート,pv,Let's go!ピカチュウ・Let's go!イーブイ,ウツドン,,,,,,01_t_minisuka.PNG,,,カントー地方,ポケモンタワー,18,,
374,マナオ,ミニスカート,pv,Let's go!ピカチュウ・Let's go!イーブイ,ウツボット,,,,,,01_t_minisuka.PNG,,,カントー地方,タマムシシティ,18,,
375,レナ,ミニスカート,pv,Let's go!ピカチュウ・Let's go!イーブイ,タマタマ,,,,,,01_t_minisuka.PNG,,,カントー地方,24ばんどうろ,18,,
376,ヨシミ,ミニスカート,pv,Let's go!ピカチュウ・Let's go!イーブイ,ナッシー,,,,,,01_t_minisuka.PNG,,,カントー地方,グレンタウン,18,,
377,ミヅキ,ミニスカート,pv,Let's go!ピカチュウ・Let's go!イーブイ,ラッキー,,,,,,01_t_minisuka.PNG,,,カントー地方,セキチクシティ,18,,
378,リカ,ミニスカート,pv,Let's go!ピカチュウ・Let's go!イーブイ,モンジャラ,,,,,,01_t_minisuka.PNG,,,カントー地方,15ばんどうろ,18,,
379,アヤナ,ミニスカート,pv,Let's go!ピカチュウ・Let's go!イーブイ,ラプラス,,,,,,01_t_minisuka.PNG,,,カントー地方,ポケモンタワー,18,,
380,アオイ,ミニスカート,pv,Let's go!ピカチュウ・Let's go!イーブイ,イーブイ,,,,,,01_t_minisuka.PNG,,,カントー地方,17ばんどうろ,18,,
381,ユウ,ミニスカート,pv,Let's go!ピカチュウ・Let's go!イーブイ,シャワーズ,,,,,,01_t_minisuka.PNG,,,カントー地方,タマムシデパート,18,,
382,リコ,ミニスカート,8,ソード・シールド,カムカメ,,,,,,FRLG_minisuka.PNG,,504円,ガラル地方,2ばんどうろ,19,,
383,ミチル,ミニスカート,8,ソード・シールド,ロコン,,,,,,FRLG_minisuka.PNG,,1008円,ガラル地方,3ばんどうろ,19,,
384,アケミ,おとなのおねえさん,2,金・銀,オタチ,オタチ,オタチ,,,,02_onesan.PNG,,1496円,ジョウト地方,コガネジム,4,,
385,ナオコ,おとなのおねえさん,2,金・銀,ニャース,ニャース,,,,,02_onesan.PNG,,1408円,ジョウト地方,コガネジム,4,,
386,ユリカ,おとなのおねえさん,2,金・銀,ハネッコ,ポポッコ,,,,,02_onesan.PNG,,1496円,ジョウト地方,38ばんどうろ,4,,
387,ミスズ,おとなのおねえさん,2,金・銀,サニーゴ,,,,,,02_onesan.PNG,,1672円,ジョウト地方,38ばんどうろ,4,,
388,アヤコ,おとなのおねえさん,2,金・銀,ラフレシア,バタフリー,,,,,02_onesan.PNG,,2992円,ジョウト地方,アクアごう,4,,
389,ナツキ,おとなのおねえさん,2,金・銀,パラス,タマタマ,パラセクト,,,,02_onesan.PNG,,3080円,ジョウト地方,タマムシジム,4,,
390,ユズカ,おとなのおねえさん,2c,ハートゴールド・ソウルシルバー,ピクシー,プクリン,,,,,HGSS_onesan.PNG,,896円,ジョウト地方,37ばんどうろ,11,,
391,レイコ,おとなのおねえさん,2c,ハートゴールド・ソウルシルバー,プクリン,ピクシー,,,,,HGSS_onesan.PNG,,896円,ジョウト地方,37ばんどうろ,11,,
392,ルーシィ,おとなのおねえさん,2c,ハートゴールド・ソウルシルバー,キレイハナ,,,,,,HGSS_onesan.PNG,,896円,ジョウト地方,アサギシティ,11,,
393,レイコ,おとなのおねえさん,1c,ファイアレッド・リーフグリーン,マダツボミ,マダツボミ,,,,,FRLG_onesan.PNG,,1728円,カントー地方,タマムシジム,7,,
394,セイコ,おとなのおねえさん,1c,ファイアレッド・リーフグリーン,ナゾノクサ,マダツボミ,ナゾノクサ,マダツボミ,,,FRLG_onesan.PNG,,1512円,カントー地方,タマムシジム,7,,
395,ヒトミ,おとなのおねえさん,1c,ファイアレッド・リーフグリーン,タマタマ,,,,,,FRLG_onesan.PNG,,1728円,カントー地方,タマムシジム,7,,
396,クニミ,おとなのおねえさん,1c,ファイアレッド・リーフグリーン,ピッピ,ニャース（ペルシアン）,,,,,FRLG_onesan.PNG,,2088円、3528円,カントー地方,13ばんどうろ,7,,
397,アユミ,おとなのおねえさん,1c,ファイアレッド・リーフグリーン,コラッタ,ピカチュウ,コラッタ,,,,FRLG_onesan.PNG,,1944円,カントー地方,13ばんどうろ,7,,
398,ナオコ,おとなのおねえさん,1c,ファイアレッド・リーフグリーン,フシギダネ,フシギソウ,,,,,FRLG_onesan.PNG,,2088円,カントー地方,15ばんどうろ,7,,
399,アキエ,おとなのおねえさん,1c,ファイアレッド・リーフグリーン,ピジョン（ピジョット）,プクリン,,,,,FRLG_onesan.PNG,,2088円、3528円,カントー地方,15ばんどうろ,7,,
400,ヒカリ,おとなのおねえさん,1c,ファイアレッド・リーフグリーン,ピチュー,メリープ,ププリン,ピィ,ニドラン♀,ニドラン♂,FRLG_onesan.PNG,,,カントー地方,トレーナーヒル,7,,
401,アツコ,おとなのおねえさん,3,ルビー・サファイア,トサキント,,,,,,03_onesan.PNG,,1040円,ホウエン地方,うみのいえ,6,,
402,アサミ,おとなのおねえさん,3,ルビー・サファイア,ドンメル,,,,,,03_onesan.PNG,,1760円,ホウエン地方,えんとつやま,6,,
403,クニミ,おとなのおねえさん,3,ルビー・サファイア,キノココ,,,,,,03_onesan.PNG,,1760円,ホウエン地方,えんとつやま,6,,
404,メグミ,おとなのおねえさん,3,ルビー・サファイア,マリル,,,,,,03_onesan.PNG,,1760円,ホウエン地方,えんとつやま,6,,
405,ヨリコ,おとなのおねえさん,3,ルビー・サファイア,カクレオン,ハブネーク,,,,,03_onesan.PNG,,2400円、2640円、2880円、3120円、3360円,ホウエン地方,121ばんどうろ,6,,
406,マユコ,おとなのおねえさん,3,ルビー・サファイア,トサキント,ホエルコ,,,,,03_onesan.PNG,,3200円,ホウエン地方,ルネジム,6,,
407,セイコ,おとなのおねえさん,3,ルビー・サファイア,マリルリ,,,,,,03_onesan.PNG,,3280円,ホウエン地方,ルネジム,6,,
408,ハルコ,おとなのおねえさん,3,ルビー・サファイア,キバンイア,ホエルコ,サメハダー,,,,03_onesan.PNG,,3120円,ホウエン地方,ルネジム,6,,
409,ナオコ,おとなのおねえさん,3,ルビー・サファイア,ハスブレロ,,,,,,03_onesan.PNG,,3280円,ホウエン地方,ルネジム,6,,
410,セイラ,おとなのおねえさん,3,ルビー・サファイア,チルタリス,スターミー,レジアイス,,,,03_onesan.PNG,,,ホウエン地方,トクサネシティ,6,,
411,リエ,おとなのおねえさん,3,ルビー・サファイア,ポワルン,ドガース,チリーン,,,,03_onesan.PNG,,,ホウエン地方,トクサネシティ,6,,
412,ユカ,おとなのおねえさん,3,ルビー・サファイア,ヤミラミ,ブーピッグ,パールル,,,,03_onesan.PNG,,,ホウエン地方,トクサネシティ,6,,
413,ショウ,おとなのおねえさん,3b,エメラルド,ホエルコ（ホエルオー）,タッツー（シードラ、キングドラ）,ラブカス,,,,03_onesan.PNG,,2000円、2720円、2880円、3040円、3200円,ホウエン地方,すてられぶね,8,,
414,カズサ,おとなのおねえさん,3b,エメラルド,キュウコン,ゴルダック,フーディン,マタドガス,ランターン,ジュカイン他,03_onesan.PNG,,,ホウエン地方,バトルタワー,8,,
415,ナミコ,おとなのおねえさん,3b,エメラルド,タマザラシ,バネブー,ポチエナ,,,,03_onesan.PNG,,,ホウエン地方,トレーナーヒル,8,,
416,マイコ,おとなのおねえさん,3b,エメラルド,ハクリュー,ラフレシア,オコリザル,ノクタス,パッチール,サボネア,03_onesan.PNG,,,ホウエン地方,トレーナーヒル,8,,
417,ツキカ,おとなのおねえさん,3b,エメラルド,ソルロック,エーフィ,バタフリー,ルナトーン,ブラッキー,モルフォン,03_onesan.PNG,,,ホウエン地方,トレーナーヒル,8,,
418,ヨウコ,おとなのおねえさん,4,ダイヤモンド・パール,ロゼリア,,,,,,04_onesan.PNG,,952円,シンオウ地方,ハクタイジム,9,,
419,サオリ,おとなのおねえさん,4,ダイヤモンド・パール,ケイコウオ,,,,,,04_onesan.PNG,,1288円,シンオウ地方,レストランななつぼし,9,,
420,ルゥ,おとなのおねえさん,4,ダイヤモンド・パール,コダック,,,,,,04_onesan.PNG,,1288円,シンオウ地方,レストランななつぼし,9,,
421,ルミコ,おとなのおねえさん,4,ダイヤモンド・パール,ニャルマー（ブニャット）,,,,,,04_onesan.PNG,,1288円、2240円、3360円,シンオウ地方,213ばんどうろ,9,,
422,アケミ,おとなのおねえさん,4,ダイヤモンド・パール,ミノマダム,,,,,,04_onesan.PNG,,1400円,シンオウ地方,214ばんどうろ,9,,
423,ノリカ,おとなのおねえさん,4,ダイヤモンド・パール,ミミロップ,,,,,,04_onesan.PNG,,2408円,シンオウ地方,222ばんどうろ,9,,
424,マフユ,おとなのおねえさん,5b,ブラック2・ホワイト2,モココ,,,,,,05_onesan.PNG,,1344円,イッシュ地方,ライモンシティ,13,,
425,テスラ,おとなのおねえさん,5b,ブラック2・ホワイト2,エレキッド,モココ,,,,,05_onesan.PNG,,1512円,イッシュ地方,ライモンジム,13,,
426,フルミー,おとなのおねえさん,5b,ブラック2・ホワイト2,モココ,シママ,,,,,05_onesan.PNG,,1512円,イッシュ地方,ライモンジム,13,,
427,アンペール,おとなのおねえさん,5b,ブラック2・ホワイト2,シママ,エレキッド,,,,,05_onesan.PNG,,1512円,イッシュ地方,ライモンジム,13,,
428,ブリジット,おとなのおねえさん,6,X・Y,ニャスパー,バタフリー,,,,,06_onesan.PNG,,960円,カロス地方,6ばんどうろ,14,,
429,カルーセル,おとなのおねえさん,6,X・Y,シードラ,,,,,,06_onesan.PNG,,680円,カロス地方,ミアレシティ路地裏,14,,
430,ドゥ,おとなのおねえさん,6,X・Y,ヒノヤコマ,,,,,,06_onesan.PNG,,680円,カロス地方,ミアレシティ路地裏,14,,
431,トロワ,おとなのおねえさん,6,X・Y,ロゼリア,,,,,,06_onesan.PNG,,680円,カロス地方,ミアレシティ路地裏,14,,
432,カナミ,おとなのおねえさん,7,サン・ムーン,ゴース,,,,,,07_onesan.PNG,,288円,アローラ地方,2ばんどうろ,16,,
433,レイコ,おとなのおねえさん,7,サン・ムーン,カラカラ,,,,,,07_onesan.PNG,,544円,アローラ地方,6ばんどうろ,16,,
434,アキナ,おとなのおねえさん,7,サン・ムーン,アママイコ,,,,,,07_onesan.PNG,,864円,アローラ地方,10ばんどうろ,16,,
435,ネーブル,おとなのおねえさん,7,サン・ムーン,アブリー（アブリボン）,,,,,,07_onesan.PNG,,416円、1760円,アローラ地方,バトルバイキング,16,,
436,ボタン,おとなのおねえさん,pv,Let's go!ピカチュウ・Let's go!イーブイ,トサキント,,,,,,pv_onesan.PNG,,320円,カントー地方,ハナダジム,18,,
437,アヤメ,おとなのおねえさん,pv,Let's go!ピカチュウ・Let's go!イーブイ,シェルダー,,,,,,pv_onesan.PNG,,320円,カントー地方,ハナダジム,18,,
438,サクラ,おとなのおねえさん,pv,Let's go!ピカチュウ・Let's go!イーブイ,パウワウ,,,,,,pv_onesan.PNG,,320円,カントー地方,ハナダジム,18,,
439,ナナ,おとなのおねえさん,pv,Let's go!ピカチュウ・Let's go!イーブイ,ポッポ,ピカチュウ,,,,,04_onesan.PNG,,1020円とモンスターボール3個,カントー地方,サント・アンヌごう,18,,
440,モモカ,おとなのおねえさん,pv,Let's go!ピカチュウ・Let's go!イーブイ,ピッピ,,,,,,04_onesan.PNG,,1560円とモンスターボール3個,カントー地方,8ばんどうろ,18,,
441,マイ,おとなのおねえさん,pv,Let's go!ピカチュウ・Let's go!イーブイ,タマタマ,,,,,,04_onesan.PNG,,1740円,カントー地方,タマムシジム,18,,
442,レイコ,おとなのおねえさん,pv,Let's go!ピカチュウ・Let's go!イーブイ,マダツボミ,ウツドン,,,,,04_onesan.PNG,,1740円,カントー地方,タマムシジム,18,,
443,ヒトミ,おとなのおねえさん,pv,Let's go!ピカチュウ・Let's go!イーブイ,クサイハナ,,,,,,04_onesan.PNG,,1740円,カントー地方,タマムシジム,18,,
444,サユミ,おとなのおねえさん,pv,Let's go!ピカチュウ・Let's go!イーブイ,ラッキー,,,,,,04_onesan.PNG,,2220円とモンスターボール3個,カントー地方,13ばんどうろ,18,,
445,クニミ,おとなのおねえさん,pv,Let's go!ピカチュウ・Let's go!イーブイ,イーブイ,ペルシアン,,,,,04_onesan.PNG,,2220円とモンスターボール3個,カントー地方,13ばんどうろ,18,,
446,ナオコ,おとなのおねえさん,pv,Let's go!ピカチュウ・Let's go!イーブイ,ガーディ,ガーディ,ガーディ,,,,04_onesan.PNG,,2220円とモンスターボール3個,カントー地方,15ばんどうろ,18,,
447,ヨウコ,おとなのおねえさん,pv,Let's go!ピカチュウ・Let's go!イーブイ,サンダース,,,,,,04_onesan.PNG,,2220円とモンスターボール3個,カントー地方,17ばんどうろ,18,,
448,テイコ,おとなのおねえさん,pv,Let's go!ピカチュウ・Let's go!イーブイ,ウツドン,,,,,,04_onesan.PNG,,2220円とモンスターボール3個,カントー地方,17ばんどうろ,18,,
449,エツコ,おとなのおねえさん,pv,Let's go!ピカチュウ・Let's go!イーブイ,ゴルダック,パルシェン,,,,,pv_onesan.PNG,,820円とモンスターボール3個,カントー地方,19ばんすいどう,18,,
450,マユコ,おとなのおねえさん,pv,Let's go!ピカチュウ・Let's go!イーブイ,シャワーズ,,,,,,pv_onesan.PNG,,820円とモンスターボール3個,カントー地方,19ばんすいどう,18,,
451,ナオミ,おとなのおねえさん,pv,Let's go!ピカチュウ・Let's go!イーブイ,パウワウ,アズマオウ,,,,,pv_onesan.PNG,,820円とモンスターボール3個,カントー地方,19ばんすいどう,18,,
452,アサミ,おとなのおねえさん,pv,Let's go!ピカチュウ・Let's go!イーブイ,カメール,スターミー,,,,,pv_onesan.PNG,,820円とモンスターボール3個,カントー地方,20ばんすいどう,18,,
453,ナツミ,おとなのおねえさん,pv,Let's go!ピカチュウ・Let's go!イーブイ,ヤドラン,,,,,,pv_onesan.PNG,,860円とモンスターボール3個,カントー地方,20ばんすいどう,18,,
454,リリカ,おとなのおねえさん,pv,Let's go!ピカチュウ・Let's go!イーブイ,パルシェン,,,,,,pv_onesan.PNG,,820円とモンスターボール3個,カントー地方,20ばんすいどう,18,,
455,メグミ,おとなのおねえさん,pv,Let's go!ピカチュウ・Let's go!イーブイ,アズマオウ,ルージュラ,,,,,pv_onesan.PNG,,860円とモンスターボール3個,カントー地方,20ばんすいどう,18,,
456,リカコ,おとなのおねえさん,pv,Let's go!ピカチュウ・Let's go!イーブイ,ゼニガメ,,,,,,pv_onesan.PNG,,,カントー地方,12ばんどうろ,18,,
457,ミナミ,おとなのおねえさん,pv,Let's go!ピカチュウ・Let's go!イーブイ,カメール,,,,,,pv_onesan.PNG,,,カントー地方,20ばんすいどう,18,,
458,ハルナ,おとなのおねえさん,pv,Let's go!ピカチュウ・Let's go!イーブイ,カメックス,,,,,,pv_onesan.PNG,,,カントー地方,20ばんすいどう,18,,
459,ニコル,おとなのおねえさん,pv,Let's go!ピカチュウ・Let's go!イーブイ,コダック,,,,,,pv_onesan.PNG,,,カントー地方,21ばんすいどう,18,,
460,ヒロミ,おとなのおねえさん,pv,Let's go!ピカチュウ・Let's go!イーブイ,ゴルダック,,,,,,pv_onesan.PNG,,,カントー地方,4ばんどうろ,18,,
461,フミコ,おとなのおねえさん,pv,Let's go!ピカチュウ・Let's go!イーブイ,ヤドン,,,,,,pv_onesan.PNG,,,カントー地方,21ばんすいどう,18,,
462,ハルカ,おとなのおねえさん,pv,Let's go!ピカチュウ・Let's go!イーブイ,ヤドラン,,,,,,pv_onesan.PNG,,,カントー地方,21ばんすいどう,18,,
463,ユキ,おとなのおねえさん,pv,Let's go!ピカチュウ・Let's go!イーブイ,パウワウ,,,,,,pv_onesan.PNG,,,カントー地方,ふたごじま,18,,
464,レイナ,おとなのおねえさん,pv,Let's go!ピカチュウ・Let's go!イーブイ,ジュゴン,,,,,,pv_onesan.PNG,,,カントー地方,ふたごじま,18,,
465,マリコ,おとなのおねえさん,pv,Let's go!ピカチュウ・Let's go!イーブイ,シェルダー,,,,,,pv_onesan.PNG,,,カントー地方,19ばんすいどう,18,,
466,ミレイ,おとなのおねえさん,pv,Let's go!ピカチュウ・Let's go!イーブイ,パルシェン,,,,,,pv_onesan.PNG,,,カントー地方,20ばんすいどう,18,,
467,カオリ,おとなのおねえさん,pv,Let's go!ピカチュウ・Let's go!イーブイ,タッツー,,,,,,pv_onesan.PNG,,,カントー地方,19ばんすいどう,18,,
468,ケイ,おとなのおねえさん,pv,Let's go!ピカチュウ・Let's go!イーブイ,シードラ,,,,,,pv_onesan.PNG,,,カントー地方,12ばんどうろ,18,,
469,マリヤ,おとなのおねえさん,pv,Let's go!ピカチュウ・Let's go!イーブイ,トサキント,,,,,,pv_onesan.PNG,,,カントー地方,12ばんどうろ,18,,
470,アスカ,おとなのおねえさん,pv,Let's go!ピカチュウ・Let's go!イーブイ,アズマオウ,,,,,,pv_onesan.PNG,,,カントー地方,13ばんどうろ,18,,
471,マリエ,おとなのおねえさん,pv,Let's go!ピカチュウ・Let's go!イーブイ,ヒトデマン,,,,,,pv_onesan.PNG,,,カントー地方,19ばんすいどう,18,,
472,マミ,おとなのおねえさん,8,ソード・シールド,ピッピ,ピクシー,,,,,08_onesan.PNG,,2880円,ガラル地方,6ばんどうろ,19,,
473,マイク,ジプシージャグラー,2,金・銀,ビリリダマ,ビリリダマ,ビリリダマ,ビリリダマ（マルマイン）,,,02_juggler.PNG,,560円、720円、1200円,ジョウト地方,35ばんどうろ,4,,
474,ジョニー,ジプシージャグラー,2,金・銀,バリヤード,ゴーリキー,ブーバー,,,,02_juggler.PNG,,1160円,ジョウト地方,アクアごう,4,,
475,ジョナサン,ジプシージャグラー,2,金・銀,マルマイン,マルマイン,マルマイン,マルマイン,,,02_juggler.PNG,,1320円,ジョウト地方,クチバジム,4,,
476,テリー,ジャグラー,1c,ファイアレッド・リーフグリーン,ユンゲラー,バリヤード,,,,,02_juggler.PNG,,1160円,カントー地方,シルフカンパニー,7,,
477,トニー,ジャグラー,1c,ファイアレッド・リーフグリーン,スリープ,ユンゲラー,,,,,02_juggler.PNG,,1360円,カントー地方,セキチクジム,7,,
478,レン,ジャグラー,1c,ファイアレッド・リーフグリーン,スリーパー,,,,,,02_juggler.PNG,,1520円,カントー地方,セキチクジム,7,,
479,ジョージ,ジャグラー,1c,ファイアレッド・リーフグリーン,スリープ,スリープ,スリープ,ユンゲラー,,,02_juggler.PNG,,1240円,カントー地方,セキチクジム,7,,
480,マイク,ジャグラー,1c,ファイアレッド・リーフグリーン,スリープ,スリーパー,,,,,02_juggler.PNG,,1360円,カントー地方,セキチクジム,7,,
481,ナミオ,ジャグラー,1c,ファイアレッド・リーフグリーン,スリープ,スリーパー,ユンゲラー,ユンゲラー,,,02_juggler.PNG,,1640円,カントー地方,チャンピオンロード,7,,
482,コリン,ジャグラー,1c,ファイアレッド・リーフグリーン,バリヤード,,,,,,02_juggler.PNG,,1920円,カントー地方,チャンピオンロード,7,,
483,アキト,ジャグラー,1c,ファイアレッド・リーフグリーン,ビリリダマ,ビリリダマ,マルマイン,バリヤード,,,02_juggler.PNG,,1920円,カントー地方,みずのさんぽみち,7,,
484,トーマ,ジャグラー,1c,ファイアレッド・リーフグリーン,ビリリダマ（マルマイン）,ビリリダマ（マルマイン）,クヌギダマ,クヌギダマ,,,02_juggler.PNG,,1880円、2080円,カントー地方,けいこくいりぐち,7,,
485,マイケル,ジャグラー,1c,ファイアレッド・リーフグリーン,マルマイン,ビリリダマ,マタドガス,ゴローニャ,タマタマ,フォレトス,02_juggler.PNG,,,カントー地方,トレーナータワー,7,,
486,シュウイチ,じゅくがえり,2,金・銀,ナゾノクサ（クサイハナ、ラフレシア）,ビリリダマ（マルマイン）,ガーディ,,,,02_jukugaeri.PNG,,480円、544円、992円、1056円、1184円,ジョウト地方,しぜんこうえん,4,,
487,マナブ,じゅくがえり,2,金・銀,モンジャラ,ヤンヤンマ,ネイティ（ネイティオ）,ヌオー,,,02_jukugaeri.PNG,,320円、544円、800円、960円、1120円,ジョウト地方,36ばんどうろ,4,,
488,クリオ,じゅくがえり,2,金・銀,バリヤード,コイル（レアコイル）,,,,,02_jukugaeri.PNG,,608円、608円、992円、1088円、1216円,ジョウト地方,38ばんどうろ,4,,
489,マサユキ,じゅくがえり,2,金・銀,レディアン,ナッシー,,,,,02_jukugaeri.PNG,,1024円,ジョウト地方,アクアごう,4,,
490,アツシ,じゅくがえり,2,金・銀,エイパム,メタモン,,,,,02_jukugaeri.PNG,,1024円,ジョウト地方,アクアごう,4,,
491,ケンジ,じゅくがえり,2,金・銀,ナゾノクサ,,,,,,02_jukugaeri.PNG,,1120円,ジョウト地方,25ばんどうろ,4,,
492,シンスケ,じゅくがえり,2,金・銀,モンジャラ,シャワーズ,,,,,02_jukugaeri.PNG,,1056円,ジョウト地方,25ばんどうろ,4,,
493,キミヤス,じゅくがえり,2,金・銀,マダツボミ,ウツドン,ウツボット,,,,02_jukugaeri.PNG,,1056円,ジョウト地方,15ばんどうろ,4,,
494,キイチ,じゅくがえり,2,金・銀,パラス,パラス,ニョロゾ,メタモン,,,02_jukugaeri.PNG,,1120円,ジョウト地方,15ばんどうろ,4,,
495,カズヒデ,じゅくがえり,2,金・銀,ネイティオ,フーディン,,,,,02_jukugaeri.PNG,,1088円,ジョウト地方,15ばんどうろ,4,,
496,トモユキ,じゅくがえり,2,金・銀,ビリリダマ,ビリリダマ,レアコイル,コイル,,,02_jukugaeri.PNG,,992円,ジョウト地方,15ばんどうろ,4,,
497,ノリタカ,じゅくがえり,2,金・銀,ルージュラ,エレブー,ブーバー,,,,02_jukugaeri.PNG,,992円,ジョウト地方,1ばんどうろ,4,,
498,ヒデオ,じゅくがえり,3,ルビー・サファイア,ラルトス（キルリア）,アサナン（チャーレム）,ジュペッタ,,,,03_jukugaeri_m.PNG,,200円、520円、580円、640円、680円,ホウエン地方,116ばんどうろ,6,,
499,ハツネ,じゅくがえり,3,ルビー・サファイア,キノココ（キノガッサ）,ゴニョニョ（ドゴーム、バクオング）,,,,,03_jukugaeri_f.PNG,,180円、520円、580円、640円、700円,ホウエン地方,116ばんどうろ,6,,
500,ノブヒサ,じゅくがえり,3,ルビー・サファイア,ラルトス,,,,,,03_jukugaeri_m.PNG,,340円,ホウエン地方,カラクリやしき,6,,
501,カツトシ,じゅくがえり,3,ルビー・サファイア,ドンメル,ナゾノクサ,キャモメ,,,,03_jukugaeri_m.PNG,,300円,ホウエン地方,カラクリやしき,6,,
502,ミキエ,じゅくがえり,3,ルビー・サファイア,キノココ,アゲハント,,,,,03_jukugaeri_f.PNG,,320円,ホウエン地方,カラクリやしき,6,,
503,ユキコ,じゅくがえり,3,ルビー・サファイア,チルタリス,キノガッサ,ケッキング,,,,03_jukugaeri_f.PNG,,,ホウエン地方,トクサネシティ,6,,
504,トモヤス,じゅくがえり,3,ルビー・サファイア,キノガッサ,ライボルト,サマヨール,,,,03_jukugaeri_m.PNG,,,ホウエン地方,トクサネシティ,6,,
505,チサ,じゅくがえり,3,ルビー・サファイア,ルリリ,ソーナノ,ピチュー,,,,03_jukugaeri_f.PNG,,,ホウエン地方,トクサネシティ,6,,
506,ケイジ,じゅくがえり,3b,エメラルド,キュウコン,カイリキー,ツボツボ,グラエナ,マッスグマ,ライボルト他,03_jukugaeri_m.PNG,m,,ホウエン地方,バトルタワー,8,,
507,ヨウカ,じゅくがえり,3b,エメラルド,オニドリル,ライチュウ,プクリン,スターミー,キングドラ,ダーテング他,03_jukugaeri_f.PNG,f,,ホウエン地方,バトルタワー,8,,
508,メイコ,じゅくがえり,3b,エメラルド,エネコロロ,ロゼリア,アゲハント,,,,03_jukugaeri_f.PNG,,,ホウエン地方,トレーナーヒル,8,,
509,カエ,じゅくがえり,3b,エメラルド,サクラビス,ルンパッパ,ユレイドル,ハッサム,ヘラクロス,アーマルド,03_jukugaeri_f.PNG,,,ホウエン地方,トレーナーヒル,8,,
510,サキテル,じゅくがえり,3b,エメラルド,ピッピ,トゲチック,オオタチ,ピクシー,トゲピー,オタチ,03_jukugaeri_m.PNG,,,ホウエン地方,トレーナーヒル,8,,
511,トシノリ,じゅくがえり,3b,エメラルド,ジュプトル,コータス,ワニノコ,ピカチュウ,ヘイガニ,リザードン,03_jukugaeri_m.PNG,,,ホウエン地方,トレーナーヒル,8,,
512,ツナ,じゅくがえり,3c,オメガルビー・アルファサファイア,トサキント,,,,,,03_jukugaeri_f.PNG,,340円,ホウエン地方,キンセツキッチン,15,,
513,ミエコ,じゅくがえり,3c,オメガルビー・アルファサファイア,キノココ,アゲハント,,,,,03_jukugaeri_f.PNG,,256円,ホウエン地方,カラクリやしき,15,,
514,ベイコ,じゅくがえり,3c,オメガルビー・アルファサファイア,ナゾノクサ,,,,,,03_jukugaeri_f.PNG,,340円,ホウエン地方,キンセツキッチン,15,,
515,ナオト,じゅくがえり,4,ダイヤモンド・パール,ケーシィ,,,,,,04_jukugaeri_m.PNG,,120円,シンオウ地方,コトブキシティ,9,,
516,チサト,じゅくがえり,4,ダイヤモンド・パール,ケーシィ,,,,,,04_jukugaeri_f.PNG,,120円,シンオウ地方,コトブキシティ,9,,
517,ヨシノブ,じゅくがえり,4,ダイヤモンド・パール,ウパー,,,,,,04_jukugaeri_m.PNG,,460円,シンオウ地方,レストランななつぼし,9,,
518,ガクト,じゅくがえり,4,ダイヤモンド・パール,ゴースト,,,,,,04_jukugaeri_m.PNG,,600円,シンオウ地方,ヨスガジム,9,,
519,ユミカ,じゅくがえり,4,ダイヤモンド・パール,フワンテ,フワンテ,,,,,04_jukugaeri_f.PNG,,560円,シンオウ地方,ヨスガジム,9,,
520,ユリエ,じゅくがえり,4,ダイヤモンド・パール,パチリス,,,,,,04_jukugaeri_f.PNG,,880円,シンオウ地方,ナギサジム,9,,
521,トヨフミ,じゅくがえり,4,ダイヤモンド・パール,バリヤード,,,,,,04_jukugaeri_m.PNG,,880円,シンオウ地方,ナギサジム,9,,
522,ナオト,じゅくがえり,4b,プラチナ,ムックル,,,,,,04_jukugaeri_m.PNG,,120円,シンオウ地方,コトブキシティ,10,,
523,チサト,じゅくがえり,4b,プラチナ,ビッパ,,,,,,04_jukugaeri_f.PNG,,120円,シンオウ地方,コトブキシティ,10,,
524,ヨシノブ,じゅくがえり,4b,プラチナ,ヌオー,,,,,,04_jukugaeri_m.PNG,,520円,シンオウ地方,レストランななつぼし,10,,
525,ガクト,じゅくがえり,4b,プラチナ,ゴース,,,,,,04_jukugaeri_m.PNG,,460円,シンオウ地方,ヨスガジム,10,,
526,トヨフミ,じゅくがえり,4b,プラチナ,レアコイル,,,,,,04_jukugaeri_m.PNG,,940円,シンオウ地方,ナギサジム,10,,
527,タツトシ,じゅくがえり,2c,ハートゴールド・ソウルシルバー,ジグザグマ,,,,,,02_jukugaeri.PNG,,840円,ジョウト地方,14ばんどうろ,11,,
528,フミトシ,じゅくがえり,2c,ハートゴールド・ソウルシルバー,サンドパン,ゴルバット,ロコン,,,,02_jukugaeri.PNG,,780円、820円、960円、1040円,ジョウト地方,14ばんどうろ,11,,
529,タダツグ,じゅくがえり,2c,ハートゴールド・ソウルシルバー,スボミー,,,,,,02_jukugaeri.PNG,,840円,ジョウト地方,14ばんどうろ,11,,
530,マサクニ,じゅくがえり,2c,ハートゴールド・ソウルシルバー,オオタチ,ピジョット,,,,,02_jukugaeri.PNG,,1720円,ジョウト地方,1ばんどうろ,11,,
531,ノリタカ,じゅくがえり,2c,ハートゴールド・ソウルシルバー,ルージュラ,エレブー,ブーバー,,,,02_jukugaeri.PNG,,1720円,ジョウト地方,1ばんどうろ,11,,
532,アル,じゅくがえり,5,ブラック・ホワイト,シママ,,,,,,05_jukugaeri_m.PNG,,260円,イッシュ地方,3ばんどうろ,12,,
533,サワコ,じゅくがえり,5,ブラック・ホワイト,コロモリ,,,,,,05_jukugaeri_f.PNG,,260円,イッシュ地方,3ばんどうろ,12,,
534,ミズホ,じゅくがえり,5,ブラック・ホワイト,ミネズミ,チョロネコ,,,,,05_jukugaeri_f.PNG,,240円,イッシュ地方,3ばんどうろ,12,,
535,シュウヘイ,じゅくがえり,5,ブラック・ホワイト,マメパト,ダンゴロ,,,,,05_jukugaeri_m.PNG,,240円,イッシュ地方,3ばんどうろ,12,,
536,ヨシオ,じゅくがえり,5,ブラック・ホワイト,ミネズミ,,,,,,05_jukugaeri_m.PNG,,340円,イッシュ地方,シッポウジム,12,,
537,ノリコ,じゅくがえり,5,ブラック・ホワイト,ヨーテリー,ヨーテリー,ヨーテリー,,,,05_jukugaeri_f.PNG,,300円,イッシュ地方,シッポウジム,12,,
538,オサム,じゅくがえり,5,ブラック・ホワイト,ムンナ,,,,,,05_jukugaeri_m.PNG,,340円,イッシュ地方,ヤグルマのもり,12,,
539,ミリー,じゅくがえり,5,ブラック・ホワイト,マメパト,チョロネコ,,,,,05_jukugaeri_f.PNG,,320円,イッシュ地方,ヤグルマのもり,12,,
540,シュウサク,じゅくがえり,5,ブラック・ホワイト,ピジョット,,,,,,05_jukugaeri_m.PNG,,900円,イッシュ地方,ブラックシティ,12,,
541,トシノブ,じゅくがえり,5,ブラック・ホワイト,ドサイドン,,,,,,05_jukugaeri_m.PNG,,900円,イッシュ地方,ブラックシティ,12,,
542,ヒロコ,じゅくがえり,5,ブラック・ホワイト,アゲハント,ドクケイル,,,,,05_jukugaeri_f.PNG,,880円,イッシュ地方,ブラックシティ,12,,
543,ジェム,じゅくがえり,5,ブラック・ホワイト,ビードル,コクーン,スピアー,,,,05_jukugaeri_m.PNG,,1260円,イッシュ地方,12ばんどうろ,12,,
544,アン,じゅくがえり,5,ブラック・ホワイト,パラス,ミノマダム,,,,,05_jukugaeri_f.PNG,,1280円,イッシュ地方,12ばんどうろ,12,,
545,マリコ,じゅくがえり,5,ブラック・ホワイト,ズバット,ドードー,マグマッグ,ポチエナ,ラクライ,ノズパス,05_jukugaeri_f.PNG,,1200円,イッシュ地方,ビレッジブリッジ,12,,
546,シンジ,じゅくがえり,5,ブラック・ホワイト,ズルズキン,デスカーン,ランクルス,,,,05_jukugaeri_m.PNG,,1300円,イッシュ地方,ホワイトフォレスト,12,,
547,マナブ,じゅくがえり,5,ブラック・ホワイト,シードラ,サナギラス,ハクリュー,,,,05_jukugaeri_m.PNG,,1260円,イッシュ地方,ビッグスタジアム、リトルコート,12,,
548,コズエ,じゅくがえり,5,ブラック・ホワイト,ノコッチ,ラブカス,デリバード,,,,05_jukugaeri_f.PNG,,1260円,イッシュ地方,ビッグスタジアム、リトルコート,12,,
549,ケンサク,じゅくがえり,5b,ブラック2・ホワイト2,ヒヤップ,ヤナップ,バオップ,,,,05_jukugaeri_m.PNG,,180円,イッシュ地方,サンギタウン,13,,
550,サチ,じゅくがえり,5b,ブラック2・ホワイト2,バオップ,ヒヤップ,ヤナップ,,,,05_jukugaeri_f.PNG,,180円,イッシュ地方,サンギタウン,13,,
551,ノボル,じゅくがえり,5b,ブラック2・ホワイト2,イーブイ,ハーデリア,,,,,05_jukugaeri_m.PNG,m,340円,イッシュ地方,バトルカンパニー,13,,
552,マナミ,じゅくがえり,5b,ブラック2・ホワイト2,シキジカ,チョボマキ,,,,,05_jukugaeri_f.PNG,,540円,イッシュ地方,6ばんどうろ,13,,
553,アツシ,じゅくがえり,5b,ブラック2・ホワイト2,タマゲタケ,カブルモ,,,,,05_jukugaeri_m.PNG,,540円,イッシュ地方,6ばんどうろ,13,,
554,モモコ,じゅくがえり,5b,ブラック2・ホワイト2,ヒトモシ,,,,,,05_jukugaeri_f.PNG,,700円,イッシュ地方,タワーオブヘブン,13,,
555,ミリー,じゅくがえり,5b,ブラック2・ホワイト2,ナゾノクサ,モンジャラ,キレイハナ,,,,05_jukugaeri_f.PNG,,1200円,イッシュ地方,ヤグルマのもり,13,,
556,アズマ,じゅくがえり,5b,ブラック2・ホワイト2,コンパン,ヤンヤンマ,モルフォン,,,,05_jukugaeri_m.PNG,,1200円,イッシュ地方,ヤグルマのもり,13,,
557,サワコ,じゅくがえり,5b,ブラック2・ホワイト2,ポポッコ,ワタッコ,キレイハナ,,,,05_jukugaeri_f.PNG,,1220円,イッシュ地方,3ばんどうろ,13,,
558,シュウヘイ,じゅくがえり,5b,ブラック2・ホワイト2,ネイティ,ネイティオ,オニドリル,,,,05_jukugaeri_m.PNG,,1220円,イッシュ地方,3ばんどうろ,13,,
559,アキヒト,じゅくがえり,5b,ブラック2・ホワイト2,キノココ,モジャンボ,,,,,05_jukugaeri_m.PNG,,1260円,イッシュ地方,ゆめのあとち,13,,
560,ミノリ,じゅくがえり,5b,ブラック2・ホワイト2,ププリン,ベロベルト,,,,,05_jukugaeri_f.PNG,,1260円,イッシュ地方,ゆめのあとち,13,,
561,マナブ,じゅくがえり,5b,ブラック2・ホワイト2,シードラ,コモルー,ハクリュー,,,,05_jukugaeri_m.PNG,,1200円,イッシュ地方,ビッグスタジアム、リトルコート,13,,
562,コズエ,じゅくがえり,5b,ブラック2・ホワイト2,ラブカス,カモネギ,ベロリンガ,,,,05_jukugaeri_f.PNG,,1200円,イッシュ地方,ビッグスタジアム、リトルコート,13,,
563,ウサオ,たんぱんこぞう,3,ルビー・サファイア,,,,,,,02_tanpan.PNG,,,ホウエン地方,バトルタワー,6,,
564,ヨリト,とりつかい,3,ルビー・サファイア,,,,,,,,,,ホウエン地方,バトルタワー,6,,
565,ユカコ,おじょうさま,3,ルビー・サファイア,,,,,,,03_ojosama.PNG,,,ホウエン地方,バトルタワー,6,,
566,マヒロ,カラテおう,3,ルビー・サファイア,,,,,,,,,,ホウエン地方,バトルタワー,6,,
567,カスケ,ニンジャごっこ,3,ルビー・サファイア,,,,,,,,,,ホウエン地方,バトルタワー,6,,
568,アサエ,じゅくがえり,3,ルビー・サファイア,,,,,,,03_jukugaeri_f.PNG,f,,ホウエン地方,バトルタワー,6,,
569,センゴ,こんちゅうマニア,3,ルビー・サファイア,,,,,,,,,,ホウエン地方,バトルタワー,6,,
570,ミナト,つりびと,3,ルビー・サファイア,,,,,,,,,,ホウエン地方,バトルタワー,6,,
571,カヤ,うきわガール,3,ルビー・サファイア,,,,,,,,,,ホウエン地方,バトルタワー,6,,
572,ヌマエ,だいすきクラブ,3,ルビー・サファイア,,,,,,,02_daisukiclub_f.PNG,f,,ホウエン地方,バトルタワー,6,,
573,コリン,ジェントルマン,3,ルビー・サファイア,,,,,,,,,,ホウエン地方,バトルタワー,6,,
574,キミオ,キャンプボーイ,3,ルビー・サファイア,,,,,,,02_campboy.PNG,,,ホウエン地方,バトルタワー,6,,
575,ナリス,トライアスリート,3,ルビー・サファイア,,,,,,,#N/A,,,ホウエン地方,バトルタワー,6,,
576,タイガ,やまおとこ,3,ルビー・サファイア,,,,,,,,,,ホウエン地方,バトルタワー,6,,
577,アキホ,バトルガール,3,ルビー・サファイア,,,,,,,,,,ホウエン地方,バトルタワー,6,,
578,ナオジ,サイキッカー,3,ルビー・サファイア,,,,,,,02_psychic.PNG,m,,ホウエン地方,バトルタワー,6,,
579,ハイネ,ミニスカート,3,ルビー・サファイア,,,,,,,03_minisuka.PNG,,,ホウエン地方,バトルタワー,6,,
580,カイリ,ギタリスト,3,ルビー・サファイア,,,,,,,,,,ホウエン地方,バトルタワー,6,,
581,リマー,おぼっちゃま,3,ルビー・サファイア,,,,,,,03_obottyama.PNG,,,ホウエン地方,バトルタワー,6,,
582,エイタ,むしとりしょうねん,3,ルビー・サファイア,,,,,,,02_mushitori.PNG,,,ホウエン地方,バトルタワー,6,,
583,コマキ,ピクニックガール,3,ルビー・サファイア,,,,,,,02_picnicgirl.PNG,,,ホウエン地方,バトルタワー,6,,
584,スミト,ポケモンコレクター,3,ルビー・サファイア,,,,,,,,,,ホウエン地方,バトルタワー,6,,
585,カイ,うきわボーイ,3,ルビー・サファイア,,,,,,,,,,ホウエン地方,バトルタワー,6,,
586,オトキ,キャンプファイヤー,3,ルビー・サファイア,,,,,,,,,,ホウエン地方,バトルタワー,6,,
587,ノン,サイキッカー,3,ルビー・サファイア,,,,,,,03_psychic_f.PNG,f,,ホウエン地方,バトルタワー,6,,
588,ナオカ,ビキニのおねえさん,3,ルビー・サファイア,,,,,,,,,,ホウエン地方,バトルタワー,6,,
589,ヒトエ,トライアスリート,3,ルビー・サファイア,,,,,,,#N/A,,,ホウエン地方,バトルタワー,6,,
590,ナルオ,かいじゅうマニア,3,ルビー・サファイア,,,,,,,,,,ホウエン地方,バトルタワー,6,,
591,サンジ,ふなのり,3,ルビー・サファイア,,,,,,,,,,ホウエン地方,バトルタワー,6,,
592,ミネコ,ポケモンブリーダー,3,ルビー・サファイア,,,,,,,#N/A,,,ホウエン地方,バトルタワー,6,,
593,ヒイナ,オカルトマニア,3,ルビー・サファイア,,,,,,,,,,ホウエン地方,バトルタワー,6,,
594,トキオ,いせきマニア,3,ルビー・サファイア,,,,,,,,,,ホウエン地方,バトルタワー,6,,
595,オウキ,トライアスリート,3,ルビー・サファイア,,,,,,,#N/A,,,ホウエン地方,バトルタワー,6,,
596,スグル,じゅくがえり,3,ルビー・サファイア,,,,,,,03_jukugaeri_m.PNG,m,,ホウエン地方,バトルタワー,6,,
597,ナツル,ポケモンレンジャー,3,ルビー・サファイア,,,,,,,#N/A,,,ホウエン地方,バトルタワー,6,,
598,トヨジ,かいパンやろう,3,ルビー・サファイア,,,,,,,,,,ホウエン地方,バトルタワー,6,,
599,デイブ,トライアスリート,3,ルビー・サファイア,,,,,,,#N/A,,,ホウエン地方,バトルタワー,6,,
600,コトエ,おとなのおねえさん,3,ルビー・サファイア,,,,,,,03_onesan.PNG,,,ホウエン地方,バトルタワー,6,,
601,キリエ,アロマなおねえさん,3,ルビー・サファイア,,,,,,,,,,ホウエン地方,バトルタワー,6,,
602,ヒダカ,ポケモンコレクター,3,ルビー・サファイア,,,,,,,,,,ホウエン地方,バトルタワー,6,,
603,クレア,トライアスリート,3,ルビー・サファイア,,,,,,,#N/A,,,ホウエン地方,バトルタワー,6,,
604,テツシ,ポケモンレンジャー,3,ルビー・サファイア,,,,,,,#N/A,,,ホウエン地方,バトルタワー,6,,
605,スギオ,だいすきクラブ,3,ルビー・サファイア,,,,,,,02_daisukiclub.PNG,m,,ホウエン地方,バトルタワー,6,,
606,トウア,トライアスリート,3,ルビー・サファイア,,,,,,,#N/A,,,ホウエン地方,バトルタワー,6,,
607,ノンキ,ポケモンブリーダー,3,ルビー・サファイア,,,,,,,#N/A,,,ホウエン地方,バトルタワー,6,,
608,ソヨギ,パラソルおねえさん,3,ルビー・サファイア,,,,,,,,,,ホウエン地方,バトルタワー,6,,
609,ヒビキ,キャンプボーイ,3,ルビー・サファイア,,,,,,,02_campboy.PNG,,,ホウエン地方,バトルタワー,6,,
610,ニナ,じゅくがえり,3,ルビー・サファイア,,,,,,,03_jukugaeri_f.PNG,f,,ホウエン地方,バトルタワー,6,,
611,カナコ,おとなのおねえさん,3,ルビー・サファイア,,,,,,,03_onesan.PNG,,,ホウエン地方,バトルタワー,6,,
612,トイチ,ニンジャごっこ,3,ルビー・サファイア,,,,,,,,,,ホウエン地方,バトルタワー,6,,
613,ルイ,トライアスリート,3,ルビー・サファイア,,,,,,,#N/A,,,ホウエン地方,バトルタワー,6,,
614,リリコ,ポケモンレンジャー,3,ルビー・サファイア,,,,,,,#N/A,,,ホウエン地方,バトルタワー,6,,
615,ザック,いせきマニア,3,ルビー・サファイア,,,,,,,,,,ホウエン地方,バトルタワー,6,,
616,ツカサ,かいパンやろう,3,ルビー・サファイア,,,,,,,,,,ホウエン地方,バトルタワー,6,,
617,マヤ,オカルトマニア,3,ルビー・サファイア,,,,,,,,,,ホウエン地方,バトルタワー,6,,
618,ソウキ,トライアスリート,3,ルビー・サファイア,,,,,,,#N/A,,,ホウエン地方,バトルタワー,6,,
619,シゲ,だいすきクラブ,3,ルビー・サファイア,,,,,,,02_daisukiclub.PNG,m,,ホウエン地方,バトルタワー,6,,
620,シオ,サイキッカー,3,ルビー・サファイア,,,,,,,03_psychic_f.PNG,f,,ホウエン地方,バトルタワー,6,,
621,ナミオ,ギタリスト,3,ルビー・サファイア,,,,,,,,,,ホウエン地方,バトルタワー,6,,
622,チカシ,キャンプファイヤー,3,ルビー・サファイア,,,,,,,,,,ホウエン地方,バトルタワー,6,,
623,フミカ,アロマなおねえさん,3,ルビー・サファイア,,,,,,,,,,ホウエン地方,バトルタワー,6,,
624,トーマ,トライアスリート,3,ルビー・サファイア,,,,,,,#N/A,,,ホウエン地方,バトルタワー,6,,
625,トニー,ドラゴンつかい,3,ルビー・サファイア,,,,,,,,,,ホウエン地方,バトルタワー,6,,
626,ルリ,ミニスカート,3,ルビー・サファイア,,,,,,,03_minisuka.PNG,,,ホウエン地方,バトルタワー,6,,
627,キハチ,かいじゅうマニア,3,ルビー・サファイア,,,,,,,,,,ホウエン地方,バトルタワー,6,,
628,ミイナ,トライアスリート,3,ルビー・サファイア,,,,,,,#N/A,,,ホウエン地方,バトルタワー,6,,
629,ウキコ,だいすきクラブ,3,ルビー・サファイア,,,,,,,02_daisukiclub_f.PNG,f,,ホウエン地方,バトルタワー,6,,
630,ケント,ジェントルマン,3,ルビー・サファイア,,,,,,,,,,ホウエン地方,バトルタワー,6,,
631,トウコ,ビキニのおねえさん,3,ルビー・サファイア,,,,,,,,,,ホウエン地方,バトルタワー,6,,
632,モリヤ,エリートトレーナー,3,ルビー・サファイア,,,,,,,04_elite_m.PNG,m,,ホウエン地方,バトルタワー,6,,
633,コダマ,とりつかい,3,ルビー・サファイア,,,,,,,,,,ホウエン地方,バトルタワー,6,,
634,アマネ,トライアスリート,3,ルビー・サファイア,,,,,,,#N/A,,,ホウエン地方,バトルタワー,6,,
635,ヒロ,こんちゅうマニア,3,ルビー・サファイア,,,,,,,,,,ホウエン地方,バトルタワー,6,,
636,エレナ,バトルガール,3,ルビー・サファイア,,,,,,,,,,ホウエン地方,バトルタワー,6,,
637,カズホ,つりびと,3,ルビー・サファイア,,,,,,,,,,ホウエン地方,バトルタワー,6,,
638,ナンリ,ふなのり,3,ルビー・サファイア,,,,,,,,,,ホウエン地方,バトルタワー,6,,
639,キサ,たつじん,3,ルビー・サファイア,,,,,,,#N/A,,,ホウエン地方,バトルタワー,6,,
640,コウ,こんちゅうマニア,3,ルビー・サファイア,,,,,,,,,,ホウエン地方,バトルタワー,6,,
641,コスズ,ポケモンブリーダー,3,ルビー・サファイア,,,,,,,#N/A,,,ホウエン地方,バトルタワー,6,,
642,イリス,パラソルおねえさん,3,ルビー・サファイア,,,,,,,,,,ホウエン地方,バトルタワー,6,,
643,メリ,トライアスリート,3,ルビー・サファイア,,,,,,,#N/A,,,ホウエン地方,バトルタワー,6,,
644,ケイマ,ポケモンレンジャー,3,ルビー・サファイア,,,,,,,#N/A,,,ホウエン地方,バトルタワー,6,,
645,タスク,カラテおう,3,ルビー・サファイア,,,,,,,,,,ホウエン地方,バトルタワー,6,,
646,ミワコ,エリートトレーナー,3,ルビー・サファイア,,,,,,,04_elite_f.PNG,f,,ホウエン地方,バトルタワー,6,,
647,セオ,ポケモンコレクター,3,ルビー・サファイア,,,,,,,,,,ホウエン地方,バトルタワー,6,,
648,ナツオ,トライアスリート,3,ルビー・サファイア,,,,,,,#N/A,,,ホウエン地方,バトルタワー,6,,
649,ユーリ,ジェントルマン,3,ルビー・サファイア,,,,,,,,,,ホウエン地方,バトルタワー,6,,
650,コウコ,バトルガール,3,ルビー・サファイア,,,,,,,,,,ホウエン地方,バトルタワー,6,,
651,イカホ,おとなのおねえさん,3,ルビー・サファイア,,,,,,,03_onesan.PNG,,,ホウエン地方,バトルタワー,6,,
652,ホクト,やまおとこ,3,ルビー・サファイア,,,,,,,,,,ホウエン地方,バトルタワー,6,,
653,ヒフミ,たつじん,3,ルビー・サファイア,,,,,,,#N/A,,,ホウエン地方,バトルタワー,6,,
654,バンリ,ポケモンブリーダー,3,ルビー・サファイア,,,,,,,#N/A,,,ホウエン地方,バトルタワー,6,,
655,チカオ,ギタリスト,3,ルビー・サファイア,,,,,,,,,,ホウエン地方,バトルタワー,6,,
656,ミノブ,サイキッカー,3,ルビー・サファイア,,,,,,,02_psychic.PNG,m,,ホウエン地方,バトルタワー,6,,
657,サトヒ,エリートトレーナー,3,ルビー・サファイア,,,,,,,04_elite_f.PNG,f,,ホウエン地方,バトルタワー,6,,
658,タモン,たつじん,3,ルビー・サファイア,,,,,,,#N/A,,,ホウエン地方,バトルタワー,6,,
659,ニノ,ドラゴンつかい,3,ルビー・サファイア,,,,,,,,,,ホウエン地方,バトルタワー,6,,
660,ソウマ,エリートトレーナー,3,ルビー・サファイア,,,,,,,04_elite_m.PNG,m,,ホウエン地方,バトルタワー,6,,
661,チヅコ,たつじん,3,ルビー・サファイア,,,,,,,#N/A,,,ホウエン地方,バトルタワー,6,,
662,ユキノ,おじょうさま,3,ルビー・サファイア,,,,,,,03_ojosama.PNG,,,ホウエン地方,バトルタワー,6,,
663,シン,サイキッカー,2,金・銀,ケーシィ,ケーシィ,ユンゲラー,,,,02_psychic.PNG,,544円,ジョウト地方,36ばんどうろ,4,,
664,リョウ,サイキッカー,2,金・銀,スリープ,,,,,,02_psychic.PNG,,544円,ジョウト地方,37ばんどうろ,4,,
665,カイ,サイキッカー,2,金・銀,ヤドン,ヤドン,,,,,02_psychic.PNG,,640円,ジョウト地方,39ばんどうろ,4,,
666,シュンジ,サイキッカー,2,金・銀,ネイティ,ユンゲラー,,,,,02_psychic.PNG,,768円,ジョウト地方,44ばんどうろ,4,,
667,ジョウ,サイキッカー,2,金・銀,キリンリキ,,,,,,02_psychic.PNG,,832円,ジョウト地方,アルフのいせき,4,,
668,ハジメ,サイキッカー,2,金・銀,スターミー,タマタマ,キリンリキ,,,,02_psychic.PNG,,1088円,ジョウト地方,27ばんどうろ,4,,
669,ジン,サイキッカー,2,金・銀,エーフィ,,,,,,02_psychic.PNG,,1152円,ジョウト地方,26ばんどうろ,4,,
670,シュンペイ,サイキッカー,2,金・銀,スリープ,スリーパー,,,,,02_psychic.PNG,,1056円,ジョウト地方,アクアごう,4,,
671,ムラマサ,サイキッカー,2,金・銀,ネイティオ,,,,,,02_psychic.PNG,,1088円,ジョウト地方,11ばんどうろ,4,,
672,デビット,サイキッカー,2,金・銀,タマタマ,タマタマ,ナッシー,,,,02_psychic.PNG,,960円,ジョウト地方,11ばんどうろ,4,,
673,ヒロ,サイキッカー,2,金・銀,ユンゲラー,,,,,,02_psychic.PNG,,1184円,ジョウト地方,ヤマブキジム,4,,
674,タクミ,サイキッカー,2,金・銀,バリヤード,タマタマ,タマタマ,,,,02_psychic.PNG,,1120円,ジョウト地方,ヤマブキジム,4,,
675,トウヤ,サイキッカー,2c,ハートゴールド・ソウルシルバー,スリープ,,,,,,02_psychic.PNG,,544円,ジョウト地方,37ばんどうろ,11,,
676,ハクセイ,サイキッカー,2c,ハートゴールド・ソウルシルバー,スターミー,タマタマ,キリンリキ,,,,02_psychic.PNG,,1088円,ジョウト地方,27ばんどうろ,11,,
677,トシヒロ,サイキッカー,2c,ハートゴールド・ソウルシルバー,エーフィ,,,,,,02_psychic.PNG,,1152円,ジョウト地方,27ばんどうろ,11,,
678,トオル,サイキッカー,2c,ハートゴールド・ソウルシルバー,ノコッチ,,,,,,02_psychic.PNG,,512円,ジョウト地方,体験版,11,,
679,カオル,サイキッカー,1c,ファイアレッド・リーフグリーン,ヤドン,ヤドン,ヤドラン,,,,02_psychic.PNG,,660円,カントー地方,ヤマブキジム,7,,
680,ヒロム,サイキッカー,1c,ファイアレッド・リーフグリーン,ヤドラン,,,,,,02_psychic.PNG,,760円,カントー地方,ヤマブキジム,7,,
681,イサミ,サイキッカー,1c,ファイアレッド・リーフグリーン,バリヤード,ユンゲラー,,,,,02_psychic.PNG,,680円,カントー地方,ヤマブキジム,7,,
682,カズヤ,サイキッカー,1c,ファイアレッド・リーフグリーン,ユンゲラー,ヤドン,バリヤード,ユンゲラー,,,02_psychic.PNG,,310円,カントー地方,ヤマブキジム,7,,
683,マリコ,サイキッカー,1c,ファイアレッド・リーフグリーン,ネイティ,ヤドラン,ユンゲラー,,,,03_psychic_f.PNG,,980円、1080円,カントー地方,みどりのさんぽみち,7,,
684,ミサト,サイキッカー,1c,ファイアレッド・リーフグリーン,ネイティ,ネイティ,ネイティオ,,,,03_psychic_f.PNG,,980円,カントー地方,かえらずのあな,7,,
685,レイ,サイキッカー,1c,ファイアレッド・リーフグリーン,,キリンリキ,,,,,02_psychic.PNG,,1040円、1120円,カントー地方,トレーナータワー,7,,
686,マヤ,サイキッカー,1c,ファイアレッド・リーフグリーン,,ネイティ,スリープ（スリーパー）,スリーパー,,,03_psychic_f.PNG,,1000円、1060円,カントー地方,トレーナータワー,7,,
687,サリ,サイキッカー,1c,ファイアレッド・リーフグリーン,,ラッキー,ピクシー,トゲチック,,,03_psychic_f.PNG,,,カントー地方,トレーナータワー,7,,
688,シュン,サイキッカー,1c,ファイアレッド・リーフグリーン,,バリヤード,スリーパー,フーディン,ゲンガー,キリンリキ他,02_psychic.PNG,,,カントー地方,トレーナータワー,7,,
689,ユウキ,サイキッカー,pv,Let's go!ピカチュウ・Let's go!イーブイ,ケーシィ,,,,,,02_psychic.PNG,,,カントー地方,トキワシティ,18,,
690,ヨシカズ,サイキッカー,pv,Let's go!ピカチュウ・Let's go!イーブイ,ユンゲラー,,,,,,02_psychic.PNG,,,カントー地方,ヤマブキシティ,18,,
691,トモヤ,サイキッカー,pv,Let's go!ピカチュウ・Let's go!イーブイ,フーディン,,,,,,02_psychic.PNG,,,カントー地方,10ばんどうろ,18,,
692,シュウスケ,サイキッカー,pv,Let's go!ピカチュウ・Let's go!イーブイ,ゴース,,,,,,02_psychic.PNG,,,カントー地方,シオンタウン,18,,
693,レイ,サイキッカー,pv,Let's go!ピカチュウ・Let's go!イーブイ,ゴースト,,,,,,02_psychic.PNG,,,カントー地方,シオンタウン,18,,
694,タダノブ,サイキッカー,pv,Let's go!ピカチュウ・Let's go!イーブイ,ゲンガー,,,,,,02_psychic.PNG,,,カントー地方,シオンタウン,18,,
695,カイト,サイキッカー,pv,Let's go!ピカチュウ・Let's go!イーブイ,スリープ,,,,,,02_psychic.PNG,,,カントー地方,トキワシティ,18,,
696,タツジ,サイキッカー,pv,Let's go!ピカチュウ・Let's go!イーブイ,スリーパー,,,,,,02_psychic.PNG,,,カントー地方,ポケモンタワー,18,,
697,ケント,サイキッカー,pv,Let's go!ピカチュウ・Let's go!イーブイ,スターミー,,,,,,02_psychic.PNG,,,カントー地方,25ばんどうろ,18,,
698,ルイ,サイキッカー,pv,Let's go!ピカチュウ・Let's go!イーブイ,バリヤード,,,,,,02_psychic.PNG,,,カントー地方,タマムシマンション,18,,
699,ナオキ,サイキッカー,pv,Let's go!ピカチュウ・Let's go!イーブイ,ルージュラ,,,,,,02_psychic.PNG,,,カントー地方,ハナダシティ,18,,
700,コウメ,まいこはん,2,金・銀,ブースター,,,,,,02_maikohan.PNG,,1224円,ジョウト地方,かぶれんじょう,4,,
701,サクラ,まいこはん,2,金・銀,エーフィ,,,,,,02_maikohan.PNG,,1224円,ジョウト地方,かぶれんじょう,4,,
702,タマオ,まいこはん,2,金・銀,ブラッキー,,,,,,02_maikohan.PNG,,1224円,ジョウト地方,かぶれんじょう,4,,
703,スモモ,まいこはん,2,金・銀,シャワーズ,,,,,,02_maikohan.PNG,,1224円,ジョウト地方,かぶれんじょう,4,,
704,サツキ,まいこはん,2,金・銀,サンダース,,,,,,02_maikohan.PNG,,1224円,ジョウト地方,かぶれんじょう,4,,
705,サツキ,まいこはん,2c,ハートゴールド・ソウルシルバー,ブースター,,,,,,02_maikohan.PNG,,4560円,ジョウト地方,かぶれんじょう,11,,
706,コウメ,まいこはん,2c,ハートゴールド・ソウルシルバー,エーフィ,,,,,,02_maikohan.PNG,,4560円,ジョウト地方,かぶれんじょう,11,,
707,タマオ,まいこはん,2c,ハートゴールド・ソウルシルバー,ブラッキー,,,,,,02_maikohan.PNG,,4560円,ジョウト地方,かぶれんじょう,11,,
708,コモモ,まいこはん,2c,ハートゴールド・ソウルシルバー,シャワーズ,,,,,,02_maikohan.PNG,,4560円,ジョウト地方,かぶれんじょう,11,,
709,サクラ,まいこはん,2c,ハートゴールド・ソウルシルバー,サンダース,,,,,,02_maikohan.PNG,,4560円,ジョウト地方,かぶれんじょう,11,,
710,コウサク,だいすきクラブ,2,金・銀,ブルー,,,,,,02_daisukiclub.PNG,,1040円,ジョウト地方,34ばんどうろ,4,,
711,メグミ,だいすきクラブ,2,金・銀,ブルー（グランブル）,,,,,,02_daisukiclub_f.PNG,,1120円、1440円、2400円,ジョウト地方,しぜんこうえん,4,,
712,アキヒト,だいすきクラブ,2,金・銀,ライチュウ,,,,,,02_daisukiclub.PNG,,1120円,ジョウト地方,しぜんこうえん,4,,
713,ミハエル,だいすきクラブ,2,金・銀,ピカチュウ,,,,,,02_daisukiclub.PNG,,1360円、1520円、2880円,ジョウト地方,39ばんどうろ,4,,
714,トモコ,だいすきクラブ,2,金・銀,ピカチュウ,,,,,,02_daisukiclub_f.PNG,,1360円,ジョウト地方,39ばんどうろ,4,,
715,カヨコ,だいすきクラブ,2b,クリスタル,ニャース,,,,,,02_daisukiclub_f.PNG,,1280円,ジョウト地方,39ばんどうろ,5,,
716,ヒロシ,だいすきクラブ,2,金・銀,デリバード,,,,,,02_daisukiclub.PNG,,2560円,ジョウト地方,アクアごう,4,,
717,テイコ,だいすきクラブ,2,金・銀,オタチ,オタチ,オタチ,オオタチ,オタチ,,02_daisukiclub_f.PNG,,1840円,ジョウト地方,アクアごう,4,,
718,ヒデアキ,だいすきクラブ,2,金・銀,ニャース,ニャース,ニャース,,,,02_daisukiclub.PNG,,2240円,ジョウト地方,アクアごう,4,,
719,ヒロキ,だいすきクラブ,2b,クリスタル,ゴマゾウ,,,,,,02_daisukiclub.PNG,,2800円,ジョウト地方,6ばんどうろ,5,,
720,タケヒロ,だいすきクラブ,2b,クリスタル,ヒメグマ,,,,,,02_daisukiclub.PNG,,2800円,ジョウト地方,6ばんどうろ,5,,
721,テルユキ,だいすきクラブ,2,金・銀,ヌオー,,,,,,02_daisukiclub.PNG,,2640円,ジョウト地方,10ばんどうろ,4,,
722,イチロウ,だいすきクラブ,2,金・銀,ピカチュウ,ピカチュウ,ピカチュウ,ピカチュウ,ピカチュウ,ピカチュウ,02_daisukiclub.PNG,,1840円,ジョウト地方,13ばんどうろ,4,,
723,ミツヒデ,だいすきクラブ,2,金・銀,ニドキング,ヤドキング,コイキング,アズマオウ,,,02_daisukiclub.PNG,,4640円、2320円,ジョウト地方,13ばんどうろ,4,,
724,ヨシオ,だいすきクラブ,2,金・銀,フシギダネ,ヒトカゲ,ゼニガメ,,,,02_daisukiclub.PNG,,2320円,ジョウト地方,14ばんどうろ,4,,
725,フミオ,だいすきクラブ,2,金・銀,コダック,,,,,,02_daisukiclub.PNG,,2640円,ジョウト地方,14ばんどうろ,4,,
726,ヨシチカ,だいすきクラブ,2c,ハートゴールド・ソウルシルバー,パッチール,バルビート,,,,,02_daisukiclub.PNG,,2624円,ジョウト地方,15ばんどうろ,11,,
727,ミハル,だいすきクラブ,2c,ハートゴールド・ソウルシルバー,パッチール,イルミーゼ,,,,,02_daisukiclub_f.PNG,,2624円,ジョウト地方,15ばんどうろ,11,,
728,マサヒロ,ふなのり,2,金・銀,ウパー,,,,,,02_funanori.PNG,,760円,ジョウト地方,38ばんどうろ,4,,
729,ミツオ,ふなのり,2,金・銀,ニョロゾ,ラッタ,クラブ,,,,02_funanori.PNG,,760円,ジョウト地方,39ばんどうろ,4,,
730,ゲンキ,ふなのり,2,金・銀,ニョロモ（ニョロゾ、ニョロトノ）,ニョロゾ（ニョロボン）,,,,,02_funanori.PNG,,720円、1120円、1360円、1520円,ジョウト地方,アサギのとうだい2階,4,,
731,ジロウ,ふなのり,2,金・銀,ニョロゾ,,,,,,02_funanori.PNG,,800円,ジョウト地方,アサギのとうだい3階,4,,
732,ユウゾウ,ふなのり,2,金・銀,クラブ,クラブ,,,,,02_funanori.PNG,,800円,ジョウト地方,アサギのとうだい4階,4,,
733,ユキマサ,ふなのり,2,金・銀,ワンリキー,ワンリキー,ニョロゾ,,,,02_funanori.PNG,,720円,ジョウト地方,アサギのとうだい5階,4,,
734,シゲロウ,ふなのり,2,金・銀,ワンリキー,ゴーリキー,コダック,,,,02_funanori.PNG,,1040円,ジョウト地方,アクアごう,4,,
735,カツオ,ふなのり,2,金・銀,ラッタ,ラッタ,,,,,02_funanori.PNG,,1280円,ジョウト地方,アクアごう,4,,
736,ミツル,ふなのり,2,金・銀,キングラー,,,,,,02_funanori.PNG,,1360円,ジョウト地方,アクアごう,4,,
737,コウヘイ,ふなのり,2,金・銀,ワンリキー,ワンリキー,ニョロボン,ワンリキー,,,02_funanori.PNG,,1120円,ジョウト地方,アクアごう,4,,
738,トモキ,ふなのり,2c,ハートゴールド・ソウルシルバー,タッツー,シードラ,,,,,02_funanori.PNG,,1376円,ジョウト地方,ハナダジム,11,,
739,ノリオ,ふなのり,2c,ハートゴールド・ソウルシルバー,マリルリ,,,,,,02_funanori.PNG,,1536円,ジョウト地方,ハナダジム,11,,
740,サンジ,ふなのり,1c,ファイアレッド・リーフグリーン,ワンリキー,メノクラゲ,,,,,02_funanori.PNG,,544円,カントー地方,サント・アンヌごう,7,,
741,カツヤ,ふなのり,1c,ファイアレッド・リーフグリーン,ワンリキー,シェルダー,,,,,02_funanori.PNG,,576円,カントー地方,サント・アンヌごう,7,,
742,ダイキ,ふなのり,1c,ファイアレッド・リーフグリーン,シェルダー,,,,,,02_funanori.PNG,,672円,カントー地方,サント・アンヌごう,7,,
743,ヒデフミ,ふなのり,1c,ファイアレッド・リーフグリーン,タッツー,シェルダー,メノクラゲ,,,,02_funanori.PNG,,544円,カントー地方,サント・アンヌごう,7,,
744,ツヨシ,ふなのり,1c,ファイアレッド・リーフグリーン,タッツー,タッツー,タッツー,,,,02_funanori.PNG,,544円,カントー地方,サント・アンヌごう,7,,
745,タツロウ,ふなのり,1c,ファイアレッド・リーフグリーン,メノクラゲ,ヒトデマン,,,,,02_funanori.PNG,,576円,カントー地方,サント・アンヌごう,7,,
746,ユウサク,ふなのり,1c,ファイアレッド・リーフグリーン,ワンリキー,,,,,,02_funanori.PNG,,640円,カントー地方,サント・アンヌごう,7,,
747,タツヒコ,ふなのり,1c,ファイアレッド・リーフグリーン,ピカチュウ,ピカチュウ,,,,,02_funanori.PNG,,672円,カントー地方,クチバジム,7,,
748,サトフミ,ふなのり,1c,ファイアレッド・リーフグリーン,オーダイル,ニョロボン,ガルーラ,ミルタンク,ゴルダック,グランブル,02_funanori.PNG,,,カントー地方,トレーナータワー,7,,
749,ユキマサ,ふなのり,1c,ファイアレッド・リーフグリーン,ラプラス（色ちがい）,キングドラ,カイリキー,ラッキー,ケンタロス,カビゴン,02_funanori.PNG,,,カントー地方,トレーナータワー,7,,
750,ノブユキ,ふなのり,pv,Let's go!ピカチュウ・Let's go!イーブイ,メノクラゲ,,,,,,02_funanori.PNG,,960円とモンスターボール3個,カントー地方,6ばんどうろ,18,,
751,サンジ,ふなのり,pv,Let's go!ピカチュウ・Let's go!イーブイ,パウワウ,ワンリキー,,,,,02_funanori.PNG,,1080円とモンスターボール3個,カントー地方,サント・アンヌごう,18,,
752,カツヤ,ふなのり,pv,Let's go!ピカチュウ・Let's go!イーブイ,ニョロモ,,,,,,02_funanori.PNG,,1080円とモンスターボール3個,カントー地方,サント・アンヌごう,18,,
753,ダイキ,ふなのり,pv,Let's go!ピカチュウ・Let's go!イーブイ,ヤドン,,,,,,02_funanori.PNG,,1080円とモンスターボール3個,カントー地方,サント・アンヌごう,18,,
754,タツロウ,ふなのり,pv,Let's go!ピカチュウ・Let's go!イーブイ,コダック,ニョロモ,,,,,02_funanori.PNG,,1080円とモンスターボール3個,カントー地方,サント・アンヌごう,18,,
755,ヨリト,ふなのり,pv,Let's go!ピカチュウ・Let's go!イーブイ,ニョロモ,ワンリキー,,,,,02_funanori.PNG,,1080円とモンスターボール3個,カントー地方,11ばんどうろ,18,,
756,ヒロノブ,ふなのり,pv,Let's go!ピカチュウ・Let's go!イーブイ,ヤドン,,,,,,02_funanori.PNG,,1080円とモンスターボール3個,カントー地方,11ばんどうろ,18,,
757,タツヒコ,ふなのり,pv,Let's go!ピカチュウ・Let's go!イーブイ,コイル,,,,,,02_funanori.PNG,,1320円,カントー地方,クチバジム,18,,
758,ヒデユキ,ふなのり,pv,Let's go!ピカチュウ・Let's go!イーブイ,オコリザル,ゴーリキー,,,,,02_funanori.PNG,,2520円とモンスターボール3個,カントー地方,21ばんすいどう,18,,
759,カーネル,ジェントルマン,2,金・銀,ヨルノズク,,,,,,02_gentleman.PNG,,1440円,ジョウト地方,アサギのとうだい,4,,
760,ジョージ,ジェントルマン,2,金・銀,ガーディ,ガーディ,,,,,02_gentleman.PNG,,1296円,ジョウト地方,アサギのとうだい,4,,
761,エドワード,ジェントルマン,2,金・銀,ペルシアン,,,,,,02_gentleman.PNG,,2376円,ジョウト地方,アクアごう,4,,
762,アンソニー,ジェントルマン,2,金・銀,ピカチュウ,モココ,,,,,02_gentleman.PNG,,2376円,ジョウト地方,クチバジム,4,,
763,コウセツ,ジェントルマン,2c,ハートゴールド・ソウルシルバー,ガーディ,,,,,,02_gentleman.PNG,,9000円,ジョウト地方,8ばんどうろ,11,,
764,スコット,ジェントルマン,1c,ファイアレッド・リーフグリーン,ガーディ,ガーディ,,,,,02_gentleman.PNG,,1296円,カントー地方,サント・アンヌごう,7,,
765,ケント,ジェントルマン,1c,ファイアレッド・リーフグリーン,ニドラン♂,ニドラン♀,,,,,02_gentleman.PNG,,1368円,カントー地方,サント・アンヌごう,7,,
766,スミス,ジェントルマン,1c,ファイアレッド・リーフグリーン,ピカチュウ,,,,,,02_gentleman.PNG,,1656円,カントー地方,サント・アンヌごう,7,,
767,パーカー,ジェントルマン,1c,ファイアレッド・リーフグリーン,ガーディ,ポニータ,,,,,02_gentleman.PNG,,1224円,カントー地方,サント・アンヌごう,7,,
768,オルソン,ジェントルマン,1c,ファイアレッド・リーフグリーン,ピカチュウ,,,,,,02_gentleman.PNG,,1656円,カントー地方,クチバジム,7,,
769,ブラウン,ジェントルマン,1c,ファイアレッド・リーフグリーン,ガラガラ,ゴルダック,,,,,02_gentleman.PNG,,3528円,カントー地方,アスカナいせき,7,,
770,ヘンリー,ジェントルマン,1c,ファイアレッド・リーフグリーン,シャワーズ,エーフィ,ハピナス,スターミー（色ちがい）,ペルシアン,マリルリ,02_gentleman.PNG,,,カントー地方,トレーナータワー,7,,
771,ミチコ,ビキニのおねえさん,2,金・銀,ヒトデマン,シェルダー,,,,,02_bikini.PNG,,380円,ジョウト地方,40ばんすいどう,4,,
772,リサ,ビキニのおねえさん,2,金・銀,ヒトデマン,,,,,,02_bikini.PNG,,420円,ジョウト地方,40ばんすいどう,4,,
773,シホ,ビキニのおねえさん,2,金・銀,ヒトデマン,スターミー,,,,,02_bikini.PNG,,400円,ジョウト地方,41ばんすいどう,4,,
774,カナエ,ビキニのおねえさん,2,金・銀,パウワウ,,,,,,02_bikini.PNG,,440円,ジョウト地方,41ばんすいどう,4,,
775,ナツミ,ビキニのおねえさん,2,金・銀,コダック,トサキント,,,,,02_bikini.PNG,,440円,ジョウト地方,41ばんすいどう,4,,
776,ナギサ,ビキニのおねえさん,2,金・銀,トサキント,トサキント,アズマオウ,,,,02_bikini.PNG,,400円,ジョウト地方,41ばんすいどう,4,,
777,ヨウコ,ビキニのおねえさん,2,金・銀,タッツー,タッツー,,,,,02_bikini.PNG,,420円,ジョウト地方,41ばんすいどう,4,,
778,ユカリ,ビキニのおねえさん,2,金・銀,アズマオウ,アズマオウ,,,,,02_bikini.PNG,,700円,ジョウト地方,ハナダジム,4,,
779,ナミ,ビキニのおねえさん,2,金・銀,ゴルダック,,,,,,02_bikini.PNG,,740円,ジョウト地方,ハナダジム,4,,
780,クミコ,ビキニのおねえさん,2,金・銀,アズマオウ,,,,,,02_bikini.PNG,,680円,ジョウト地方,19ばんすいどう,4,,
781,ケイ,ビキニのおねえさん,2,金・銀,スターミー,スターミー,,,,,02_bikini.PNG,,640円,ジョウト地方,20ばんすいどう,4,,
782,クニミ,ビキニのおねえさん,2,金・銀,マリル,マリル,ラプラス,,,,02_bikini.PNG,,640円,ジョウト地方,20ばんすいどう,4,,
783,ヒサエ,ビキニのおねえさん,2,金・銀,パウワウ,パウワウ,パウワウ,ジュゴン,,,02_bikini.PNG,,560円,ジョウト地方,21ばんすいどう,4,,
784,ミズナ,ビキニのおねえさん,2c,ハートゴールド・ソウルシルバー,パルシェン,,,,,,02_bikini.PNG,,768円,ジョウト地方,ハナダジム,11,,
785,チグミ,ビキニのおねえさん,2c,ハートゴールド・ソウルシルバー,ラブカス,ラブカス,ラブカス,,,,02_bikini.PNG,,656円,ジョウト地方,20ばんすいどう,11,,
786,リオナ,ビキニのおねえさん,2c,ハートゴールド・ソウルシルバー,ビッパ,,,,,,02_bikini.PNG,,704円,ジョウト地方,20ばんすいどう,11,,
787,シズク,ビキニのおねえさん,2c,ハートゴールド・ソウルシルバー,マリルリ,,,,,,02_bikini.PNG,,640円,ジョウト地方,21ばんすいどう,11,,
788,ハナエ,ビキニのおねえさん,2c,ハートゴールド・ソウルシルバー,ヤドキング,,,,,,02_bikini.PNG,,688円,ジョウト地方,21ばんすいどう,11,,
789,ノブオ,かいパンやろう,2,金・銀,メノクラゲ,メノクラゲ,,,,,02_kaipan.PNG,,160円,ジョウト地方,40ばんすいどう,4,,
790,ナオユキ,かいパンやろう,2,金・銀,シェルダー,シェルダー,カメール,,,,02_kaipan.PNG,,144円,ジョウト地方,40ばんすいどう,4,,
791,ムネオ,かいパンやろう,2,金・銀,メノクラゲ,メノクラゲ,メノクラゲ,メノクラゲ,テッポウオ,ヒトデマン,02_kaipan.PNG,,152円,ジョウト地方,41ばんすいどう,4,,
792,シゲキ,かいパンやろう,2,金・銀,クラブ,,,,,,02_kaipan.PNG,,184円,ジョウト地方,41ばんすいどう,4,,
793,セイジ,かいパンやろう,2,金・銀,ギャラドス,ギャラドス,,,,,02_kaipan.PNG,,180円,ジョウト地方,41ばんすいどう,4,,
794,ヨウヘイ,かいパンやろう,2,金・銀,ハリーセン,,,,,,02_kaipan.PNG,,184円,ジョウト地方,41ばんすいどう,4,,
795,タツヤ,かいパンやろう,2,金・銀,シェルダー,メノクラゲ,ドククラゲ,,,,02_kaipan.PNG,,152円,ジョウト地方,41ばんすいどう,4,,
796,トモキ,かいパンやろう,2,金・銀,タッツー,タッツー,シードラ,,,,02_kaipan.PNG,,280円,ジョウト地方,ハナダジム,4,,
797,ジュン,かいパンやろう,2,金・銀,テッポウオ,シードラ,,,,,02_kaipan.PNG,,240円,ジョウト地方,19ばんすいどう,4,,
798,ヒロノリ,かいパンやろう,2,金・銀,シェルダー,パルシェン,,,,,02_kaipan.PNG,,272円,ジョウト地方,19ばんすいどう,4,,
799,ススム,かいパンやろう,2,金・銀,シードラ,メノクラゲ,ドククラゲ,トサキント,,,02_kaipan.PNG,,224円,ジョウト地方,19ばんすいどう,4,,
800,カツヤ,かいパンやろう,2,金・銀,マリルリ,,,,,,02_kaipan.PNG,,272円,ジョウト地方,20ばんすいどう,4,,
801,ゲンジ,かいパンやろう,2,金・銀,ヌオー,オクタン,ヌオー,,,,02_kaipan.PNG,,185円,ジョウト地方,21ばんすいどう,4,,
802,ナガアキ,かいパンやろう,2c,ハートゴールド・ソウルシルバー,ギャラドス,ギャラドス,,,,,02_kaipan.PNG,,368円,ジョウト地方,41ばんすいどう,11,,
803,トシミツ,かいパンやろう,2c,ハートゴールド・ソウルシルバー,シードラ,ヌオー,,,,,02_kaipan.PNG,,672円,ジョウト地方,20ばんすいどう,11,,
804,シブキ,かいパンやろう,2c,ハートゴールド・ソウルシルバー,ニョロゾ,ドククラゲ,,,,,02_kaipan.PNG,,672円,ジョウト地方,20ばんすいどう,11,,
805,トビオ,かいパンやろう,2c,ハートゴールド・ソウルシルバー,ヌオー,オクタン,,,,,02_kaipan.PNG,,672円,ジョウト地方,21ばんすいどう,11,,
806,ヨシノブ,かいパンやろう,2c,ハートゴールド・ソウルシルバー,ゴルダック,ニョロゾ,,,,,02_kaipan.PNG,,608円,ジョウト地方,21ばんすいどう,11,,
807,アラタ,かいパンやろう,2c,ハートゴールド・ソウルシルバー,アズマオウ,カブトプス,,,,,02_kaipan.PNG,,640円,ジョウト地方,21ばんすいどう,11,,
808,ヨウヘイ,かいパンやろう,1c,ファイアレッド・リーフグリーン,タッツー,シェルダー,,,,,02_kaipan.PNG,,64円,カントー地方,ハナダジム,7,,
809,ハルキ,かいパンやろう,1c,ファイアレッド・リーフグリーン,メノクラゲ,シェルダー,,,,,02_kaipan.PNG,,120円,カントー地方,19ばんすいどう,7,,
810,ヒトキ,かいパンやろう,1c,ファイアレッド・リーフグリーン,トサキント,タッツー,ヒトデマン,,,,02_kaipan.PNG,,116円,カントー地方,19ばんすいどう,7,,
811,エイイチ,かいパンやろう,1c,ファイアレッド・リーフグリーン,タッツー（シードラ）,タッツー（シードラ）,,,,,02_kaipan.PNG,,120円、196円,カントー地方,19ばんすいどう,7,,
812,ケンイチ,かいパンやろう,1c,ファイアレッド・リーフグリーン,トサキント,シェルダー,アズマオウ,,,,02_kaipan.PNG,,116円,カントー地方,19ばんすいどう,7,,
813,クニヒコ,かいパンやろう,1c,ファイアレッド・リーフグリーン,ニョロモ（ニョロゾ）,ニョロゾ（ニョロボン）,,,,,02_kaipan.PNG,,120円、196円,カントー地方,19ばんすいどう,7,,
814,タツオ,かいパンやろう,1c,ファイアレッド・リーフグリーン,タッツー,メノクラゲ,メノクラゲ,トサキント,,,02_kaipan.PNG,,108円,カントー地方,19ばんすいどう,7,,
815,タモツ,かいパンやろう,1c,ファイアレッド・リーフグリーン,メノクラゲ,メノクラゲ,ヒトデマン,タッツー,ドククラゲ,,02_kaipan.PNG,,108円,カントー地方,19ばんすいどう,7,,
816,レツジ,かいパンやろう,1c,ファイアレッド・リーフグリーン,ヒトデマン,,,,,,02_kaipan.PNG,,140円,カントー地方,20ばんすいどう,7,,
817,ガクジ,かいパンやろう,1c,ファイアレッド・リーフグリーン,シェルダー,パルシェン,,,,,02_kaipan.PNG,,124円,カントー地方,20ばんすいどう,7,,
818,テルユキ,かいパンやろう,1c,ファイアレッド・リーフグリーン,タッツー（シードラ）,タッツー（シードラ）,タッツー（シードラ）,シードラ,,,02_kaipan.PNG,,112円、208円,カントー地方,20ばんすいどう,7,,
819,トシヒロ,かいパンやろう,1c,ファイアレッド・リーフグリーン,シードラ,ドククラゲ,,,,,02_kaipan.PNG,,132円,カントー地方,21ばんすいどう,7,,
820,ヒデノリ,かいパンやろう,1c,ファイアレッド・リーフグリーン,スターミー,,,,,,02_kaipan.PNG,,148円、200円,カントー地方,21ばんすいどう,7,,
821,マサトシ,かいパンやろう,1c,ファイアレッド・リーフグリーン,ニョロゾ,メノクラゲ,シードラ,,,,02_kaipan.PNG,,128円,カントー地方,21ばんすいどう,7,,
822,モリオ,かいパンやろう,1c,ファイアレッド・リーフグリーン,ヒトデマン,カメール,,,,,02_kaipan.PNG,,132円,カントー地方,21ばんすいどう,7,,
823,トモユキ,かいパンやろう,1c,ファイアレッド・リーフグリーン,シェルダー,パルシェン,カメール,,,,02_kaipan.PNG,,152円,カントー地方,ほてりのみち,7,,
824,ソウタ,かいパンやろう,1c,ファイアレッド・リーフグリーン,スターミー,,,,,,02_kaipan.PNG,,152円、200円,カントー地方,ほてりのみち,7,,
825,マサル,かいパンやろう,1c,ファイアレッド・リーフグリーン,キングラー,カメール,,,,,02_kaipan.PNG,,196円,カントー地方,はずれのしま,7,,
826,テルアキ,かいパンやろう,1c,ファイアレッド・リーフグリーン,ギャラドス,,,,,,02_kaipan.PNG,,200円、220円,カントー地方,みずのさんぽみち,7,,
827,ナツオ,かいパンやろう,1c,ファイアレッド・リーフグリーン,ニョロゾ,メノクラゲ,ドククラゲ,,,,02_kaipan.PNG,,192円,カントー地方,ゴージャスリゾート,7,,
828,シンジ,かいパンやろう,1c,ファイアレッド・リーフグリーン,シャワーズ,ヤドラン,ニョロトノ,ドククラゲ,ラッタ,ノコッチ,02_kaipan.PNG,,,カントー地方,トレーナータワー,7,,
829,アズサ,ポケモンボックス管理人,pb,ポケモンボックス ルビー&サファイア,,,,,,,pb_azusa.PNG,,ポケモンのタマゴ,ポケモンボックス,,,,
830,マユミ,ポケモン預かりシステム管理人,3,ルビー・サファイア,,,,,,,,,タネボードール、ハスボードール,ホウエン地方,,6,,
831,ヨシタカ,つりびと,3,ルビー・サファイア,コイキング,コイキング,コイキング,,,,02_tsuribito.PNG,,240円,ホウエン地方,104ばんどうろ,6,,
832,トモカズ,つりびと,3,ルビー・サファイア,メノクラゲ,,,,,,02_tsuribito.PNG,,480円,ホウエン地方,106ばんすいどう,6,,
833,アキヒコ,つりびと,3,ルビー・サファイア,コイキング（ギャラドス）,メノクラゲ（ドククラゲ）,コイキング（ギャラドス）,キバニア（サメハダー）,,,02_tsuribito.PNG,,440円、1080円、1160円、1240円、1320円,ホウエン地方,106ばんすいどう,6,,
834,タカフミ,つりびと,3,ルビー・サファイア,メノクラゲ,ホエルコ,メノクラゲ,メノクラゲ,,,02_tsuribito.PNG,,480円,ホウエン地方,110ばんどうろ,6,,
835,カツノリ,つりびと,3,ルビー・サファイア,コイキング,メノクラゲ,メノクラゲ,,,,02_tsuribito.PNG,,600円,ホウエン地方,103ばんどうろ,6,,
836,イサオ,つりびと,3,ルビー・サファイア,キバニア,,,,,,02_tsuribito.PNG,,680円,ホウエン地方,118ばんどうろ,6,,
837,タカノリ,つりびと,3,ルビー・サファイア,ドジョッチ,,,,,,02_tsuribito.PNG,,800円,ホウエン地方,114ばんどうろ,6,,
838,ヒデユキ,つりびと,3,ルビー・サファイア,トサキント,ドジョッチ,トサキント,トサキント,,,02_tsuribito.PNG,,640円,ホウエン地方,114ばんどうろ,6,,
839,タカヒロ,つりびと,3,ルビー・サファイア,メノクラゲ,メノクラゲ,ホエルコ,メノクラゲ,,,02_tsuribito.PNG,,900円,ホウエン地方,109ばんすいどう,6,,
840,カズヒコ,つりびと,3,ルビー・サファイア,キバニア,キバニア,,,,,02_tsuribito.PNG,,1040円,ホウエン地方,118ばんどうろ,6,,
841,マサシ,つりびと,3,ルビー・サファイア,コイキング,メノクラゲ,ヒンバス,キバニア,,,02_tsuribito.PNG,,960円,ホウエン地方,119ばんどうろ,6,,
842,ヨシノリ,つりびと,3,ルビー・サファイア,ホエルコ,ホエルコ,メノクラゲ,サメハダー,,,02_tsuribito.PNG,,1280円,ホウエン地方,127ばんすいどう,6,,
843,ケンタロウ,つりびと,3,ルビー・サファイア,メノクラゲ,ドククラゲ,キバニア,,,,02_tsuribito.PNG,,1400円,ホウエン地方,127ばんすいどう,6,,
844,トモヒコ,つりびと,3,ルビー・サファイア,コイキング,コイキング,ギャラドス,コイキング,,,02_tsuribito.PNG,,1800円,ホウエン地方,127ばんすいどう,6,,
845,コウサク,つりびと,3,ルビー・サファイア,メノクラゲ,メノクラゲ,ホエルコ,ドククラゲ,,,02_tsuribito.PNG,,1280円,ホウエン地方,128ばんすいどう,6,,
846,カズオ,つりびと,3,ルビー・サファイア,コイキング,ギャラドス,ギャラドス,ギャラドス,ギャラドス,ギャラドス,02_tsuribito.PNG,,1360円,ホウエン地方,132ばんすいどう,6,,
847,ナオユキ,つりびと,3,ルビー・サファイア,ランターン,サメハダー,ナマズン,,,,02_tsuribito.PNG,,,ホウエン地方,トクサネシティ,6,,
848,ケンキチ,つりびと,3b,エメラルド,コイキング,,,,,,02_tsuribito.PNG,,360円,ホウエン地方,104ばんどうろ,8,,
849,ヒロミツ,つりびと,3b,エメラルド,ドジョッチ,,,,,,02_tsuribito.PNG,,760円,ホウエン地方,114ばんどうろ,8,,
850,トウゾウ,つりびと,3b,エメラルド,ゴルダック,ドククラゲ,アズマオウ,スターミー,オクタン,キングドラ他,,,,ホウエン地方,バトルタワー,8,,
851,トシヒロ,つりびと,5,ブラック・ホワイト,バスラオ,バスラオ,,,,,02_tsuribito.PNG,,576円,イッシュ地方,4ばんどうろ,12,,
852,ノリマサ,つりびと,5,ブラック・ホワイト,バスラオ,バスラオ,バスラオ,バスラオ,,,02_tsuribito.PNG,,512円,イッシュ地方,4ばんどうろ,12,,
853,トモヒロ,つりびと,5,ブラック・ホワイト,バスラオ（あかすじのすがた）,バスラオ（あおすじのすがた）,,,,,02_tsuribito.PNG,,1088円,イッシュ地方,8ばんどうろ,12,,
854,トシユキ,つりびと,5,ブラック・ホワイト,バスラオ（あおすじのすがた）,マッギョ,,,,,02_tsuribito.PNG,,1088円,イッシュ地方,セッカのしつげん,12,,
855,タツヒコ,つりびと,5,ブラック・ホワイト,バスラオ,バスラオ,,,,,02_tsuribito.PNG,,1088円,イッシュ地方,17ばんすいどう,12,,
856,シュンスケ,つりびと,5,ブラック・ホワイト,プルリル,プルリル,,,,,02_tsuribito.PNG,,1088円,イッシュ地方,1ばんどうろ,12,,
857,モリヒデ,つりびと,5,ブラック・ホワイト,メノクラゲ,ドククラゲ,ハリーセン,,,,02_tsuribito.PNG,,2016円,イッシュ地方,13ばんどうろ,12,,
858,コウタロウ,つりびと,5,ブラック・ホワイト,コイキング,コイキング,コイキング,コイキング,コイキング,コイキング,02_tsuribito.PNG,,1920円,イッシュ地方,13ばんどうろ,12,,
859,ヤスト,つりびと,5,ブラック・ホワイト,ヒンバス,テッポウオ,キングラー,,,,02_tsuribito.PNG,,2016円,イッシュ地方,13ばんどうろ,12,,
860,シゲヒロ,つりびと,5,ブラック・ホワイト,クラブ,オクタン,,,,,02_tsuribito.PNG,,2048円,イッシュ地方,13ばんどうろ,12,,
861,リョウスケ,つりびと,5,ブラック・ホワイト,ドジョッチ,ナマズン,キバニア,ヘイガニ,,,02_tsuribito.PNG,,1984円,イッシュ地方,14ばんどうろ,12,,
862,カズトモ,つりびと,5,ブラック・ホワイト,ケイコウオ,サクラビス,ハンテール,ネオラント,,,02_tsuribito.PNG,,1984円,イッシュ地方,ビッグスタジアム、リトルコート,12,,
863,トシヒロ,つりびと,5b,ブラック2・ホワイト2,バスラオ,,,,,,02_tsuribito.PNG,,544円,イッシュ地方,4ばんどうろ,13,,
864,ノリマサ,つりびと,5b,ブラック2・ホワイト2,バスラオ,コダック,,,,,02_tsuribito.PNG,,512円,イッシュ地方,4ばんどうろ,13,,
865,リョウスケ,つりびと,5b,ブラック2・ホワイト2,ヒトデマン,ブイゼル,,,,,02_tsuribito.PNG,,1216円,イッシュ地方,14ばんどうろ,13,,
866,ヤスマサ,つりびと,5b,ブラック2・ホワイト2,シャワーズ,,,,,,02_tsuribito.PNG,,1280円,イッシュ地方,13ばんどうろ,13,,
867,シゲヒロ,つりびと,5b,ブラック2・ホワイト2,ゴルダック,,,,,,02_tsuribito.PNG,,1280円,イッシュ地方,13ばんどうろ,13,,
868,トシユキ,つりびと,5b,ブラック2・ホワイト2,バスラオ（あかすじのすがた）,ヒトデマン,,,,,02_tsuribito.PNG,,1248円,イッシュ地方,13ばんどうろ,13,,
869,モリヒデ,つりびと,5b,ブラック2・ホワイト2,ママンボウ,,,,,,02_tsuribito.PNG,,1280円,イッシュ地方,13ばんどうろ,13,,
870,ヒサナオ,つりびと,5b,ブラック2・ホワイト2,バスラオ（あかすじのすがた）,,,,,,02_tsuribito.PNG,,1344円,イッシュ地方,ビレッジブリッジ,13,,
871,ケンゾウ,つりびと,5b,ブラック2・ホワイト2,プルリル,プルリル,プルリル,,,,02_tsuribito.PNG,,1408円,イッシュ地方,21ばんすいどう,13,,
872,タクジ,つりびと,5b,ブラック2・ホワイト2,ヘイガニ,ニョロモ,マッギョ,,,,02_tsuribito.PNG,,1920円,イッシュ地方,セッカのしつげん,13,,
873,テツハル,つりびと,5b,ブラック2・ホワイト2,ニョロゾ,ナマズン,ニョロトノ,,,,02_tsuribito.PNG,,1920円,イッシュ地方,セッカのしつげん,13,,
874,タクマ,つりびと,5b,ブラック2・ホワイト2,ドジョッチ,ナマズン,マッギョ,,,,02_tsuribito.PNG,,1920円,イッシュ地方,8ばんどうろ,13,,
875,トモヒロ,つりびと,5b,ブラック2・ホワイト2,ヤドン,トサキント,アズマオウ,,,,02_tsuribito.PNG,,1952円,イッシュ地方,3ばんどうろ,13,,
876,コウジロウ,つりびと,5b,ブラック2・ホワイト2,コイキング,コイキング,コイキング,コイキング,コイキング,コイキング,02_tsuribito.PNG,,1856円,イッシュ地方,3ばんどうろ,13,,
877,タツヒコ,つりびと,5b,ブラック2・ホワイト2,ヒンバス,ケイコウオ,ネオラント,,,,02_tsuribito.PNG,,2048円,イッシュ地方,17ばんすいどう,13,,
878,ソウタロウ,つりびと,5b,ブラック2・ホワイト2,クラブ,ハリーセン,キングラー,,,,02_tsuribito.PNG,,2048円,イッシュ地方,17ばんすいどう,13,,
879,カズトモ,つりびと,5b,ブラック2・ホワイト2,ケイコウオ,サクラビス,ハンテール,ネオラント,,,02_tsuribito.PNG,,1888円,イッシュ地方,ビックスタジアム、リトルコート,13,,
880,レイカ,おじょうさま,3,ルビー・サファイア,ジグザグマ（マッスグマ）,,,,,,03_ojosama.PNG,,1400円、5400円、6000円、6600円、7200円,ホウエン地方,104ばんどうろ,6,,
881,シオリ,おじょうさま,3,ルビー・サファイア,アズマオウ,,,,,,03_ojosama.PNG,,8200円,ホウエン地方,ルネジム,6,,
882,サユリ,おじょうさま,3,ルビー・サファイア,オゼリア,,,,,,03_ojosama.PNG,,9000円,ホウエン地方,タイドリップごう,6,,
883,マミナ,おじょうさま,3,ルビー・サファイア,エネコロロ,ラブカス,キルリア,,,,03_ojosama.PNG,,,ホウエン地方,トクサネシティ,6,,
884,ヒサエ,おじょうさま,3,ルビー・サファイア,ネイティオ,ソーナンス,ヘルガー,,,,03_ojosama.PNG,,,ホウエン地方,トクサネシティ,6,,
885,モエ,おじょうさま,3,ルビー・サファイア,ラルトス,キルリア,サーナイト（色違い）,,,,03_ojosama.PNG,,,ホウエン地方,トクサネシティ,6,,
886,サクラコ,おじょうさま,3b,エメラルド,ハスボー,ジグザグマ,,,,,03_ojosama.PNG,,1600円,ホウエン地方,116ばんどうろ,8,,
887,エイカ,おじょうさま,3b,エメラルド,ラブカス,ラブカス,,,,,03_ojosama.PNG,,7800円,ホウエン地方,ルネジム,8,,
888,タマミ,おじょうさま,3b,エメラルド,サニーゴ,パールル,スターミー,プクリン,ヤミラミ,ブーピッグ,03_ojosama.PNG,,,ホウエン地方,トレーナーヒル,8,,
889,キヌカ,おじょうさま,3b,エメラルド,ヤジロン,クヌギダマ,ビリリダマ,コイル,エレブー,モココ,03_ojosama.PNG,,,ホウエン地方,トレーナーヒル,8,,
890,シホミ,おじょうさま,1c,ファイアレッド・リーフグリーン,ハネッコ,ポポッコ,,,,,FRLG_ojosama.PNG,,10000円,カントー地方,ゴージャスリゾート,7,,
891,ユキノ,おじょうさま,1c,ファイアレッド・リーフグリーン,メリープ,メリープ,モココ,,,,FRLG_ojosama.PNG,,9800円,カントー地方,ゴージャスリゾート,7,,
892,アキホ,おじょうさま,1c,ファイアレッド・リーフグリーン,ペルシアン,ペルシアン,,,,,FRLG_ojosama.PNG,,9800円,カントー地方,かえらずのあな,7,,
893,カオルコ,おじょうさま,1c,ファイアレッド・リーフグリーン,オクタン,ハリーセン,テッポウオ,,,,FRLG_ojosama.PNG,,,カントー地方,トレーナータワー,7,,
894,ユリカ,おじょうさま,4,ダイヤモンド・パール,ミミロル（ミミロップ）,,,,,,04_ojosama.PNG,,3040円、4960円、6400円、9600円,シンオウ地方,212ばんどうろ,9,,
895,ココ,おじょうさま,4,ダイヤモンド・パール,ウソハチ,ピチュー,,,,,04_ojosama.PNG,,3360円,シンオウ地方,レストランななつぼし,9,,
896,サヤカ,おじょうさま,4b,プラチナ,ハピナス,,,,,,04_ojosama.PNG,,5600円,シンオウ地方,ポケモンやしき,10,,
897,ユリカ,おじょうさま,4b,プラチナ,チェリンボ（チェリム）,ハネッコ,キレイハナ,,,,04_ojosama.PNG,,4320円、5600円、7200円、9280円,シンオウ地方,212ばんどうろ,10,,
898,ココ,おじょうさま,4b,プラチナ,ピィ,ピッピ,,,,,04_ojosama.PNG,,4160円,シンオウ地方,レストランななつぼし,10,,
899,アヤノ,おじょうさま,5,ブラック・ホワイト,エモンガ,エモンガ,,,,,05_ojosama.PNG,,3840円,イッシュ地方,ライモンジム,12,,
900,コレット,おじょうさま,5,ブラック・ホワイト,エモンガ,,,,,,05_ojosama.PNG,,4000円,イッシュ地方,ライモンジム,12,,
901,シオリ,おじょうさま,5,ブラック・ホワイト,ラフレシア,キレイハナ,,,,,05_ojosama.PNG,,5440円,イッシュ地方,ブラックシティ,12,,
902,キミコ,おじょうさま,5,ブラック・ホワイト,ムーランド,,,,,,05_ojosama.PNG,,5760円,イッシュ地方,ショッピングモール R9,12,,
903,ハヅキ,おじょうさま,5,ブラック・ホワイト,ニャース,ロコン,イーブイ,,,,05_ojosama.PNG,,10080円,イッシュ地方,ロイヤルイッシュごう,12,,
904,ソフィ,おじょうさま,5,ブラック・ホワイト,イルミーゼ,,,,,,05_ojosama.PNG,,10240円,イッシュ地方,ビッグスタジアム、リトルコート,12,,
905,リナ,おじょうさま,5b,ブラック2・ホワイト2,レパルダス,,,,,,05_ojosama.PNG,,3520円,イッシュ地方,4ばんどうろ,13,,
906,コレット,おじょうさま,5b,ブラック2・ホワイト2,モココ,,,,,,05_ojosama.PNG,,3840円,イッシュ地方,ライモンジム,13,,
907,レイカ,おじょうさま,3c,オメガルビー・アルファサファイア,ジグザグマ（マッスグマ）,カエンジシ,,,,,03_ojosama.PNG,,1200円、1560円、2040円、3480円、5880円,ホウエン地方,104ばんどうろ,15,,
908,シオリ,おじょうさま,3c,オメガルビー・アルファサファイア,パールル,サニーゴ,,,,,03_ojosama.PNG,,4920円,ホウエン地方,ルネジム,15,,
909,サユリ,おじょうさま,3c,オメガルビー・アルファサファイア,ペルシアン,,,,,,03_ojosama.PNG,,6120円,ホウエン地方,タイドリップごう,15,,
910,ドラエ,おじょうさま,3c,オメガルビー・アルファサファイア,マスキッパ,ムウマージ,,,,,03_ojosama.PNG,,6600円,ホウエン地方,キンセツキッチン,15,,
911,ウシオ,えんじ,5,ブラック・ホワイト,ヒヤップ,,,,,,05_enji_m.PNG,,40円,イッシュ地方,3ばんどうろ,12,,
912,マツリ,えんじ,5,ブラック・ホワイト,バオップ,,,,,,05_enji_f.PNG,,40円,イッシュ地方,3ばんどうろ,12,,
913,ミノル,えんじ,5,ブラック・ホワイト,ヤナップ,,,,,,05_enji_m.PNG,,40円,イッシュ地方,3ばんどうろ,12,,
914,コトノ,えんじ,5,ブラック・ホワイト,モンメン,チュリネ,,,,,05_enji_f.PNG,,52円,イッシュ地方,ヤグルマのもり,12,,
915,オウチ,えんじ,5,ブラック・ホワイト,ダンゴロ,,,,,,05_enji_m.PNG,,56円,イッシュ地方,ヤグルマのもり,12,,
916,フユカ,えんじ,5,ブラック・ホワイト,ユニラン,,,,,,05_enji_f.PNG,,96円,イッシュ地方,ライモンシティ,12,,
917,ユウミ,えんじ,5,ブラック・ホワイト,ハーデリア,,,,,,05_enji_f.PNG,,104円,イッシュ地方,5ばんどうろ,12,,
918,トモヤ,えんじ,5,ブラック・ホワイト,ハーデリア,,,,,,05_enji_m.PNG,,104円,イッシュ地方,5ばんどうろ,12,,
919,モトヤス,えんじ,5,ブラック・ホワイト,マネネ,,,,,,05_enji_m.PNG,,256円,イッシュ地方,ビッグスタジアム、リトルコート,12,,
920,マユコ,えんじ,5,ブラック・ホワイト,ムチュール,,,,,,05_enji_f.PNG,,256円,イッシュ地方,ビッグスタジアム、リトルコート,12,,
921,リン,えんじ,5b,ブラック2・ホワイト2,ヨーテリー,,,,,,05_enji_f.PNG,,40円,イッシュ地方,20ばんどうろ,13,,
922,シンゴ,えんじ,5b,ブラック2・ホワイト2,コダック,,,,,,05_enji_m.PNG,,40円,イッシュ地方,20ばんどうろ,13,,
923,ゴンタ,えんじ,5b,ブラック2・ホワイト2,キマワリ,,,,,,05_enji_m.PNG,,136円,イッシュ地方,7ばんどうろ,13,,
924,チコ,えんじ,5b,ブラック2・ホワイト2,ダルマッカ,,,,,,05_enji_f.PNG,,136円,イッシュ地方,7ばんどうろ,13,,
925,ジョウ,えんじ,5b,ブラック2・ホワイト2,ウパー,オタマロ,,,,,05_enji_m.PNG,,240円,イッシュ地方,ヤグルマのもり,13,,
926,アカリ,えんじ,5b,ブラック2・ホワイト2,ミニリュウ,フカマル,タツベイ,,,,05_enji_f.PNG,,236円,イッシュ地方,ヤグルマのもり,13,,
927,エイジ,えんじ,5b,ブラック2・ホワイト2,ミノムッチ,ストライク,パラス,,,,05_enji_m.PNG,,236円,イッシュ地方,ヤグルマのもり,13,,
928,カイト,えんじ,5b,ブラック2・ホワイト2,クヌギダマ,ナットレイ,,,,,05_enji_m.PNG,,240円,イッシュ地方,ヤグルマのもり,13,,
929,カナ,えんじ,5b,ブラック2・ホワイト2,キルリア,ピカチュウ,,,,,05_enji_f.PNG,,244円,イッシュ地方,3ばんどうろ,13,,
930,マサヨシ,えんじ,5b,ブラック2・ホワイト2,リオル,レディアン,,,,,05_enji_m.PNG,,244円,イッシュ地方,3ばんどうろ,13,,
931,リキヤ,えんじ,5b,ブラック2・ホワイト2,ダンバル,モノズ,,,,,05_enji_m.PNG,,244円,イッシュ地方,3ばんどうろ,13,,
932,モトヤス,えんじ,5b,ブラック2・ホワイト2,マネネ,,,,,,05_enji_m.PNG,,244円,イッシュ地方,ビッグスタジアム、リトルコート,13,,
933,マユコ,えんじ,5b,ブラック2・ホワイト2,ムチュール,,,,,,05_enji_f.PNG,,244円,イッシュ地方,ビッグスタジアム、リトルコート,13,,
934,ミノル,えんじ,6,X・Y,キャタピー,ルリリ,,,,,06_enji_m.PNG,,64円,カロス地方,3ばんどうろ,14,,
935,ユウコ,えんじ,6,X・Y,ピチュー,,,,,,06_enji_f.PNG,,80円,カロス地方,3ばんどうろ,14,,
936,ハナ,えんじ,6,X・Y,スボミー,,,,,,06_enji_f.PNG,,144円,カロス地方,4ばんどうろ,14,,
937,ユウイチロウ,えんじ,6,X・Y,コイキング,,,,,,06_enji_m.PNG,,144円,カロス地方,4ばんどうろ,14,,
938,スタン,えんじ,6,X・Y,ウリムー,ウソハチ,,,,,06_enji_f.PNG,,848円,カロス地方,ミアレシティ,14,,
939,オヨナ,えんじ,6,X・Y,ププリン,,,,,,06_enji_f.PNG,,880円,カロス地方,ミアレシティ,14,,
940,ミノル,えんじ,7,サン・ムーン,ヤングース,,,,,,07_enji_m.PNG,,48円,アローラ地方,1ばんどうろ,16,,
941,ユウコ,えんじ,7,サン・ムーン,ウソハチ,,,,,,07_enji_f.PNG,,84円,アローラ地方,1ばんどうろ,16,,
942,キミオ,えんじ,7,サン・ムーン,オニスズメ,,,,,,07_enji_m.PNG,,96円,アローラ地方,2ばんどうろ,16,,
943,マツリ,えんじ,7,サン・ムーン,アブリー,,,,,,07_enji_f.PNG,,108円,アローラ地方,2ばんどうろ,16,,
944,ハナナ,えんじ,7,サン・ムーン,フワンテ（フワライド）,,,,,,07_enji_f.PNG,f,156円、660円,アローラ地方,バトルバイキング,16,,
945,フミオ,えんじ,7,サン・ムーン,プリン,レディアン,,,,,07_enji_m.PNG,,264円,アローラ地方,メモリアルヒル,16,,
946,ヒロム,えんじ,7,サン・ムーン,ヌイコグマ,,,,,,07_enji_m.PNG,,312円,アローラ地方,11ばんどうろ,16,,
947,ホノカ,えんじ,7,サン・ムーン,ピィ,,,,,,07_enji_f.PNG,,312円,アローラ地方,マリエていえん,16,,
948,ハジメ,えんじ,7,サン・ムーン,エレキッド,,,,,,07_enji_m.PNG,,360円,アローラ地方,エーテルハウス,16,,
949,ミノル,えんじ,7b,ウルトラサン・ウルトラムーン,コラッタ（アローラのすがた）,,,,,,07_enji_m.PNG,,36円,アローラ地方,1ばんどうろ,17,,
950,ユウコ,えんじ,7b,ウルトラサン・ウルトラムーン,トランセル,,,,,,07_enji_f.PNG,,84円,アローラ地方,1ばんどうろ,17,,
951,ソウタ,えんじ,7b,ウルトラサン・ウルトラムーン,フワンテ,,,,,,07_enji_m.PNG,,96円,アローラ地方,2ばんどうろ,17,,
952,マツリ,えんじ,7b,ウルトラサン・ウルトラムーン,ピンプク,,,,,,07_enji_f.PNG,,96円,アローラ地方,ハウオリれいえん,17,,
953,ハナナ,えんじ,7b,ウルトラサン・ウルトラムーン,フワンテ（フワライド）,,,,,,07_enji_f.PNG,f,156円、660円,アローラ地方,バトルバイキング,17,,
954,キミオ,えんじ,7b,ウルトラサン・ウルトラムーン,ガルーラ,,,,,,07_enji_m.PNG,,228円,アローラ地方,8ばんどうろ,17,,
955,フミオ,えんじ,7b,ウルトラサン・ウルトラムーン,ブビィ,レディアン,,,,,07_enji_m.PNG,,276円,アローラ地方,メモリアルヒル,17,,
956,ホノカ,えんじ,7b,ウルトラサン・ウルトラムーン,ピィ,,,,,,07_enji_f.PNG,,324円,アローラ地方,マリエていえん,17,,
957,ヒロム,えんじ,7b,ウルトラサン・ウルトラムーン,デデンネ,,,,,,07_enji_m.PNG,,336円,アローラ地方,11ばんどうろ,17,,
958,ハジメ,えんじ,7b,ウルトラサン・ウルトラムーン,エレキッド,,,,,,07_enji_m.PNG,,384円,アローラ地方,エーテルハウス,17,,
959,ハルナ,えんじ,7b,ウルトラサン・ウルトラムーン,ミミッキュ,,,,,,07_enji_f.PNG,,408円,アローラ地方,16ばんどうろ,17,,
960,サチコ,スキーヤー,2,金・銀,ルージュラ,,,,,,02_skier.PNG,,2016円,ジョウト地方,チョウジジム,4,,
961,アユミ,スキーヤー,2,金・銀,ジュゴン,,,,,,02_skier.PNG,,2016円,ジョウト地方,チョウジジム,4,,
962,サチコ,スキーヤー,2c,ハートゴールド・ソウルシルバー,ルージュラ,,,,,,02_skier.PNG,,928円,ジョウト地方,チョウジジム,11,,
963,アユミ,スキーヤー,2c,ハートゴールド・ソウルシルバー,ジュゴン,,,,,,02_skier.PNG,,928円,ジョウト地方,チョウジジム,11,,
964,ホズミ,スキーヤー,2c,ハートゴールド・ソウルシルバー,デリバード,,,,,,02_skier.PNG,,1696円,ジョウト地方,ふたごじま,11,,
965,タカヒコ,スキーヤー,4,ダイヤモンド・パール,ニューラ,,,,,,02_skier.PNG,,1120円、1280円、1760円,シンオウ地方,216ばんどうろ,9,,
966,ナツキ,スキーヤー,4,ダイヤモンド・パール,ロゼリア,ユキカブリ,,,,,02_skier.PNG,,1152円,シンオウ地方,216ばんどうろ,9,,
967,フジヤ,スキーヤー,4,ダイヤモンド・パール,イシツブテ,ゴローン,ユキカブリ,,,,02_skier.PNG,,1120円,シンオウ地方,216ばんどうろ,9,,
968,アイミ,スキーヤー,4,ダイヤモンド・パール,ムクバード（ムクホーク）,,,,,,02_skier.PNG,,1216円、1280円、1760円,シンオウ地方,216ばんどうろ,9,,
969,センタロウ,スキーヤー,4,ダイヤモンド・パール,ユキカブリ,ユキカブリ,ゴルダック,ユキカブリ,,,02_skier.PNG,,1120円,シンオウ地方,217ばんどうろ,9,,
970,ヒヅキ,スキーヤー,4,ダイヤモンド・パール,ユキカブリ,,,,,,02_skier.PNG,,1184円、1280円、1760円,シンオウ地方,217ばんどうろ,9,,
971,ノブオ,スキーヤー,4,ダイヤモンド・パール,タマンタ（マンタイン）,ニューラ,,,,,02_skier.PNG,,1216円、1248円、1856円,シンオウ地方,217ばんどうろ,9,,
972,ユウコ,スキーヤー,4,ダイヤモンド・パール,マリル,ピッピ,,,,,02_skier.PNG,,1120円,シンオウ地方,217ばんどうろ,9,,
973,ナツキ,スキーヤー,4b,プラチナ,ウリムー,ユキカブリ,,,,,02_skier.PNG,,1216円,シンオウ地方,216ばんどうろ,10,,
974,フジヤ,スキーヤー,4b,プラチナ,ユキワラシ,ウリムー,ユキカブリ,,,,02_skier.PNG,,1152円,シンオウ地方,216ばんどうろ,10,,
975,アイミ,スキーヤー,4b,プラチナ,ユキカブリ（ユキノオー）,,,,,,02_skier.PNG,,1248円、1450円、2032円,シンオウ地方,216ばんどうろ,10,,
976,センタロウ,スキーヤー,4b,プラチナ,ユキカブリ,ユキカブリ,ユキカブリ,,,,02_skier.PNG,,1184円,シンオウ地方,217ばんどうろ,10,,
977,ヒヅキ,スキーヤー,4b,プラチナ,ユキワラシ（ユキメノコ）,,,,,,02_skier.PNG,,1248円、1440円、1728円,シンオウ地方,217ばんどうろ,10,,
978,ノブオ,スキーヤー,4b,プラチナ,ウリムー（イノムー、マンムー）,ニューラ（マニューラ）,デリバード,,,,02_skier.PNG,,1216円、1376円、1920円,シンオウ地方,217ばんどうろ,10,,
979,ユウコ,スキーヤー,4b,プラチナ,イノムー,グレイシア,,,,,02_skier.PNG,,1184円,シンオウ地方,217ばんどうろ,10,,
980,リカ,やまガール,9,スカーレット・バイオレット,ナマケロ,,,,,,02_skier.PNG,,420円,パルデア地方,南1番エリア,22,,
981,トモミ,やまガール,9,スカーレット・バイオレット,タンドン,,,,,,02_skier.PNG,,420円,パルデア地方,南1番エリア,22,,
982,ユカ,やまガール,9,スカーレット・バイオレット,ドンメル,,,,,,02_skier.PNG,,1200円,パルデア地方,南4番エリア,22,,
983,リナ,やまガール,9,スカーレット・バイオレット,ノノクラゲ,,,,,,02_skier.PNG,,1020円,パルデア地方,南5番エリア,22,,
984,ハルナ,やまガール,9,スカーレット・バイオレット,ウソッキー,ニューラ,ルガルガン（たそがれのすがた）,,,,02_skier.PNG,,4000円,パルデア地方,南5番エリア,22,,
985,ユウコ,やまガール,9,スカーレット・バイオレット,キリンリキ,,,,,,02_skier.PNG,,1440円,パルデア地方,西2番エリア,22,,
986,マイカ,やまガール,9,スカーレット・バイオレット,ウパー（パルデアのすがた）,,,,,,02_skier.PNG,,1440円,パルデア地方,東3番エリア,22,,
987,アキコ,やまガール,9,スカーレット・バイオレット,ジオヅム,ハリテヤマ,ブースター,,,,02_skier.PNG,,4640円,パルデア地方,東3番エリア,22,,
988,サツキ,やまガール,9,スカーレット・バイオレット,ナマズン,,,,,,02_skier.PNG,,1860円,パルデア地方,西3番エリア,22,,
989,ハルカ,やまガール,9,スカーレット・バイオレット,バンバドロ,,,,,,02_skier.PNG,,1920円,パルデア地方,プルピケ山道,22,,
990,ジュリ,やまガール,9,スカーレット・バイオレット,ケケンカニ,,,,,,02_skier.PNG,,2340円,パルデア地方,プルピケ山道,22,,
991,ユイカ,やまガール,9,スカーレット・バイオレット,トリトドン（ひがしのうみ）,トリトドン（にしのうみ）,,,,,02_skier.PNG,,2340円,パルデア地方,プルピケ山道,22,,
992,アサヒ,やまガール,9,スカーレット・バイオレット,サダイジャ,,,,,,02_skier.PNG,,2220円,パルデア地方,ナッペ山,22,,
993,ミハル,やまガール,9,スカーレット・バイオレット,バクーダ,デデンネ,ミガルーサ,,,,02_skier.PNG,,6720円,パルデア地方,ナッペ山,22,,
994,ミユキ,やまガール,9,スカーレット・バイオレット,アノホラグサ,,,,,,02_skier.PNG,,2460円,パルデア地方,南6番エリア,22,,
995,シュウコ,やまガール,9,スカーレット・バイオレット,カバルドン,ルガルガン（まひるのすがた）,,,,,02_skier.PNG,,7040円,パルデア地方,ベイク空洞,22,,
996,マオ,やまガール,9,スカーレット・バイオレット,ワルビアル,,,,,,02_skier.PNG,,2820円,パルデア地方,北1番エリア,22,,
997,マユ,やまガール,9,スカーレット・バイオレット,キョジオーン,,,,,,02_skier.PNG,,3180円,パルデア地方,オージャの湖,22,,
998,ミユ,やまガール,9,スカーレット・バイオレット,サンド（アローラのすがた）,ロコン（アローラのすがた）,,,,,02_skier.PNG,,1020円、3660円,パルデア地方,鬼が山,22,,
999,キヨマサ,からておう,2,金・銀,サワムラー,,,,,,02_karateou.PNG,,648円,ジョウト地方,タンバジム,4,,
1000,フミヒト,からておう,2,金・銀,エビワラー,,,,,,02_karateou.PNG,,648円,ジョウト地方,タンバジム,4,,
1001,テッカン,からておう,2,金・銀,ワンリキー,ゴーリキー,,,,,02_karateou.PNG,,600円,ジョウト地方,タンバジム,4,,
1002,モリカズ,からておう,2,金・銀,マンキー,マンキー,オコリザル,,,,02_karateou.PNG,,600円,ジョウト地方,タンバジム,4,,
1003,タケノリ,からておう,2,金・銀,ゴーリキー（カイリキー）,イワーク,サワムラー,イワーク,,,02_karateou.PNG,,672円、768円、840円,ジョウト地方,45ばんどうろ,4,,
1004,ノブヒコ,からておう,2,金・銀,サワムラー,エビワラー,,,,,02_karateou.PNG,,816円,ジョウト地方,スリバチやま,4,,
1005,ユウダイ,からておう,2,金・銀,ゴーリキー,ゴーリキー,ゴーリキー,,,,02_karateou.PNG,,816円,ジョウト地方,アクアごう,4,,
1006,マンゾウ,からておう,2c,ハートゴールド・ソウルシルバー,ニョロボン,,,,,,02_karateou.PNG,,1128円,ジョウト地方,3ばんどうろ,11,,
1007,フトシ,からておう,2c,ハートゴールド・ソウルシルバー,オコリザル,ゴローン,ゴーリキー,,,,02_karateou.PNG,,1056円,ジョウト地方,3ばんどうろ,11,,
1008,イワオ,カラテおう,1c,ファイアレッド・リーフグリーン,ワンリキー,マンキー,オコリザル,,,,02_karateou.PNG,,744円,カントー地方,かくとうどうじょう,7,,
1009,タイキ,カラテおう,1c,ファイアレッド・リーフグリーン,ワンリキー,ゴーリキー,,,,,02_karateou.PNG,,768円,カントー地方,かくとうどうじょう,7,,
1010,タツマ,カラテおう,1c,ファイアレッド・リーフグリーン,オコリザル,,,,,,02_karateou.PNG,,768円,カントー地方,かくとうどうじょう,7,,
1011,ノボル,カラテおう,1c,ファイアレッド・リーフグリーン,マンキー,マンキー,オコリザル,,,,02_karateou.PNG,,744円,カントー地方,かくとうどうじょう,7,,
1012,タケノリ,カラテおう,1c,ファイアレッド・リーフグリーン,サワムラー,エビワラー,,,,,02_karateou.PNG,,888円,カントー地方,かくとうどうじょう,7,,
1013,タクミ,カラテおう,1c,ファイアレッド・リーフグリーン,ワンリキー（ゴーリキー）,ゴーリキー（カイリキー）,,,,,02_karateou.PNG,,888円、1200円、1320円,カントー地方,ほてりのみち,7,,
1014,カツミ,カラテおう,1c,ファイアレッド・リーフグリーン,ワンリキー（ゴーリキー）,ゴーリキー（カイリキー）,,,,,02_karateou.PNG,,912円、1200円、1320円,カントー地方,ほてりのみち,7,,
1015,テツヒサ,カラテおう,1c,ファイアレッド・リーフグリーン,ワンリキー,ゴーリキー,,,,,02_karateou.PNG,,960円,カントー地方,トキワジム,7,,
1016,シロウ,カラテおう,1c,ファイアレッド・リーフグリーン,ゴーリキー,ワンリキー,ゴーリキー,,,,02_karateou.PNG,,912円,カントー地方,トキワジム,7,,
1017,タクマ,カラテおう,1c,ファイアレッド・リーフグリーン,ゴーリキー,,,,,,02_karateou.PNG,,1032円,カントー地方,トキワジム,7,,
1018,タダシ,カラテおう,1c,ファイアレッド・リーフグリーン,ゴーリキー,ワンリキー,ゴーリキー,,,,02_karateou.PNG,,1032円,カントー地方,チャンピオンロード,7,,
1019,タケル,カラテおう,1c,ファイアレッド・リーフグリーン,サワムラー,ストライク,ブーバー,カイリキー,オコリザル,ニョロボン,02_karateou.PNG,,,カントー地方,トレーナータワー,7,,
1020,タイキ,カラテおう,3,ルビー・サファイア,ワンリキー,,,,,,02_karateou.PNG,,448円,ホウエン地方,ムロジム,6,,
1021,タダシ,カラテおう,3,ルビー・サファイア,ワンリキー,,,,,,02_karateou.PNG,,608円,ホウエン地方,111ばんどうろ,6,,
1022,ゴロウ,カラテおう,3,ルビー・サファイア,ワンリキー（ゴーリキー）,ゴーリキー（カイリキー）,ワンリキー,ゴーリキー,,,02_karateou.PNG,,640円、864円、928円、992円、1056円,ホウエン地方,115ばんどうろ,6,,
1023,タケノリ,カラテおう,3,ルビー・サファイア,ワンリキー,ゴーリキー,,,,,02_karateou.PNG,,832円,ホウエン地方,115ばんどうろ,6,,
1024,カズシ,カラテおう,3,ルビー・サファイア,マクンオシタ,ゴーリキー,,,,,02_karateou.PNG,,832円,ホウエン地方,カラクリやしき,6,,
1025,テツヒサ,カラテおう,3,ルビー・サファイア,マクノシタ,ゴーリキー,ハリテヤマ,,,,02_karateou.PNG,,960円,ホウエン地方,おくりびやま4階,6,,
1026,テツロウ,カラテおう,3,ルビー・サファイア,ゴーリキー,ゴーリキー,,,,,02_karateou.PNG,,1088円,ホウエン地方,127ばんすいどう,6,,
1027,タクマ,カラテおう,3,ルビー・サファイア,マクノシタ,マクノシタ,ゴーリキー,,,,02_karateou.PNG,,1056円,ホウエン地方,132ばんすいどう,6,,
1028,イワオ,カラテおう,3,ルビー・サファイア,ゴーリキー,ゴーリキー,,,,,02_karateou.PNG,,1088円,ホウエン地方,134ばんすいどう,6,,
1029,トシユキ,カラテおう,3,ルビー・サファイア,ザングース,ハブネーク,カイリキー,,,,02_karateou.PNG,,,ホウエン地方,トクサネシティ,6,,
1030,マサル,カラテおう,3,ルビー・サファイア,チャーレム,カイリキー,ヘラクロス,,,,02_karateou.PNG,,,ホウエン地方,トクサネシティ,6,,
1031,ダンペイ,カラテおう,3,ルビー・サファイア,コドラ,ゴローン,コモルー,,,,02_karateou.PNG,,,ホウエン地方,トクサネシティ,6,,
1032,タイケイ,カラテおう,3b,エメラルド,ワンリキー,,,,,,02_karateou.PNG,,416円,ホウエン地方,ムロジム,8,,
1033,トシヒデ,カラテおう,3b,エメラルド,マクノシタ,,,,,,02_karateou.PNG,,416円,ホウエン地方,ムロジム,8,,
1034,シゲモリ,カラテおう,3b,エメラルド,マクノンシタ,,,,,,02_karateou.PNG,,480円,ホウエン地方,103ばんどうろ,8,,
1035,タダシ,カラテおう,3b,エメラルド,ワンリキー,,,,,,02_karateou.PNG,,608円,ホウエン地方,111ばんどうろ,8,,
1036,ゴロウ,カラテおう,3b,エメラルド,ワンリキー（ゴーリキー、カイリキー）,ワンリキー（ゴーリキー）,ワンリキー（ゴーリキー）,ワンリキー,,,02_karateou.PNG,,608円、864円、928円、992円、1056円,ホウエン地方,115ばんどうろ,8,,
1037,カズシ,カラテおう,3b,エメラルド,マクノシタ,ゴーリキー,,,,,02_karateou.PNG,,832円,ホウエン地方,カラクリやしき,8,,
1038,タケノリ,カラテおう,3b,エメラルド,ワンリキー,ゴーリキー,,,,,02_karateou.PNG,,896円,ホウエン地方,115ばんどうろ,8,,
1039,リョウジ,カラテおう,3b,エメラルド,ハリテヤマ,,,,,,02_karateou.PNG,,992円,ホウエン地方,おくりびやま2階,8,,
1040,テツヒサ,カラテおう,3b,エメラルド,ハイテヤマ,,,,,,02_karateou.PNG,,1024円,ホウエン地方,おくりびやま5階,8,,
1041,テツロウ,カラテおう,3b,エメラルド,ゴーリキー（カイリキー）,ゴーリキー（カイリキー）,マクノシタ（ハリテヤマ）,,,,02_karateou.PNG,,1088円、1184円、1248円、1312円,ホウエン地方,127ばんすいどう,8,,
1042,タクマ,カラテおう,3b,エメラルド,ハリテヤマ,,,,,,02_karateou.PNG,,1376円,ホウエン地方,132ばんすいどう,8,,
1043,イワオ,カラテおう,3b,エメラルド,ワンリキー,ゴーリキー,,,,,02_karateou.PNG,,1088円,ホウエン地方,134ばんすいどう,8,,
1044,カツアキ,カラテおう,3b,エメラルド,カイリキー,ゴローニャ,サイドン,バシャーモ,ヤルキモノ,ケッキング他,,,1024円,ホウエン地方,バトルタワー,8,,
1045,コウセイ,カラテおう,3b,エメラルド,エビワラー,チャーレム,カイリキー,サワムラー,ニョロボン,バシャーモ,02_karateou.PNG,,,ホウエン地方,トレーナーヒル,8,,
1046,ハルマサ,カラテおう,3b,エメラルド,ワンリキー,カイロス,エビワラー,アサナン,ヘラクロス,カポエラー,02_karateou.PNG,,,ホウエン地方,トレーナーヒル,8,,
1047,ゴウタ,からておう,4,ダイヤモンド・パール,ワンリキー,,,,,,02_karateou.PNG,,456円,シンオウ地方,208ばんどうろ,9,,
1048,ケンサク,からておう,4,ダイヤモンド・パール,グレッグル,,,,,,02_karateou.PNG,,600円,シンオウ地方,215ばんどうろ,9,,
1049,ヨウスケ,からておう,4,ダイヤモンド・パール,アサナン,ワンリキー,アサナン,,,,02_karateou.PNG,,504円,シンオウ地方,215ばんどうろ,9,,
1050,グンジ,からておう,4,ダイヤモンド・パール,グレッグル,ワンリキー,アサナン,,,,02_karateou.PNG,,528円,シンオウ地方,215ばんどうろ,9,,
1051,シロウ,からておう,4,ダイヤモンド・パール,ゴーリキー,アサナン,,,,,02_karateou.PNG,,624円,シンオウ地方,トバリジム,9,,
1052,サブロウ,からておう,4,ダイヤモンド・パール,アサナン,,,,,,02_karateou.PNG,,672円,シンオウ地方,トバリジム,9,,
1053,ジロウ,からておう,4,ダイヤモンド・パール,ゴーリキー,ワンリキー,ゴーリキー,,,,02_karateou.PNG,,600円,シンオウ地方,トバリジム,9,,
1054,イチロウ,からておう,4,ダイヤモンド・パール,ゴーリキー,ゴーリキー,ゴーリキー,,,,02_karateou.PNG,,600円,シンオウ地方,トバリジム,9,,
1055,カツヤ,からておう,4,ダイヤモンド・パール,ゴーリキー,,,,,,02_karateou.PNG,,696円,シンオウ地方,210ばんどうろ,9,,
1056,ユウサク,からておう,4,ダイヤモンド・パール,グレッグル,アサナン,ゴーリキー,,,,02_karateou.PNG,,696円,シンオウ地方,211ばんどうろ,9,,
1057,タイト,からておう,4,ダイヤモンド・パール,ハガネール,,,,,,02_karateou.PNG,,792円,シンオウ地方,ミオジム,9,,
1058,ケンスケ,からておう,4,ダイヤモンド・パール,イワーク,ハガネール,,,,,02_karateou.PNG,,768円,シンオウ地方,ミオジム,9,,
1059,タケノリ,からておう,4,ダイヤモンド・パール,グレッグル,,,,,,02_karateou.PNG,,840円,シンオウ地方,こうてつじま,9,,
1060,ダンジ,からておう,4,ダイヤモンド・パール,ゴーリキー（カイリキー）,,,,,,02_karateou.PNG,,960円、1368円,シンオウ地方,216ばんどうろ,9,,
1061,トウシ,からておう,4,ダイヤモンド・パール,グレッグル,イワーク,ゴーリキー,,,,02_karateou.PNG,,888円,シンオウ地方,217ばんどうろ,9,,
1062,ユウダイ,からておう,4,ダイヤモンド・パール,カイリキー,,,,,,02_karateou.PNG,,1176円,シンオウ地方,チャンピオンロード,9,,
1063,テツ,からておう,4,ダイヤモンド・パール,ゴーリキー,カイリキー,,,,,02_karateou.PNG,,1392円,シンオウ地方,チャンピオンロード,9,,
1064,タカ,からておう,4,ダイヤモンド・パール,イワーク,カイリキー,,,,,02_karateou.PNG,,1344円,シンオウ地方,チャンピオンロード,9,,
1065,タダシ,からておう,4,ダイヤモンド・パール,グレッグル,カイリキー,,,,,02_karateou.PNG,,1344円,シンオウ地方,224ばんどうろ,9,,
1066,ケイタ,からておう,4,ダイヤモンド・パール,ノクタス,カイリキー,,,,,02_karateou.PNG,,1368円,シンオウ地方,227ばんどうろ,9,,
1067,フミヒト,からておう,4,ダイヤモンド・パール,マンキー（オコリザル）,マクノシタ（ハリテヤマ）,ハリテヤマ,,,,02_karateou.PNG,,1320円、1440円,シンオウ地方,228ばんどうろ,9,,
1068,リキト,からておう,4,ダイヤモンド・パール,バルキー,ガラガラ,キノガッサ,,,,02_karateou.PNG,,1392円,シンオウ地方,ハードマウンテン,9,,
1069,タクマ,からておう,4,ダイヤモンド・パール,カイリキー,,,,,,02_karateou.PNG,,1416円,シンオウ地方,ハードマウンテン,9,,
1070,ケンタロウ,カラテおう,5,ブラック・ホワイト,ドッコラー,,,,,,02_karateou.PNG,,512円,イッシュ地方,ヤグルマのもり,12,,
1071,トウシ,カラテおう,5,ブラック・ホワイト,ズルッグ,ナゲキ,ダゲキ,,,,02_karateou.PNG,,1088円,イッシュ地方,ちかすいみゃくのあな,12,,
1072,テッペイ,カラテおう,5,ブラック・ホワイト,ダゲキ,,,,,,02_karateou.PNG,,1152円,イッシュ地方,ネジやま（冬以外）,12,,
1073,タイキ,カラテおう,5,ブラック・ホワイト,クマシュン,フリージオ,クマシュン,,,,02_karateou.PNG,,1120円,イッシュ地方,セッカジム,12,,
1074,ケンスケ,カラテおう,5,ブラック・ホワイト,クマシュン,,,,,,02_karateou.PNG,,1184円,イッシュ地方,セッカジム,12,,
1075,タダシ,カラテおう,5,ブラック・ホワイト,バニリッチ,クマシュン,,,,,02_karateou.PNG,,1152円,イッシュ地方,セッカジム,12,,
1076,ツヨシ,カラテおう,5,ブラック・ホワイト,ダゲキ,,,,,,02_karateou.PNG,,1280円,イッシュ地方,10ばんどうろ,12,,
1077,リキヤ,カラテおう,5,ブラック・ホワイト,ズルズキン,コジョフー,ローブシン,,,,02_karateou.PNG,,1376円,イッシュ地方,チャンピオンロード,12,,
1078,タクマ,カラテおう,5,ブラック・ホワイト,カイリキー,,,,,,02_karateou.PNG,,1792円,イッシュ地方,ブラックシティ,12,,
1079,テツジ,カラテおう,5,ブラック・ホワイト,ダゲキ,サワムラー,,,,,02_karateou.PNG,,2080円,イッシュ地方,13ばんどうろ,12,,
1080,ケンキチ,カラテおう,5,ブラック・ホワイト,オコリザル,ズルズキン,ニョロボン,,,,02_karateou.PNG,,2048円,イッシュ地方,14ばんどうろ,12,,
1081,フミヒト,カラテおう,5,ブラック・ホワイト,マンキー,ヘラクロス,ローブシン,,,,02_karateou.PNG,,2048円,イッシュ地方,ビッグスタジアム、リトルコート,12,,
1082,マシアス,カラテおう,5b,ブラック2・ホワイト2,ドッコラー,,,,,,02_karateou.PNG,,480円,イッシュ地方,フェイスミッション,13,,
1083,ドニー,カラテおう,5b,ブラック2・ホワイト2,ズルッグ,,,,,,02_karateou.PNG,,480円,イッシュ地方,フェイスミッション,13,,
1084,アザマ,カラテおう,5b,ブラック2・ホワイト2,リオル,,,,,,02_karateou.PNG,,480円,イッシュ地方,フェイスミッション,13,,
1085,アンドレイ,カラテおう,5b,ブラック2・ホワイト2,ドッコラー,,,,,,02_karateou.PNG,,480円,イッシュ地方,フェイスミッション,13,,
1086,ガナハ,カラテおう,5b,ブラック2・ホワイト2,ズルッグ,,,,,,02_karateou.PNG,,480円,イッシュ地方,フェイスミッション,13,,
1087,ロドリゴ,カラテおう,5b,ブラック2・ホワイト2,リオル,,,,,,02_karateou.PNG,,480円,イッシュ地方,フェイスミッション,13,,
1088,ツヨシ,カラテおう,5b,ブラック2・ホワイト2,ドテッコツ,ズルッグ,ズルッグ,,,,02_karateou.PNG,,1184円,イッシュ地方,リバースマウンテン,13,,
1089,フトシ,カラテおう,5b,ブラック2・ホワイト2,ドテッコツ,,,,,,02_karateou.PNG,,1312円,イッシュ地方,13ばんどうろ,13,,
1090,ハルミチ,カラテおう,5b,ブラック2・ホワイト2,ヘラクロス,,,,,,02_karateou.PNG,,1344円,イッシュ地方,12ばんどうろ,13,,
1091,コウヘイ,カラテおう,5b,ブラック2・ホワイト2,イワパレス,,,,,,02_karateou.PNG,,1504円,イッシュ地方,21ばんすいどう,13,,
1092,ガンジロウ,カラテおう,5b,ブラック2・ホワイト2,ダンゴロ,ダンゴロ,ダンゴロ,ダンゴロ,,,02_karateou.PNG,,1408円,イッシュ地方,うみべのどうけつ,13,,
1093,リイチ,カラテおう,5b,ブラック2・ホワイト2,ドテッコツ,,,,,,02_karateou.PNG,,1504円,イッシュ地方,うみべのどうけつ,13,,
1094,リュウスケ,カラテおう,5b,ブラック2・ホワイト2,ズルズキン,,,,,,02_karateou.PNG,,1504円,イッシュ地方,うみべのどうけつ,13,,
1095,シンペイ,カラテおう,5b,ブラック2・ホワイト2,ダゲキ,,,,,,02_karateou.PNG,,1696円,イッシュ地方,23ばんどうろ,13,,
1096,テツジ,カラテおう,5b,ブラック2・ホワイト2,ドテッコツ,ズルズキン,,,,,02_karateou.PNG,,1696円,イッシュ地方,23ばんどうろ,13,,
1097,ケンキチ,カラテおう,5b,ブラック2・ホワイト2,ヘラクロス,ローブシン,ギガイアス,,,,02_karateou.PNG,,1664円,イッシュ地方,14ばんどうろ,13,,
1098,タツマ,カラテおう,5b,ブラック2・ホワイト2,カイロス,ヘラクロス,,,,,02_karateou.PNG,,1728円,イッシュ地方,チャンピオンロード,13,,
1099,ケンタロウ,カラテおう,5b,ブラック2・ホワイト2,バルキー,ズルズキン,マクノシタ,,,,02_karateou.PNG,,1952円,イッシュ地方,ヤグルマのもり,13,,
1100,タダシ,カラテおう,5b,ブラック2・ホワイト2,ダゲキ,ローブシン,キノガッサ,,,,02_karateou.PNG,,1984円,イッシュ地方,ちかすいみゃくのあな,13,,
1101,トウシ,カラテおう,5b,ブラック2・ホワイト2,ナゲキ,カイリキー,カポエラー,,,,02_karateou.PNG,,1984円,イッシュ地方,ちかすいみゃくのあな,13,,
1102,レツジ,カラテおう,5b,ブラック2・ホワイト2,ハリテヤマ,ナゲキ,カポエラー,,,,02_karateou.PNG,,2080円,イッシュ地方,18ばんどうろ,13,,
1103,フミヒト,カラテおう,5b,ブラック2・ホワイト2,マンキー,ヘラクロス,ローブシン,,,,02_karateou.PNG,,1952円,イッシュ地方,ビッグスタジアム、リトルコート,13,,
1104,ツヨシ,カラテおう,6,X・Y,ワンリキー,,,,,,02_karateou.PNG,,960円,カロス地方,8ばんどうろ,14,,
1105,マサタカ,カラテおう,6,X・Y,ダゲキ,,,,,,02_karateou.PNG,,1344円,カロス地方,うつしみのどうくつ,14,,
1106,ウォング,カラテおう,6,X・Y,ゴーリキー,,,,,,02_karateou.PNG,,600円,カロス地方,ミアレシティ路地裏,14,,
1107,フミヒト,カラテおう,6,X・Y,ズルズキン,ナゲキ,,,,,02_karateou.PNG,,2112円,カロス地方,フロストケイブ,14,,
1108,ケンジ,カラテおう,6,X・Y,ドテッコツ,,,,,,02_karateou.PNG,,2208円,カロス地方,フロストケイブ,14,,
1109,タクマ,カラテおう,6,X・Y,ダゲキ,ゴロンダ,,,,,02_karateou.PNG,,2400円,カロス地方,18ばんどうろ,14,,
1110,アラシ,カラテおう,6,X・Y,ドクロッグ,ダゲキ,,,,,02_karateou.PNG,,2400円,カロス地方,ついのどうくつ,14,,
1111,タダシ,カラテおう,6,X・Y,ハリテヤマ,,,,,,02_karateou.PNG,,2496円,カロス地方,ついのどうくつ,14,,
1112,ヒトシ,カラテおう,6,X・Y,カイリキー,,,,,,02_karateou.PNG,,2880円,カロス地方,チャンピオンロード洞窟,14,,
1113,ニコラ,カラテおう,6,X・Y,ゴロンダ,ヘラクロス,,,,,02_karateou.PNG,,2784円,カロス地方,チャンピオンロード洞窟,14,,
1114,パンクレアス,カラテおう,3c,オメガルビー・アルファサファイア,ニドキング,ボスゴドラ,ラムパルド,,,,02_karateou.PNG,,2080円,ホウエン地方,キンセツキッチン,15,,
1115,ワザリ,カラテおう,7,サン・ムーン,マクノシタ（ハリテヤマ）,,,,,,02_karateou.PNG,,416円、1760円,アローラ地方,バトルバイキング,16,,
1116,レツジ,カラテおう,7,サン・ムーン,ハリテヤマ,,,,,,02_karateou.PNG,,736円,アローラ地方,ディグダトンネル,16,,
1117,ケンジ,カラテおう,7,サン・ムーン,ハリテヤマ,,,,,,02_karateou.PNG,,768円,アローラ地方,アーカラじまはずれ,16,,
1118,テツジ,カラテおう,7,サン・ムーン,ハリテヤマ,,,,,,02_karateou.PNG,,896円,アローラ地方,11ばんどうろ,16,,
1119,イワオ,カラテおう,7,サン・ムーン,ニョロボン,,,,,,02_karateou.PNG,,1472円,アローラ地方,ポニのだいきょうこく,16,,
1120,タダシ,カラテおう,7,サン・ムーン,カイリキー,,,,,,02_karateou.PNG,,1472円,アローラ地方,ポニのだいきょうこく,16,,
1121,リュウジ,カラテおう,7,サン・ムーン,ケケンカニ,,,,,,02_karateou.PNG,,1792円,アローラ地方,ポニのじゅりん,16,,
1122,トクマ,カラテおう,7,サン・ムーン,オコリザル,ルカリオ,,,,,02_karateou.PNG,,1792円,アローラ地方,1ばんどうろ,16,,
1123,タクマ,カラテおう,7,サン・ムーン,ゴロンダ,カイリキー,,,,,02_karateou.PNG,,1920円,アローラ地方,ポニのけんろ,16,,
1124,ワザリ,カラテおう,7b,ウルトラサン・ウルトラムーン,ワンリキー（カイリキー）,,,,,,02_karateou.PNG,,480円、1760円,アローラ地方,バトルバイキング,17,,
1125,クスオ,カラテおう,7b,ウルトラサン・ウルトラムーン,ルチャブル,,,,,,02_karateou.PNG,,576円,アローラ地方,メレメレかい,17,,
1126,ケンジ,カラテおう,7b,ウルトラサン・ウルトラムーン,マケンカニ,,,,,,02_karateou.PNG,,800円,アローラ地方,アーカラじまはずれ,17,,
1127,タケヒコ,カラテおう,7b,ウルトラサン・ウルトラムーン,マンキー,,,,,,02_karateou.PNG,,832円,アローラ地方,ハノハノビーチ,17,,
1128,カズキ,カラテおう,7b,ウルトラサン・ウルトラムーン,キテルグマ,,,,,,02_karateou.PNG,,960円,アローラ地方,11ばんどうろ,17,,
1129,テツジ,カラテおう,7b,ウルトラサン・ウルトラムーン,ハリテヤマ,,,,,,02_karateou.PNG,,960円,アローラ地方,11ばんどうろ,17,,
1130,トキオ,カラテおう,7b,ウルトラサン・ウルトラムーン,ニョロボン,,,,,,02_karateou.PNG,,1504円,アローラ地方,ポニのだいきょうこく,17,,
1131,タダシ,カラテおう,7b,ウルトラサン・ウルトラムーン,ケケンカニ,,,,,,02_karateou.PNG,,1504円,アローラ地方,ポニのだいきょうこく,17,,
1132,リュウジ,カラテおう,7b,ウルトラサン・ウルトラムーン,コジョンド,,,,,,02_karateou.PNG,,1792円,アローラ地方,ポニのじゅりん,17,,
1133,トクマ,カラテおう,7b,ウルトラサン・ウルトラムーン,オコリザル,ヘラクロス,,,,,02_karateou.PNG,,1792円,アローラ地方,1ばんどうろ,17,,
1134,タクマ,カラテおう,7b,ウルトラサン・ウルトラムーン,ルチャブル,カイリキー,,,,,02_karateou.PNG,,1984円,アローラ地方,ポニのけんろ,17,,
1135,ヒデナガ,からておう,8,ソード・シールド,モンメン,,,,,,02_karateou.PNG,,128円,ガラル地方,ナックルシティ,19,,
1136,ケンジ,からておう,8,ソード・シールド,オトスパス,,,,,,02_karateou.PNG,,2624円,ガラル地方,9ばんどうろ,19,,
1137,タクマ,からておう,8,ソード・シールド,ダゲキ,ナゲキ,,,,,02_karateou.PNG,,2624円,ガラル地方,9ばんどうろ,19,,
1138,ハルノブ,からておう,pv,Let's go!ピカチュウ・Let's go!イーブイ,マンキー,,,,,,02_karateou.PNG,,644円、モンスターボール3個,カントー地方,9ばんどうろ,18,,
1139,トクオ,からておう,pv,Let's go!ピカチュウ・Let's go!イーブイ,イワーク,,,,,,02_karateou.PNG,,672円、モンスターボール3個,カントー地方,イワヤマトンネル,18,,
1140,ダイチ,からておう,pv,Let's go!ピカチュウ・Let's go!イーブイ,マンキー,ニョロゾ,,,,,02_karateou.PNG,,672円、モンスターボール3個,カントー地方,イワヤマトンネル,18,,
1141,トシオ,からておう,pv,Let's go!ピカチュウ・Let's go!イーブイ,ワンリキー,ワンリキー,,,,,02_karateou.PNG,,672円、モンスターボール3個,カントー地方,イワヤマトンネル,18,,
1142,イワオ,からておう,pv,Let's go!ピカチュウ・Let's go!イーブイ,オコリザル,,,,,,02_karateou.PNG,,868円、モンスターボール3個,カントー地方,かくとうどうじょう,18,,
1143,タツマ,からておう,pv,Let's go!ピカチュウ・Let's go!イーブイ,ゴローン,,,,,,02_karateou.PNG,,868円、モンスターボール3個,カントー地方,かくとうどうじょう,18,,
1144,タイキ,からておう,pv,Let's go!ピカチュウ・Let's go!イーブイ,ニョロゾ,,,,,,02_karateou.PNG,,868円、モンスターボール3個,カントー地方,かくとうどうじょう,18,,
1145,ノボル,からておう,pv,Let's go!ピカチュウ・Let's go!イーブイ,ゴーリキー,,,,,,02_karateou.PNG,,868円、モンスターボール3個,カントー地方,かくとうどうじょう,18,,
1146,シロウ,からておう,pv,Let's go!ピカチュウ・Let's go!イーブイ,ゴローン,,,,,,02_karateou.PNG,,1316円,カントー地方,トキワジム,18,,
1147,タダシ,からておう,pv,Let's go!ピカチュウ・Let's go!イーブイ,サワムラー,ニョロボン,,,,,02_karateou.PNG,,1316円、モンスターボール3個,カントー地方,チャンピオンロード,18,,
1148,タイヘイ,からておう,pv,Let's go!ピカチュウ・Let's go!イーブイ,マンキー,,,,,,02_karateou.PNG,,,カントー地方,5ばんどうろ,18,,
1149,ヒロキ,からておう,pv,Let's go!ピカチュウ・Let's go!イーブイ,オコリザル,,,,,,02_karateou.PNG,,,カントー地方,11ばんどうろ,18,,
1150,タツオミ,からておう,pv,Let's go!ピカチュウ・Let's go!イーブイ,ニョロボン,,,,,,02_karateou.PNG,,,カントー地方,ハナダシティ,18,,
1151,マサシゲ,からておう,pv,Let's go!ピカチュウ・Let's go!イーブイ,ワンリキー,,,,,,02_karateou.PNG,,,カントー地方,シルフカンパニー,18,,
1152,シュウジ,からておう,pv,Let's go!ピカチュウ・Let's go!イーブイ,ゴーリキー,,,,,,02_karateou.PNG,,,カントー地方,セキチクシティ,18,,
1153,タクマ,からておう,pv,Let's go!ピカチュウ・Let's go!イーブイ,カイリキー,,,,,,02_karateou.PNG,,,カントー地方,クチバシティ,18,,
1154,ケンジ,からておう,pv,Let's go!ピカチュウ・Let's go!イーブイ,サワムラー,,,,,,02_karateou.PNG,,,カントー地方,かくとうどうじょう,18,,
1155,ツヨシ,からておう,pv,Let's go!ピカチュウ・Let's go!イーブイ,エビワラー,,,,,,02_karateou.PNG,,,カントー地方,かくとうどうじょう,18,,
1156,テツヤ,からておう,9,スカーレット・バイオレット,イワンコ,グルトン,マクノシタ,,,,02_karateou.PNG,,1920円,パルデア地方,南1番エリア,22,,
1157,ヒロカズ,からておう,9,スカーレット・バイオレット,リオル,,,,,,02_karateou.PNG,,840円,パルデア地方,西1番エリア,22,,
1158,エイキチ,からておう,9,スカーレット・バイオレット,アサナン,,,,,,02_karateou.PNG,,900円,パルデア地方,西1番エリア,22,,
1159,サイタロウ,からておう,9,スカーレット・バイオレット,グレッグル,,,,,,02_karateou.PNG,,1020円,パルデア地方,南4番エリア,22,,
1160,ユウサク,からておう,9,スカーレット・バイオレット,タイレーツ,,,,,,02_karateou.PNG,,1140円,パルデア地方,南4番エリア,22,,
1161,ダイチ,からておう,9,スカーレット・バイオレット,マンキー,,,,,,02_karateou.PNG,,1080円,パルデア地方,南5番エリア,22,,
1162,カツヒコ,からておう,9,スカーレット・バイオレット,カルボウ,ヘラクロス,,,,,02_karateou.PNG,,1260円,パルデア地方,南5番エリア,22,,
1163,コウセイ,からておう,9,スカーレット・バイオレット,ルチャブル,,,,,,02_karateou.PNG,,1260円,パルデア地方,ロースト砂漠,22,,
1164,テツオ,からておう,9,スカーレット・バイオレット,キノガッサ,ヘラクロス,,,,,02_karateou.PNG,,4320円,パルデア地方,ロースト砂漠,22,,
1165,ユウイチロウ,からておう,9,スカーレット・バイオレット,ハリテヤマ,,,,,,02_karateou.PNG,,1440円,パルデア地方,東3番エリア,22,,
1166,ヘイジ,からておう,9,スカーレット・バイオレット,チャーレム,,,,,,02_karateou.PNG,,2100円,パルデア地方,ナッペ山,22,,
1167,ジロウ,からておう,9,スカーレット・バイオレット,オコリザル,,,,,,02_karateou.PNG,,2100円,パルデア地方,ナッペ山,22,,
1168,タイチ,からておう,9,スカーレット・バイオレット,パーモット,,,,,,02_karateou.PNG,,2100円,パルデア地方,ナッペ山,22,,
1169,ヨシロウ,からておう,9,スカーレット・バイオレット,ルカリオ,,,,,,02_karateou.PNG,,2160円,パルデア地方,ナッペ山,22,,
1170,シンスケ,からておう,9,スカーレット・バイオレット,ナゲツケサル,オコリザル,,,,,02_karateou.PNG,,2280円,パルデア地方,南6番エリア,22,,
1171,ツヨシ,からておう,9,スカーレット・バイオレット,ドクロッグ,ケンタロス（パルデアのすがた）,エルレイド,,,,02_karateou.PNG,,3180円,パルデア地方,北2番エリア,22,,
1172,ホクト,からておう,9,スカーレット・バイオレット,ドッコラー,ドテッコツ,,,,,02_karateou.PNG,,1000円、3696円,パルデア地方,楽土の荒地,22,,
1173,ユウキ,主人公（ライバル）,3,ルビー・サファイア,,,,,,,03syujinko_m.PNG,,,ホウエン地方,,6,,
1174,ハルカ,主人公（ライバル）,3,ルビー・サファイア,,,,,,,03syujinko_f.PNG,,,ホウエン地方,,6,,
1175,リクヤ,主人公,3,ルビー・サファイア,,,,,,,03syujinko_m.PNG,,,ホウエン地方,,6,,
1176,ヒロアキ,主人公,3,ルビー・サファイア,,,,,,,03syujinko_m.PNG,,,ホウエン地方,,6,,
1177,ヒトシ,主人公,3,ルビー・サファイア,,,,,,,03syujinko_m.PNG,,,ホウエン地方,,6,,
1178,ケイ,主人公,3,ルビー・サファイア,,,,,,,03syujinko_m.PNG,,,ホウエン地方,,6,,
1179,カイト,主人公,3,ルビー・サファイア,,,,,,,03syujinko_m.PNG,,,ホウエン地方,,6,,
1180,イツオ,主人公,3b,エメラルド,,,,,,,03syujinko_m.PNG,,,ホウエン地方,,8,,
1181,ギョク,主人公,3b,エメラルド,,,,,,,03syujinko_m.PNG,,,ホウエン地方,,8,,
1182,シュウサク,主人公,3b,エメラルド,,,,,,,03syujinko_m.PNG,,,ホウエン地方,,8,,
1183,セイゴ,主人公,3b,エメラルド,,,,,,,03syujinko_m.PNG,,,ホウエン地方,,8,,
1184,ダイサク,主人公,3b,エメラルド,,,,,,,03syujinko_m.PNG,,,ホウエン地方,,8,,
1185,タカヒト,主人公,3b,エメラルド,,,,,,,03syujinko_m.PNG,,,ホウエン地方,,8,,
1186,タツヤ,主人公,3b,エメラルド,,,,,,,03syujinko_m.PNG,,,ホウエン地方,,8,,
1187,ダニエル,主人公,3b,エメラルド,,,,,,,03syujinko_m.PNG,,,ホウエン地方,,8,,
1188,テルキ,主人公,3b,エメラルド,,,,,,,03syujinko_m.PNG,,,ホウエン地方,,8,,
1189,トム,主人公,3b,エメラルド,,,,,,,03syujinko_m.PNG,,,ホウエン地方,,8,,
1190,トモヤ,主人公,3b,エメラルド,,,,,,,03syujinko_m.PNG,,,ホウエン地方,,8,,
1191,ユキヒコ,主人公,3b,エメラルド,,,,,,,03syujinko_m.PNG,,,ホウエン地方,,8,,
1192,ラルド,主人公,3b,エメラルド,,,,,,,03syujinko_m.PNG,,,ホウエン地方,,8,,
1193,リクヤ,主人公,3b,エメラルド,,,,,,,03syujinko_m.PNG,,,ホウエン地方,,8,,
1194,リチャード,主人公,3b,エメラルド,,,,,,,03syujinko_m.PNG,,,ホウエン地方,,8,,
1195,リュウ,主人公,3b,エメラルド,,,,,,,03syujinko_m.PNG,,,ホウエン地方,,8,,
1196,リョウタ,主人公,3b,エメラルド,,,,,,,03syujinko_m.PNG,,,ホウエン地方,,8,,
1197,ミツル,ライバル,3,ルビー・サファイア,ラルトス（サーナイト）,チルタリス,エネコロロ,ロゼリア,レアコイル,,,,,ホウエン地方,,6,,
1198,オダマキ,ポケモンはかせ,3,ルビー・サファイア,,,,,,,03_pr_odamaki.PNG,,さいしょのポケモンとポケモン図鑑,ホウエン地方,ミシロタウン,6,,
1199,ハギ,老人,3,ルビー・サファイア,キャモメ,,,,,,,,,ホウエン地方,ミシロタウン,6,,
1200,ツワブキ,ツワブキ・ムクゲ,3,ルビー・サファイア,,,,,,,,,ポケナビ,ホウエン地方,トウカシティ,6,,
1201,ムクゲ,ツワブキ・ムクゲ,3,ルビー・サファイア,,,,,,,,,ポケナビ,ホウエン地方,トウカシティ,6,,
1202,ツガ,タイドリップ号設計者,3,ルビー・サファイア,,,,,,,,,,ホウエン地方,カイナシティ,6,,
1203,クスノキ,海の博物館館長・潜水艇艦長,3,ルビー・サファイア,,,,,,,,,,ホウエン地方,,6,,
1204,タカオ,ソライシ博士,3,ルビー・サファイア,,,,,,,,,わざマシン,ホウエン地方,,6,,
1205,ミチル,ミツルのいとこ,3,ルビー・サファイア,,,,,,,,,,ホウエン地方,,6,,
1206,キリ,少女,3,ルビー・サファイア,,,,,,,,,,ホウエン地方,ルネシティ,6,,
1207,エニシダ,バトルフロンティアオーナー,3b,エメラルド,,,,,,,,,,ホウエン地方,,8,,
1208,ギリー,ひみつきちマスター,3c,オメガルビー・アルファサファイア,フライゴン,,,,,,,,,ホウエン地方,,15,,
1209,ルチア,コンテストアイドル,3c,オメガルビー・アルファサファイア,チルタリス,,,,,,,,コンテストパス、ポロックケース、衣装など,ホウエン地方,,15,,
1210,ライゾウ,ソライシ・ライゾウ,3c,オメガルビー・アルファサファイア,,,,,,,,,,ホウエン地方,,15,,
1211,ヒガナ,流民の民の末裔,3c,オメガルビー・アルファサファイア,ゴニョニョ,ガチゴラス,チルタリス,ボーマンダ,,,,,,ホウエン地方,,15,,
1212,ハンサム,国際警察の刑事,3c,オメガルビー・アルファサファイア,,,,,,,,,,ホウエン地方,,15,,
1213,ツツジ,ジムリーダー,3,ルビー・サファイア,イシツブテ,ノズパス,,,,,,,ストーンバッジとわざマシンと1500円,ホウエン地方,カナズミジム,6,いわ,
1214,トウキ,ジムリーダー,3,ルビー・サファイア,ワンリキー,マクノシタ,,,,,,,ナックルバッジとわざマシンと1800円,ホウエン地方,ムロジム,6,かくとう,
1215,テッセン,ジムリーダー,3,ルビー・サファイア,コイル,ビリリダマ,レアコイル,,,,,,ダイナモバッジとわざマシンと2300円,ホウエン地方,キンセツジム,6,でんき,
1216,アスナ,ジムリーダー,3,ルビー・サファイア,マグマッグ,マグマッグ,コータス,,,,,,ヒートバッジとわざマシンと2800円,ホウエン地方,フエンジム,6,ほのお,
1217,センリ,ジムリーダー,3,ルビー・サファイア,ケッキング,ヤルキモノ,ケッキング,,,,,,バランスバッジとわざマシンと3100円,ホウエン地方,トウカジム,6,ノーマル,
1218,ナギ,ジムリーダー,3,ルビー・サファイア,オオスバメ,パリッパー,エアームド,チルタリス,,,,,フェザーバッジとわざマシンと3300円,ホウエン地方,ヒワマキジム,6,ひこう,
1219,フウ,ジムリーダー,3,ルビー・サファイア,ルナトーン,ソルロック,,,,,,,マインドバッジとわざマシンと8400円,ホウエン地方,トクサネジム,6,エスパー,
1220,ラン,ジムリーダー,3,ルビー・サファイア,ルナトーン,ソルロック,,,,,,,マインドバッジとわざマシンと8400円,ホウエン地方,トクサネジム,6,エスパー,
1221,ミクリ,ジムリーダー,3,ルビー・サファイア,ラブカス,ナマズン,トドクラー,アズマオウ,ミロカロス,,,,レインバッジとわざマシンと4300円,ホウエン地方,ルネジム,6,みず,
1222,アダン,ジムリーダー,3b,エメラルド,ラブカス,ナマズン,トドグラー,シザリガー,キングドラ,,,,レインバッジとわざマシンと4600円,ホウエン地方,ルネジム,8,みず,
1223,ミクリ,チャンピオン,3b,エメラルド,ホエルオー,ドククラゲ,ルンパッパ,ナマズン,ギャラドス,ミロカロス,,,11600円,ホウエン地方,,8,,
1224,チホ,主人公,2b,クリスタル,,,,,,,02syujinko_f.PNG,,,ジョウト地方,,5,,
1225,キヨミ,主人公,2b,クリスタル,,,,,,,02syujinko_f.PNG,,,ジョウト地方,,5,,
1226,サトコ,主人公,2b,クリスタル,,,,,,,02syujinko_f.PNG,,,ジョウト地方,,5,,
1227,ムツミ,主人公,3,ルビー・サファイア,,,,,,,03syujinko_f.PNG,,,ホウエン地方,,6,,
1228,アイコ,主人公,3,ルビー・サファイア,,,,,,,03syujinko_f.PNG,,,ホウエン地方,,6,,
1229,マキコ,主人公,3,ルビー・サファイア,,,,,,,03syujinko_f.PNG,,,ホウエン地方,,6,,
1230,キョウコ,主人公,3,ルビー・サファイア,,,,,,,03syujinko_f.PNG,,,ホウエン地方,,6,,
1231,ナミ,主人公,3,ルビー・サファイア,,,,,,,03syujinko_f.PNG,,,ホウエン地方,,6,,
1232,アヤナ,主人公,3b,エメラルド,,,,,,,03syujinko_f.PNG,,,ホウエン地方,,8,,
1233,アン,主人公,3b,エメラルド,,,,,,,03syujinko_f.PNG,,,ホウエン地方,,8,,
1234,エミィ,主人公,3b,エメラルド,,,,,,,03syujinko_f.PNG,,,ホウエン地方,,8,,
1235,カオリ,主人公,3b,エメラルド,,,,,,,03syujinko_f.PNG,,,ホウエン地方,,8,,
1236,カレン,主人公,3b,エメラルド,,,,,,,03syujinko_f.PNG,,,ホウエン地方,,8,,
1237,サエ,主人公,3b,エメラルド,,,,,,,03syujinko_f.PNG,,,ホウエン地方,,8,,
1238,スイ,主人公,3b,エメラルド,,,,,,,03syujinko_f.PNG,,,ホウエン地方,,8,,
1239,ジュリ,主人公,3b,エメラルド,,,,,,,03syujinko_f.PNG,,,ホウエン地方,,8,,
1240,チエミ,主人公,3b,エメラルド,,,,,,,03syujinko_f.PNG,,,ホウエン地方,,8,,
1241,チヨコ,主人公,3b,エメラルド,,,,,,,03syujinko_f.PNG,,,ホウエン地方,,8,,
1242,テルコ,主人公,3b,エメラルド,,,,,,,03syujinko_f.PNG,,,ホウエン地方,,8,,
1243,ナナエ,主人公,3b,エメラルド,,,,,,,03syujinko_f.PNG,,,ホウエン地方,,8,,
1244,ヒナ,主人公,3b,エメラルド,,,,,,,03syujinko_f.PNG,,,ホウエン地方,,8,,
1245,マキコ,主人公,3b,エメラルド,,,,,,,03syujinko_f.PNG,,,ホウエン地方,,8,,
1246,ミサコ,主人公,3b,エメラルド,,,,,,,03syujinko_f.PNG,,,ホウエン地方,,8,,
1247,モニカ,主人公,3b,エメラルド,,,,,,,03syujinko_f.PNG,,,ホウエン地方,,8,,
1248,ユウメ,主人公,3b,エメラルド,,,,,,,03syujinko_f.PNG,,,ホウエン地方,,8,,
1249,リーフ,主人公,1c,ファイアレッド・リーフグリーン,,,,,,,01syujinko_f.PNG,,,カントー地方,,7,,
1250,グリーン,主人公,1c,ファイアレッド・リーフグリーン,,,,,,,01syujinko_f.PNG,,,カントー地方,,7,,
1251,キヨミ,主人公,1c,ファイアレッド・リーフグリーン,,,,,,,01syujinko_f.PNG,,,カントー地方,,7,,
1252,サトコ,主人公,1c,ファイアレッド・リーフグリーン,,,,,,,01syujinko_f.PNG,,,カントー地方,,7,,
1253,チホ,主人公,1c,ファイアレッド・リーフグリーン,,,,,,,01syujinko_f.PNG,,,カントー地方,,7,,
1254,キョウコ,主人公,1c,ファイアレッド・リーフグリーン,,,,,,,01syujinko_f.PNG,,,カントー地方,,7,,
1255,マキコ,主人公,1c,ファイアレッド・リーフグリーン,,,,,,,01syujinko_f.PNG,,,カントー地方,,7,,
1256,ミキコ,主人公,1c,ファイアレッド・リーフグリーン,,,,,,,01syujinko_f.PNG,,,カントー地方,,7,,
1257,ミチコ,主人公,1c,ファイアレッド・リーフグリーン,,,,,,,01syujinko_f.PNG,,,カントー地方,,7,,
1258,ジュンコ,主人公,1c,ファイアレッド・リーフグリーン,,,,,,,01syujinko_f.PNG,,,カントー地方,,7,,
1259,アヤコ,主人公,1c,ファイアレッド・リーフグリーン,,,,,,,01syujinko_f.PNG,,,カントー地方,,7,,
1260,リエ,主人公,1c,ファイアレッド・リーフグリーン,,,,,,,01syujinko_f.PNG,,,カントー地方,,7,,
1261,セツコ,主人公,1c,ファイアレッド・リーフグリーン,,,,,,,01syujinko_f.PNG,,,カントー地方,,7,,
1262,ユキコ,主人公,1c,ファイアレッド・リーフグリーン,,,,,,,01syujinko_f.PNG,,,カントー地方,,7,,
1263,マミナ,主人公,1c,ファイアレッド・リーフグリーン,,,,,,,01syujinko_f.PNG,,,カントー地方,,7,,
1264,ノリエ,主人公,1c,ファイアレッド・リーフグリーン,,,,,,,01syujinko_f.PNG,,,カントー地方,,7,,
1265,ヒサエ,主人公,1c,ファイアレッド・リーフグリーン,,,,,,,01syujinko_f.PNG,,,カントー地方,,7,,
1266,モモコ,主人公,1c,ファイアレッド・リーフグリーン,,,,,,,01syujinko_f.PNG,,,カントー地方,,7,,
1267,ミスズ,主人公,1c,ファイアレッド・リーフグリーン,,,,,,,01syujinko_f.PNG,,,カントー地方,,7,,
1268,ツネカズ,主人公,1b,青,,,,,,,01syujinko.PNG,,,カントー地方,,2,,
1269,ブルー,主人公,1b,青,,,,,,,01syujinko.PNG,,,カントー地方,,2,,
1270,ジャン,主人公,1b,青,,,,,,,01syujinko.PNG,,,カントー地方,,2,,
1271,イエロー,主人公,1p,ピカチュウ,,,,,,,01syujinko.PNG,,,カントー地方,,3,,
1272,レッド,主人公,1c,ファイアレッド・リーフグリーン,,,,,,,01syujinko.PNG,,,カントー地方,,7,,
1273,ファイア,主人公,1c,ファイアレッド・リーフグリーン,,,,,,,01syujinko.PNG,,,カントー地方,,7,,
1274,サトシ,主人公,1c,ファイアレッド・リーフグリーン,,,,,,,01syujinko.PNG,,,カントー地方,,7,,
1275,ケン,主人公,1c,ファイアレッド・リーフグリーン,,,,,,,01syujinko.PNG,,,カントー地方,,7,,
1276,シゲキ,主人公,1c,ファイアレッド・リーフグリーン,,,,,,,01syujinko.PNG,,,カントー地方,,7,,
1277,ツネカズ,主人公,1c,ファイアレッド・リーフグリーン,,,,,,,01syujinko.PNG,,,カントー地方,,7,,
1278,サトル,主人公,1c,ファイアレッド・リーフグリーン,,,,,,,01syujinko.PNG,,,カントー地方,,7,,
1279,ジャック,主人公,1c,ファイアレッド・リーフグリーン,,,,,,,01syujinko.PNG,,,カントー地方,,7,,
1280,ジャン,主人公,1c,ファイアレッド・リーフグリーン,,,,,,,01syujinko.PNG,,,カントー地方,,7,,
1281,ジョン,主人公,1c,ファイアレッド・リーフグリーン,,,,,,,01syujinko.PNG,,,カントー地方,,7,,
1282,カモン,主人公,1c,ファイアレッド・リーフグリーン,,,,,,,01syujinko.PNG,,,カントー地方,,7,,
1283,タカシ,主人公,1c,ファイアレッド・リーフグリーン,,,,,,,01syujinko.PNG,,,カントー地方,,7,,
1284,テツオ,主人公,1c,ファイアレッド・リーフグリーン,,,,,,,01syujinko.PNG,,,カントー地方,,7,,
1285,トオル,主人公,1c,ファイアレッド・リーフグリーン,,,,,,,01syujinko.PNG,,,カントー地方,,7,,
1286,ヒロキ,主人公,1c,ファイアレッド・リーフグリーン,,,,,,,01syujinko.PNG,,,カントー地方,,7,,
1287,マサオ,主人公,1c,ファイアレッド・リーフグリーン,,,,,,,01syujinko.PNG,,,カントー地方,,7,,
1288,タカオ,主人公,1c,ファイアレッド・リーフグリーン,,,,,,,01syujinko.PNG,,,カントー地方,,7,,
1289,タケヒロ,主人公,1c,ファイアレッド・リーフグリーン,,,,,,,01syujinko.PNG,,,カントー地方,,7,,
1290,ケイ,主人公,1c,ファイアレッド・リーフグリーン,,,,,,,01syujinko.PNG,,,カントー地方,,7,,
1291,ヒトシ,主人公,1c,ファイアレッド・リーフグリーン,,,,,,,01syujinko.PNG,,,カントー地方,,7,,
1292,ヒロアキ,主人公,1c,ファイアレッド・リーフグリーン,,,,,,,01syujinko.PNG,,,カントー地方,,7,,
1293,ヒビキ,主人公,2c,ハートゴールド・ソウルシルバー,,,,,,,02_2syujinko_m.PNG,,,ジョウト地方,,11,,
1294,シルバー,ライバル,2c,ハートゴールド・ソウルシルバー,,,,,,,HGSS_rv_silver.PNG,,,ジョウト地方,,11,,
1295,ハート,主人公,2c,ハートゴールド・ソウルシルバー,,,,,,,02_2syujinko_f.PNG,,,ジョウト地方,,11,,
1296,ソウル,主人公,2c,ハートゴールド・ソウルシルバー,,,,,,,02_2syujinko_m.PNG,,,ジョウト地方,,11,,
1297,サトシ,主人公,2c,ハートゴールド・ソウルシルバー,,,,,,,02_2syujinko_m.PNG,,,ジョウト地方,,11,,
1298,ケン,主人公,2c,ハートゴールド・ソウルシルバー,,,,,,,02_2syujinko_m.PNG,,,ジョウト地方,,11,,
1299,カケル,主人公,2c,ハートゴールド・ソウルシルバー,,,,,,,02_2syujinko_m.PNG,,,ジョウト地方,,11,,
1300,ジャック,主人公,2c,ハートゴールド・ソウルシルバー,,,,,,,02_2syujinko_m.PNG,,,ジョウト地方,,11,,
1301,ジャン,主人公,2c,ハートゴールド・ソウルシルバー,,,,,,,02_2syujinko_m.PNG,,,ジョウト地方,,11,,
1302,ジョン,主人公,2c,ハートゴールド・ソウルシルバー,,,,,,,02_2syujinko_m.PNG,,,ジョウト地方,,11,,
1303,カモン,主人公,2c,ハートゴールド・ソウルシルバー,,,,,,,02_2syujinko_m.PNG,,,ジョウト地方,,11,,
1304,タカシ,主人公,2c,ハートゴールド・ソウルシルバー,,,,,,,02_2syujinko_m.PNG,,,ジョウト地方,,11,,
1305,テツオ,主人公,2c,ハートゴールド・ソウルシルバー,,,,,,,02_2syujinko_m.PNG,,,ジョウト地方,,11,,
1306,トオル,主人公,2c,ハートゴールド・ソウルシルバー,,,,,,,02_2syujinko_m.PNG,,,ジョウト地方,,11,,
1307,ヒロキ,主人公,2c,ハートゴールド・ソウルシルバー,,,,,,,02_2syujinko_m.PNG,,,ジョウト地方,,11,,
1308,マサオ,主人公,2c,ハートゴールド・ソウルシルバー,,,,,,,02_2syujinko_m.PNG,,,ジョウト地方,,11,,
1309,タカオ,主人公,2c,ハートゴールド・ソウルシルバー,,,,,,,02_2syujinko_m.PNG,,,ジョウト地方,,11,,
1310,タケヒロ,主人公,2c,ハートゴールド・ソウルシルバー,,,,,,,02_2syujinko_m.PNG,,,ジョウト地方,,11,,
1311,トウゴ,主人公,2c,ハートゴールド・ソウルシルバー,,,,,,,02_2syujinko_m.PNG,,,ジョウト地方,,11,,
1312,ヒトシ,主人公,2c,ハートゴールド・ソウルシルバー,,,,,,,02_2syujinko_m.PNG,,,ジョウト地方,,11,,
1313,ヨシナオ,主人公,2c,ハートゴールド・ソウルシルバー,,,,,,,02_2syujinko_m.PNG,,,ジョウト地方,,11,,
1314,コトネ,主人公,2c,ハートゴールド・ソウルシルバー,,,,,,,02_2syujinko_f.PNG,,,ジョウト地方,,11,,
1315,キヨミ,主人公,2c,ハートゴールド・ソウルシルバー,,,,,,,02_2syujinko_f.PNG,,,ジョウト地方,,11,,
1316,サトコ,主人公,2c,ハートゴールド・ソウルシルバー,,,,,,,02_2syujinko_f.PNG,,,ジョウト地方,,11,,
1317,チホ,主人公,2c,ハートゴールド・ソウルシルバー,,,,,,,02_2syujinko_f.PNG,,,ジョウト地方,,11,,
1318,イオリ,主人公,2c,ハートゴールド・ソウルシルバー,,,,,,,02_2syujinko_f.PNG,,,ジョウト地方,,11,,
1319,マキコ,主人公,2c,ハートゴールド・ソウルシルバー,,,,,,,02_2syujinko_f.PNG,,,ジョウト地方,,11,,
1320,ミキコ,主人公,2c,ハートゴールド・ソウルシルバー,,,,,,,02_2syujinko_f.PNG,,,ジョウト地方,,11,,
1321,ウララ,主人公,2c,ハートゴールド・ソウルシルバー,,,,,,,02_2syujinko_f.PNG,,,ジョウト地方,,11,,
1322,ジュンコ,主人公,2c,ハートゴールド・ソウルシルバー,,,,,,,02_2syujinko_f.PNG,,,ジョウト地方,,11,,
1323,フウカ,主人公,2c,ハートゴールド・ソウルシルバー,,,,,,,02_2syujinko_f.PNG,,,ジョウト地方,,11,,
1324,リエ,主人公,2c,ハートゴールド・ソウルシルバー,,,,,,,02_2syujinko_f.PNG,,,ジョウト地方,,11,,
1325,セツコ,主人公,2c,ハートゴールド・ソウルシルバー,,,,,,,02_2syujinko_f.PNG,,,ジョウト地方,,11,,
1326,ニッキ,主人公,2c,ハートゴールド・ソウルシルバー,,,,,,,02_2syujinko_f.PNG,,,ジョウト地方,,11,,
1327,マミナ,主人公,2c,ハートゴールド・ソウルシルバー,,,,,,,02_2syujinko_f.PNG,,,ジョウト地方,,11,,
1328,ノリコ,主人公,2c,ハートゴールド・ソウルシルバー,,,,,,,02_2syujinko_f.PNG,,,ジョウト地方,,11,,
1329,ユミカ,主人公,2c,ハートゴールド・ソウルシルバー,,,,,,,02_2syujinko_f.PNG,,,ジョウト地方,,11,,
1330,モモコ,主人公,2c,ハートゴールド・ソウルシルバー,,,,,,,02_2syujinko_f.PNG,,,ジョウト地方,,11,,
1331,ミスズ,主人公,2c,ハートゴールド・ソウルシルバー,,,,,,,02_2syujinko_f.PNG,,,ジョウト地方,,11,,
1332,コウキ,主人公,4,ダイヤモンド・パール,,,,,,,04syujinko_m.PNG,,,シンオウ地方,,9,,
1333,ダイヤ,主人公,4,ダイヤモンド・パール,,,,,,,04syujinko_m.PNG,,,シンオウ地方,,9,,
1334,パール,主人公,4,ダイヤモンド・パール,,,,,,,04syujinko_m.PNG,,,シンオウ地方,,9,,
1335,プラチナ,主人公,4,ダイヤモンド・パール,,,,,,,04syujinko_m.PNG,,,シンオウ地方,,9,,
1336,サトシ,主人公,4,ダイヤモンド・パール,,,,,,,04syujinko_m.PNG,,,シンオウ地方,,9,,
1337,ケン,主人公,4,ダイヤモンド・パール,,,,,,,04syujinko_m.PNG,,,シンオウ地方,,9,,
1338,シゲキ,主人公,4,ダイヤモンド・パール,,,,,,,04syujinko_m.PNG,,,シンオウ地方,,9,,
1339,ジャック,主人公,4,ダイヤモンド・パール,,,,,,,04syujinko_m.PNG,,,シンオウ地方,,9,,
1340,ジャン,主人公,4,ダイヤモンド・パール,,,,,,,04syujinko_m.PNG,,,シンオウ地方,,9,,
1341,ジョン,主人公,4,ダイヤモンド・パール,,,,,,,04syujinko_m.PNG,,,シンオウ地方,,9,,
1342,カモン,主人公,4,ダイヤモンド・パール,,,,,,,04syujinko_m.PNG,,,シンオウ地方,,9,,
1343,タカシ,主人公,4,ダイヤモンド・パール,,,,,,,04syujinko_m.PNG,,,シンオウ地方,,9,,
1344,テツオ,主人公,4,ダイヤモンド・パール,,,,,,,04syujinko_m.PNG,,,シンオウ地方,,9,,
1345,トオル,主人公,4,ダイヤモンド・パール,,,,,,,04syujinko_m.PNG,,,シンオウ地方,,9,,
1346,ヒロキ,主人公,4,ダイヤモンド・パール,,,,,,,04syujinko_m.PNG,,,シンオウ地方,,9,,
1347,マサオ,主人公,4,ダイヤモンド・パール,,,,,,,04syujinko_m.PNG,,,シンオウ地方,,9,,
1348,タカオ,主人公,4,ダイヤモンド・パール,,,,,,,04syujinko_m.PNG,,,シンオウ地方,,9,,
1349,タケヒロ,主人公,4,ダイヤモンド・パール,,,,,,,04syujinko_m.PNG,,,シンオウ地方,,9,,
1350,ケイ,主人公,4,ダイヤモンド・パール,,,,,,,04syujinko_m.PNG,,,シンオウ地方,,9,,
1351,ヒトシ,主人公,4,ダイヤモンド・パール,,,,,,,04syujinko_m.PNG,,,シンオウ地方,,9,,
1352,ヒロアキ,主人公,4,ダイヤモンド・パール,,,,,,,04syujinko_m.PNG,,,シンオウ地方,,9,,
1353,ヒカリ,主人公,4,ダイヤモンド・パール,,,,,,,04syujinko_f.PNG,,,シンオウ地方,,9,,
1354,キヨミ,主人公,4,ダイヤモンド・パール,,,,,,,04syujinko_f.PNG,,,シンオウ地方,,9,,
1355,ハル,主人公,4,ダイヤモンド・パール,,,,,,,04syujinko_f.PNG,,,シンオウ地方,,9,,
1356,サトコ,主人公,4,ダイヤモンド・パール,,,,,,,04syujinko_f.PNG,,,シンオウ地方,,9,,
1357,チホ,主人公,4,ダイヤモンド・パール,,,,,,,04syujinko_f.PNG,,,シンオウ地方,,9,,
1358,キョウコ,主人公,4,ダイヤモンド・パール,,,,,,,04syujinko_f.PNG,,,シンオウ地方,,9,,
1359,マキコ,主人公,4,ダイヤモンド・パール,,,,,,,04syujinko_f.PNG,,,シンオウ地方,,9,,
1360,ミキコ,主人公,4,ダイヤモンド・パール,,,,,,,04syujinko_f.PNG,,,シンオウ地方,,9,,
1361,ミチコ,主人公,4,ダイヤモンド・パール,,,,,,,04syujinko_f.PNG,,,シンオウ地方,,9,,
1362,ジュンコ,主人公,4,ダイヤモンド・パール,,,,,,,04syujinko_f.PNG,,,シンオウ地方,,9,,
1363,チナミ,主人公,4,ダイヤモンド・パール,,,,,,,04syujinko_f.PNG,,,シンオウ地方,,9,,
1364,リエ,主人公,4,ダイヤモンド・パール,,,,,,,04syujinko_f.PNG,,,シンオウ地方,,9,,
1365,セツコ,主人公,4,ダイヤモンド・パール,,,,,,,04syujinko_f.PNG,,,シンオウ地方,,9,,
1366,ユキコ,主人公,4,ダイヤモンド・パール,,,,,,,04syujinko_f.PNG,,,シンオウ地方,,9,,
1367,マミナ,主人公,4,ダイヤモンド・パール,,,,,,,04syujinko_f.PNG,,,シンオウ地方,,9,,
1368,ノリコ,主人公,4,ダイヤモンド・パール,,,,,,,04syujinko_f.PNG,,,シンオウ地方,,9,,
1369,ヒサエ,主人公,4,ダイヤモンド・パール,,,,,,,04syujinko_f.PNG,,,シンオウ地方,,9,,
1370,モモコ,主人公,4,ダイヤモンド・パール,,,,,,,04syujinko_f.PNG,,,シンオウ地方,,9,,
1371,ミスズ,主人公,4,ダイヤモンド・パール,,,,,,,04syujinko_f.PNG,,,シンオウ地方,,9,,
1372,トウヤ,主人公,5,ブラック・ホワイト,,,,,,,05syujinko_m.PNG,,,イッシュ地方,,12,,
1373,ブラック,主人公,5,ブラック・ホワイト,,,,,,,05syujinko_m.PNG,,,イッシュ地方,,12,,
1374,トウコ,主人公,5,ブラック・ホワイト,,,,,,,05syujinko_f.PNG,,,イッシュ地方,,12,,
1375,ホワイト,主人公,5,ブラック・ホワイト,,,,,,,05syujinko_f.PNG,,,イッシュ地方,,12,,
1376,キョウヘイ,主人公,5b,ブラック2・ホワイト2,,,,,,,05_2syujinko_m.PNG,,,イッシュ地方,,13,,
1377,メイ,主人公,5b,ブラック2・ホワイト2,,,,,,,05_2syujinko_f.PNG,,,イッシュ地方,,13,,
1378,カルム,主人公,6,X・Y,,,,,,,06syujinko_m.PNG,,,カロス地方,,14,,
1379,エックス,主人公,6,X・Y,,,,,,,06syujinko_m.PNG,,,カロス地方,,14,,
1380,セレナ,主人公,6,X・Y,,,,,,,06syujinko_f.PNG,,,カロス地方,,14,,
1381,ワイ,主人公,6,X・Y,,,,,,,06syujinko_f.PNG,,,カロス地方,,14,,
1382,カルム,ライバル,6,X・Y,,,,,,,06syujinko_m.PNG,,,カロス地方,,14,,
1383,セレナ,ライバル,6,X・Y,,,,,,,06syujinko_f.PNG,,,カロス地方,,14,,
1384,ヨウ,主人公,7,サン・ムーン,,,,,,,07syujinko_m.PNG,,,アローラ地方,,16,,
1385,ミヅキ,主人公,7,サン・ムーン,,,,,,,07syujinko_f.PNG,,,アローラ地方,,16,,
1386,ナリヤ,ポケモンはかせ（ナリヤ・オーキド）,7,サン・ムーン,,,,,,,07_pr_okd.PNG,,ラブラブボール、フレンドボール、ルアーボール、ムーンボール,アローラ地方,マリエシティ,16,,
1387,カケル,主人公,pv,Let's go!ピカチュウ・Let's go!イーブイ,,,,,,,pv_syujinko_m.PNG,,,カントー地方,,18,,
1388,アユミ,主人公,pv,Let's go!ピカチュウ・Let's go!イーブイ,,,,,,,pv_syujinko_f.PNG,,,カントー地方,,18,,
1389,マサル,主人公,8,ソード・シールド,,,,,,,08syujinko_m.PNG,,,ガラル地方,,19,,
1390,ユウリ,主人公,8,ソード・シールド,,,,,,,08syujinko_f.PNG,,,ガラル地方,,19,,
1391,テル,主人公,8l,Pokémon LEGENDS アルセウス,,,,,,,LA_syujinko_m.PNG,,,ヒスイ地方,,21,,
1392,ショウ,主人公,8l,Pokémon LEGENDS アルセウス,,,,,,,LA_syujinko_f.PNG,,,ヒスイ地方,,21,,
1393,ハルト,主人公,9,スカーレット・バイオレット,,,,,,,09_syujinko_m.PNG,,,パルデア地方,,22,,
1394,アオイ,主人公,9,スカーレット・バイオレット,,,,,,,09_syujinko_f.PNG,,,パルデア地方,,22,,
1395,キョウヤ,主人公,6l,Pokémon LEGENDS Z-A,,,,,,,ZA_syujinko_m.PNG,,,カロス地方,,23,,
1396,セイカ,主人公,6l,Pokémon LEGENDS Z-A,,,,,,,ZA_syujinko_f.PNG,,,カロス地方,,23,,
1397,ケン,エリートトレーナー,2,金・銀,ヒトカゲ,フシギダネ,ゼニガメ,,,,02_elite_m.PNG,,1248円,ジョウト地方,つながりのどうくつ,4,,
1398,ヒヅキ,エリートトレーナー,2,金・銀,イーブイ,シャワーズ,サンダース,ブースター,,,02_elite_f.PNG,,1248円,ジョウト地方,つながりのどうくつ,4,,
1399,サリナ,エリートトレーナー,2,金・銀,ニョロゾ,,,,,,02_elite_f.PNG,,1344円,ジョウト地方,つながりのどうくつ,4,,
1400,マリサ,エリートトレーナー,2,金・銀,トサキント,アズマオウ,,,,,02_elite_f.PNG,,1152円,ジョウト地方,34ばんどうろ,4,,
1401,マリカ,エリートトレーナー,2,金・銀,ヒトデマン,スターミー,,,,,02_elite_f.PNG,,1248円,ジョウト地方,34ばんどうろ,4,,
1402,マリア,エリートトレーナー,2,金・銀,シェルダー,パルシェン,,,,,02_elite_f.PNG,,1344円,ジョウト地方,34ばんどうろ,4,,
1403,ユウ,エリートトレーナー,2,金・銀,フシギソウ,リザード,カメール,,,,02_elite_m.PNG,,1152円,ジョウト地方,いかりのみずうみ,4,,
1404,チヒロ,エリートトレーナー,2,金・銀,ポポッコ,キュウコン,,,,,02_elite_f.PNG,,1200円,ジョウト地方,いかりのみずうみ,4,,
1405,ノゾミ,エリートトレーナー,2,金・銀,バタフリー,キレイハナ,,,,,02_elite_f.PNG,,1200円,ジョウト地方,44ばんどうろ,4,,
1406,ゴウ,エリートトレーナー,2,金・銀,リザード,,,,,,02_elite_m.PNG,,1296円,ジョウト地方,44ばんどうろ,4,,
1407,マサル,エリートトレーナー,2,金・銀,ミニリュウ,ミニリュウ,ミニリュウ,,,,02_elite_m.PNG,,1632円,ジョウト地方,フスベジム,4,,
1408,テツロウ,エリートトレーナー,2,金・銀,ハクリュー,,,,,,02_elite_m.PNG,,1776円,ジョウト地方,フスベジム,4,,
1409,マリコ,エリートトレーナー,2,金・銀,ミニリュウ,ハクリュー,,,,,02_elite_f.PNG,,1728円,ジョウト地方,フスベジム,4,,
1410,トモヒコ,エリートトレーナー,2,金・銀,タッツー,シードラ,,,,,02_elite_m.PNG,,1728円,ジョウト地方,フスベジム,4,,
1411,トモエ,エリートトレーナー,2,金・銀,シードラ,,,,,,02_elite_f.PNG,,1776円,ジョウト地方,フスベジム,4,,
1412,イサム,エリートトレーナー,2,金・銀,ピジョット,エレブー,,,,,02_elite_m.PNG,,1296円,ジョウト地方,45ばんどうろ,4,,
1413,カレン,エリートトレーナー,2,金・銀,マリル,カメール,カメール,,,,02_elite_f.PNG,,1152円,ジョウト地方,45ばんどうろ,4,,
1414,アヤカ,エリートトレーナー,2,金・銀,フシギダネ,フシギソウ,フシギバナ,,,,02_elite_f.PNG,,1536円,ジョウト地方,27ばんどうろ,4,,
1415,ヒデユキ,エリートトレーナー,2,金・銀,レアコイル,ヌオー,タマタマ,,,,02_elite_m.PNG,,1488円,ジョウト地方,27ばんどうろ,4,,
1416,タクヤ,エリートトレーナー,2,金・銀,サンドパン,,,,,,02_elite_m.PNG,,1680円,ジョウト地方,27ばんどうろ,4,,
1417,ナツホ,エリートトレーナー,2,金・銀,スターミー,ニドクイン,スターミー,,,,02_elite_f.PNG,,1488円、1632円、1776円,ジョウト地方,27ばんどうろ,4,,
1418,レイカ,エリートトレーナー,2,金・銀,ピカチュウ,カメックス,,,,,02_elite_f.PNG,,1536円,ジョウト地方,26ばんどうろ,4,,
1419,シュン,エリートトレーナー,2,金・銀,ウツボット,キングラー,ブースター,,,,02_elite_m.PNG,,1536円、1632円、1824円,ジョウト地方,26ばんどうろ,4,,
1420,ユウキ,エリートトレーナー,2,金・銀,パラセクト,ゴルダック,,,,,02_elite_m.PNG,,1680円,ジョウト地方,26ばんどうろ,4,,
1421,ヒトミ,エリートトレーナー,2,金・銀,ギャロップ,,,,,,02_elite_f.PNG,,1728円、1848円、2016円,ジョウト地方,26ばんどうろ,4,,
1422,シンジ,エリートトレーナー,2,金・銀,ブースター,モンジャラ,ケンタロス,,,,02_elite_m.PNG,,1680円,ジョウト地方,アクアごう,4,,
1423,ナナコ,エリートトレーナー,2,金・銀,マルマイン,スターミー,キュウコン,,,,02_elite_f.PNG,,1680円,ジョウト地方,アクアごう,4,,
1424,カズキ,エリートトレーナー,2,金・銀,サイホーン,リザード,カメール,,,,02_elite_m.PNG,,1680円,ジョウト地方,25ばんどうろ,4,,
1425,アイコ,エリートトレーナー,2,金・銀,フシギソウ,スターミー,,,,,02_elite_f.PNG,,1824円,ジョウト地方,1ばんどうろ,4,,
1426,リュウ,エリートトレーナー,2b,クリスタル,ハクリュー,,,,,,02_elite_m.PNG,,1776円,ジョウト地方,りゅうのあな,5,,
1427,ユミコ,エリートトレーナー,2b,クリスタル,タッツー,タッツー,タッツー,,,,02_elite_f.PNG,,1584円,ジョウト地方,りゅうのあな,5,,
1428,ユウスケ,エリートトレーナー,3,ルビー・サファイア,ラクライ（ライボルト）,ホエルコ,マクノシタ（ハリテヤマ）,,,,04_elite_m.PNG,,864円、1248円、1392円、1536円、1680円,ホウエン地方,111ばんどうろ,6,,
1429,マリア,エリートトレーナー,3,ルビー・サファイア,キャモメ（ペリッパー）,ドンメル（バクーダ）,ロゼリア,,,,04_elite_f.PNG,,864円、1248円、1392円、1536円、1680円,ホウエン地方,111ばんどうろ,6,,
1430,タクロウ,エリートトレーナー,3,ルビー・サファイア,カクレオン,,,,,,04_elite_m.PNG,,1152円,ホウエン地方,フエンジム,6,,
1431,トシキ,エリートトレーナー,3,ルビー・サファイア,エネコロロ,,,,,,04_elite_m.PNG,,1296円,ホウエン地方,トウカジム,6,,
1432,アヤカ,エリートトレーナー,3,ルビー・サファイア,エネコロロ,,,,,,04_elite_f.PNG,,1296円,ホウエン地方,トウカジム,6,,
1433,ヒデキ,エリートトレーナー,3,ルビー・サファイア,マッスグマ,,,,,,04_elite_m.PNG,,1296円,ホウエン地方,トウカジム,6,,
1434,ヒトミ,エリートトレーナー,3,ルビー・サファイア,マッスグマ,,,,,,04_elite_f.PNG,,1296円,ホウエン地方,トウカジム,6,,
1435,カズマ,エリートトレーナー,3,ルビー・サファイア,マッスグマ,,,,,,04_elite_m.PNG,,1296円,ホウエン地方,トウカジム,6,,
1436,サオリ,エリートトレーナー,3,ルビー・サファイア,ザングース,,,,,,04_elite_f.PNG,,1296円,ホウエン地方,トウカジム,6,,
1437,ナオキ,エリートトレーナー,3,ルビー・サファイア,ザングース,,,,,,04_elite_m.PNG,,1296円,ホウエン地方,トウカジム,6,,
1438,ヤエコ,エリートトレーナー,3,ルビー・サファイア,ミロカロス,,,,,,04_elite_f.PNG,,1488円,ホウエン地方,120ばんどうろ,6,,
1439,セツナ,エリートトレーナー,3,ルビー・サファイア,クチート,ロゼリア,ペリッパー,,,,04_elite_f.PNG,,1488円,ホウエン地方,123ばんどうろ,6,,
1440,ケン,エリートトレーナー,3,ルビー・サファイア,オオスバメ,ナックラー,ホエルコ,レアコイル,ダーテング,,04_elite_m.PNG,,1392円,ホウエン地方,123ばんどうろ,6,,
1441,ジュン,エリートトレーナー,3,ルビー・サファイア,ダーテング,ゴローン,ドゴーム,,,,04_elite_m.PNG,,1632円,ホウエン地方,128ばんすいどう,6,,
1442,サヤカ,エリートトレーナー,3,ルビー・サファイア,クサイハナ,マリルリ,,,,,04_elite_f.PNG,,1680円,ホウエン地方,128ばんすいどう,6,,
1443,レイジ,エリートトレーナー,3,ルビー・サファイア,ゴローン,マグカルゴ,ルンパッパ,,,,04_elite_m.PNG,,1632円,ホウエン地方,133ばんすいどう,6,,
1444,ショウ,エリートトレーナー,3,ルビー・サファイア,ライボルト,ベトベトン,,,,,04_elite_m.PNG,,2064円,ホウエン地方,チャンピオンロード,6,,
1445,アイリ,エリートトレーナー,3,ルビー・サファイア,ロゼリア,,,,,,04_elite_f.PNG,,2112円,ホウエン地方,チャンピオンロード,6,,
1446,コウキ,エリートトレーナー,3,ルビー・サファイア,ノクタス,,,,,,04_elite_m.PNG,,2112円,ホウエン地方,チャンピオンロード,6,,
1447,エリコ,エリートトレーナー,3,ルビー・サファイア,ネンドール,,,,,,04_elite_f.PNG,,2112円,ホウエン地方,チャンピオンロード,6,,
1448,タクヤ,エリートトレーナー,3,ルビー・サファイア,ドードリオ,コドラ,ユンゲラー,,,,04_elite_m.PNG,,2016円,ホウエン地方,チャンピオンロード,6,,
1449,カズミ,エリートトレーナー,3,ルビー・サファイア,ノズパス,チャーレム,ルンパッパ,,,,04_elite_f.PNG,,2016円,ホウエン地方,チャンピオンロード,6,,
1450,ヒヅキ,エリートトレーナー,3,ルビー・サファイア,サンドパン,キュウコン,,,,,04_elite_f.PNG,,2064円,ホウエン地方,チャンピオンロード,6,,
1451,カケル,エリートトレーナー,3,ルビー・サファイア,カクレオン,サイホーン,ドククラゲ,,,,04_elite_m.PNG,,2016円,ホウエン地方,チャンピオンロード,6,,
1452,コトミ,エリートトレーナー,3,ルビー・サファイア,クチート,ヤミラミ,,,,,04_elite_f.PNG,,2064円,ホウエン地方,チャンピオンロード,6,,
1453,リョウヘイ,エリートトレーナー,3,ルビー・サファイア,オオスバメ,ユンゲラー,ライボルト,ダーテング,,,04_elite_m.PNG,,2016円,ホウエン地方,チャンピオンロード,6,,
1454,ユウト,エリートトレーナー,3,ルビー・サファイア,ヤミラミ,チャーレム,サメハダー,,,,04_elite_m.PNG,,2112円,ホウエン地方,カラクリやしき,6,,
1455,マコト,エリートトレーナー,3,ルビー・サファイア,クチート,スターミー,,,,,04_elite_m.PNG,,2208円,ホウエン地方,カラクリやしき,6,,
1456,アンナ,エリートトレーナー,3,ルビー・サファイア,コドラ,ライボルト,,,,,04_elite_f.PNG,,2160円,ホウエン地方,カラクリやしき,6,,
1457,シュウサク,エリートトレーナー,3,ルビー・サファイア,ヘラクロス,ボーマンダ,メタグロス,,,,04_elite_m.PNG,,,ホウエン地方,トクサネシティ,6,,
1458,ミスケ,エリートトレーナー,3,ルビー・サファイア,サマヨール,クロバット,レジスチル,,,,04_elite_m.PNG,,,ホウエン地方,トクサネシティ,6,,
1459,トシコ,エリートトレーナー,3,ルビー・サファイア,シザリガー,マルマイン,バシャーモ,,,,04_elite_f.PNG,,,ホウエン地方,トクサネシティ,6,,
1460,ヒエイ,エリートトレーナー,3,ルビー・サファイア,オニゴーリ,エアームド,レジロック,,,,04_elite_m.PNG,,,ホウエン地方,トクサネシティ,6,,
1461,シズ,エリートトレーナー,3,ルビー・サファイア,スターミー,キノガッサ,ケッキング,,,,04_elite_f.PNG,,,ホウエン地方,トクサネシティ,6,,
1462,イハラ,エリートトレーナー,3,ルビー・サファイア,ダーテング,ホエルオー,ケッキング,,,,04_elite_m.PNG,,,ホウエン地方,トクサネシティ,6,,
1463,ウマミ,エリートトレーナー,3,ルビー・サファイア,アーマルド,ボスゴドラ,メタグロス,,,,04_elite_f.PNG,,,ホウエン地方,トクサネシティ,6,,
1464,ミハル,エリートトレーナー,3b,エメラルド,プクリン,,,,,,04_elite_f.PNG,,1248円,ホウエン地方,トウカジム,8,,
1465,セイカ,エリートトレーナー,3b,エメラルド,ライボルト,オオスバメ,ライボルト,,,,04_elite_f.PNG,,1152円,ホウエン地方,108ばんすいどう,8,,
1466,カズヒロ,エリートトレーナー,3b,エメラルド,ライボルト,,,,,,04_elite_m.PNG,,1440円,ホウエン地方,120ばんどうろ,8,,
1467,セツオ,エリートトレーナー,3b,エメラルド,ライボルト,ダーテング,,,,,04_elite_m.PNG,,1392円,ホウエン地方,121ばんどうろ,8,,
1468,トキコ,エリートトレーナー,3b,エメラルド,パッチール,ドゴーム（バクオング）,ヤルキモノ（ケッキング）,,,,04_elite_f.PNG,,1392円、1680円、1776円、1872円、1968円,ホウエン地方,121ばんどうろ,8,,
1469,ミワ,エリートトレーナー,3b,エメラルド,アブソル,,,,,,04_elite_f.PNG,,540円,ホウエン地方,123ばんどうろ,8,,
1470,ヨシオ,エリートトレーナー,3b,エメラルド,オオスバメ,ナックラー,ホエルコ,レアコイル,ダーテング,,04_elite_m.PNG,,1344円,ホウエン地方,123ばんどうろ,8,,
1471,エミリ,エリートトレーナー,3b,エメラルド,ライボルト,マッスグマ,,,,,04_elite_f.PNG,,1536円,ホウエン地方,127ばんすいどう,8,,
1472,ジュン,エリートトレーナー,3b,エメラルド,ダーテング,ノズパス,,,,,04_elite_m.PNG,,1632円,ホウエン地方,128ばんすいどう,8,,
1473,ナルミ,エリートトレーナー,3b,エメラルド,ペリッパー,バクーダ,,,,,04_elite_f.PNG,,1584円,ホウエン地方,132ばんすいどう,8,,
1474,リョウスケ,エリートトレーナー,3b,エメラルド,カクレオン,ドゴーム,,,,,04_elite_m.PNG,,1584円,ホウエン地方,132ばんすいどう,8,,
1475,リツコ,エリートトレーナー,3b,エメラルド,ライボルト,,,,,,04_elite_f.PNG,,1632円,ホウエン地方,134ばんすいどう,8,,
1476,スズカ,エリートトレーナー,3b,エメラルド,サーナイト,ケッキング,,,,,04_elite_f.PNG,,2064円,ホウエン地方,チャンピオンロード,8,,
1477,タダトシ,エリートトレーナー,3b,エメラルド,ケッキング,サマヨール,,,,,04_elite_m.PNG,,2064円,ホウエン地方,チャンピオンロード,8,,
1478,テッペイ,エリートトレーナー,3b,エメラルド,ルナトーン,ソルロック,,,,,04_elite_m.PNG,,2064円,ホウエン地方,チャンピオンロード,8,,
1479,ヒロエ,エリートトレーナー,3b,エメラルド,ヤミラミ,アブソル,,,,,04_elite_f.PNG,,2064円,ホウエン地方,チャンピオンロード,8,,
1480,ヒヅキ,エリートトレーナー,3b,エメラルド,サンドパン,キュウコン,トロピウス,,,,04_elite_f.PNG,,2016円,ホウエン地方,チャンピオンロード,8,,
1481,ココロ,エリートトレーナー,3b,エメラルド,ネンドール,ランターン,,,,,04_elite_f.PNG,,2064円,ホウエン地方,チャンピオンロード,8,,
1482,コウジロウ,エリートトレーナー,3b,エメラルド,チャーレム,ネンドール,,,,,04_elite_m.PNG,,2064円,ホウエン地方,チャンピオンロード,8,,
1483,アイナ,エリートトレーナー,3b,エメラルド,コドラ,ライボルト,,,,,04_elite_f.PNG,,2160円,ホウエン地方,カラクリやしき,8,,
1484,アキオミ,エリートトレーナー,3b,エメラルド,クチート,グランブル,ギャラドス,グラエナ,アメモース,ボーマンダ,04_elite_m.PNG,,,ホウエン地方,トレーナータワー,8,,
1485,カナメ,エリートトレーナー,3b,エメラルド,ケッキング,ガルーラ,ザングース,カビゴン,ミルタンク,リングマ,04_elite_m.PNG,,,ホウエン地方,トレーナータワー,8,,
1486,ナオユキ,エリートトレーナー,3b,エメラルド,キングラー,バンギラス,カイリュー,オオスバメ,カイリキー,リングマ,04_elite_m.PNG,,,ホウエン地方,トレーナータワー,8,,
1487,ナズナ,エリートトレーナー,3b,エメラルド,サマヨール,キュウコン,ジュペッタ,サンダース,フーディン,スターミー,04_elite_f.PNG,,,ホウエン地方,トレーナータワー,8,,
1488,アヤカ,エリートトレーナー,1c,ファイアレッド・リーフグリーン,マダツボミ,ナゾノクサ,ウツドン,クサイハナ,フシギソウ,,HGSS_elite_f.PNG,,792円,カントー地方,タマムシジム,7,,
1489,カズシ,エリートトレーナー,1c,ファイアレッド・リーフグリーン,サンドパン,ゴローン,イワーク,ゴローン,ガラガラ,,05_elite_m.PNG,,1368円,カントー地方,トキワジム,7,,
1490,レイジ,エリートトレーナー,1c,ファイアレッド・リーフグリーン,ガラガラ,ガラガラ,サイホーン,ニドリーナ,ニドクイン,,05_elite_m.PNG,,1404円,カントー地方,トキワジム,7,,
1491,タクヤ,エリートトレーナー,1c,ファイアレッド・リーフグリーン,サンドパン,サンドパン,サイホーン,ニドリーノ,ニドキング,,05_elite_m.PNG,,1404円,カントー地方,トキワジム,7,,
1492,カナコ,エリートトレーナー,1c,ファイアレッド・リーフグリーン,ペルシアン,ポニータ,ギャロップ,ロコン,キュウコン,,HGSS_elite_f.PNG,,1512円,カントー地方,チャンピオンロード,7,,
1493,アサオ,エリートトレーナー,1c,ファイアレッド・リーフグリーン,ラッタ,フシギソウ,カメール,リザード,リザードン,,05_elite_m.PNG,,1512円,カントー地方,チャンピオンロード,7,,
1494,カズマ,エリートトレーナー,1c,ファイアレッド・リーフグリーン,ナッシー,サンドパン,パルシェン,マルマイン,ウインディ,,05_elite_m.PNG,,1512円,カントー地方,チャンピオンロード,7,,
1495,サヤカ,エリートトレーナー,1c,ファイアレッド・リーフグリーン,ピッピ,プリン,ペルシアン,ジュゴン,ラッキー,,HGSS_elite_f.PNG,,1512円,カントー地方,チャンピオンロード,7,,
1496,シュウ,エリートトレーナー,1c,ファイアレッド・リーフグリーン,キングラー,ニョロゾ,ドククラゲ,シードラ,カメックス,,05_elite_m.PNG,,1548円,カントー地方,チャンピオンロード,7,,
1497,コトミ,エリートトレーナー,1c,ファイアレッド・リーフグリーン,マダツボミ,ウツドン,ウツボット,パラス,パラセクト,,HGSS_elite_f.PNG,,1512円,カントー地方,チャンピオンロード,7,,
1498,マコト,エリートトレーナー,1c,ファイアレッド・リーフグリーン,サイドン,ヤドラン,リングマ,ゴーリキー（カイリキー）,ガルーラ,,05_elite_m.PNG,,1800円,カントー地方,しっぽうけいこく,7,,
1499,カズミ,エリートトレーナー,1c,ファイアレッド・リーフグリーン,ペルシアン,ジュゴン,キュウコン,ギャロップ,キリンリキ,,HGSS_elite_f.PNG,,1800円,カントー地方,しっぽうけいこく,7,,
1500,シュウ,エリートトレーナー,1c,ファイアレッド・リーフグリーン,キングドラ,ゴローニャ,カイリュー,バンギラス,デンリュウ,フシギバナ,05_elite_m.PNG,,,カントー地方,トレーナータワー,7,,
1501,イクヨ,エリートトレーナー,1c,ファイアレッド・リーフグリーン,ガルーラ,ラプラス,ウインディ,ライチュウ,トゲチック,カビゴン,HGSS_elite_f.PNG,,,カントー地方,トレーナータワー,7,,
1502,チハル,エリートトレーナー,1c,ファイアレッド・リーフグリーン,スターミー,カメックス,キングドラ,ヌオー,ラプラス,カイリュー,HGSS_elite_f.PNG,,,カントー地方,トレーナータワー,7,,
1503,カツマサ,エリートトレーナー,4,ダイヤモンド・パール,モウカザル,ルクシオ,ギャラドス,,,,04_elite_m.PNG,,1380円、2340円、3540円,シンオウ地方,215ばんどうろ,9,,
1504,エリナ,エリートトレーナー,4,ダイヤモンド・パール,ニャルマー（ブニャット）,ユンゲラー（フーディン）,,,,,04_elite_f.PNG,,1380円、2400円、3600円,シンオウ地方,215ばんどうろ,9,,
1505,スズカ,エリートトレーナー,4,ダイヤモンド・パール,ポニータ,ハヤシガメ,,,,,04_elite_f.PNG,,1620円,シンオウ地方,210ばんどうろ,9,,
1506,ジュンヤ,エリートトレーナー,4,ダイヤモンド・パール,ガーメイル,イワーク,ルクシオ,,,,04_elite_m.PNG,,1620円,シンオウ地方,210ばんどうろ,9,,
1507,レイト,エリートトレーナー,4,ダイヤモンド・パール,ゴース,ゴースト,ゲンガー,,,,04_elite_m.PNG,,1800円,シンオウ地方,ヨスガジム,9,,
1508,ユウカ,エリートトレーナー,4,ダイヤモンド・パール,ムウマ,フワライド,,,,,04_elite_f.PNG,,1800円,シンオウ地方,ヨスガジム,9,,
1509,カツヨシ,エリートトレーナー,4,ダイヤモンド・パール,ポニータ,ゴースト,フローゼル,,,,04_elite_m.PNG,,2040円,シンオウ地方,こうてつじま,9,,
1510,レイナ,エリートトレーナー,4,ダイヤモンド・パール,ペリッパー,ウソッキー,,,,,04_elite_f.PNG,,1980円,シンオウ地方,こうてつじま,9,,
1511,タクミ,エリートトレーナー,4,ダイヤモンド・パール,スコルピ,ハガネール,,,,,04_elite_m.PNG,,1920円,シンオウ地方,ミオジム,9,,
1512,マユコ,エリートトレーナー,4,ダイヤモンド・パール,マリルリ,,,,,,04_elite_f.PNG,,1980円,シンオウ地方,ミオジム,9,,
1513,ホノカ,エリートトレーナー,4,ダイヤモンド・パール,チェリム,マリル,ミミロップ,,,,04_elite_f.PNG,,2040円、3240円,シンオウ地方,221ばんどうろ,9,,
1514,アキラ,エリートトレーナー,4,ダイヤモンド・パール,ムクバード,キリンリキ,,,,,04_elite_m.PNG,,1980円、3300円,シンオウ地方,221ばんどうろ,9,,
1515,ユウマ,エリートトレーナー,4,ダイヤモンド・パール,エテボース,ユンゲラー,,,,,04s_elite_m.PNG,,2100円,シンオウ地方,216ばんどうろ,9,,
1516,マドカ,エリートトレーナー,4,ダイヤモンド・パール,ゴルダック,ウソッキー,ポニータ,,,,04s_elite_f.PNG,,1980円,シンオウ地方,216ばんどうろ,9,,
1517,ナオコ,エリートトレーナー,4,ダイヤモンド・パール,ミミロップ,,,,,,04s_elite_f.PNG,,2220円,シンオウ地方,216ばんどうろ,9,,
1518,ヒロユキ,エリートトレーナー,4,ダイヤモンド・パール,バリヤード,ニューラ,ゴーリキー,,,,04s_elite_m.PNG,,2100円,シンオウ地方,216ばんどうろ,9,,
1519,ミキト,エリートトレーナー,4,ダイヤモンド・パール,ライチュウ,ペリッパー,ヒポポタス,,,,04s_elite_m.PNG,,2280円、3240円,シンオウ地方,217ばんどうろ,9,,
1520,シズル,エリートトレーナー,4,ダイヤモンド・パール,ロゼリア,アズマオウ,,,,,04s_elite_f.PNG,,2220円、3300円,シンオウ地方,217ばんどうろ,9,,
1521,ヒョウ,エリートトレーナー,4,ダイヤモンド・パール,フローゼル,ニューラ,,,,,04s_elite_m.PNG,,2220円,シンオウ地方,キッサキジム,9,,
1522,ミズホ,エリートトレーナー,4,ダイヤモンド・パール,ユキカブリ,,,,,,04s_elite_f.PNG,,2340円,シンオウ地方,キッサキジム,9,,
1523,ヒデキ,エリートトレーナー,4,ダイヤモンド・パール,ヌオー,,,,,,04s_elite_m.PNG,,2340円,シンオウ地方,キッサキジム,9,,
1524,トキコ,エリートトレーナー,4,ダイヤモンド・パール,ペリッパー,ゴルダック,ハガネール,,,,04s_elite_f.PNG,,2220円,シンオウ地方,キッサキジム,9,,
1525,ヨシオ,エリートトレーナー,4,ダイヤモンド・パール,ユキカブリ,,,,,,04s_elite_m.PNG,,2340円,シンオウ地方,キッサキジム,9,,
1526,レイミ,エリートトレーナー,4,ダイヤモンド・パール,ニューラ,ドククラゲ,,,,,04s_elite_f.PNG,,2220円,シンオウ地方,キッサキジム,9,,
1527,ナズナ,エリートトレーナー,4,ダイヤモンド・パール,ユンゲラー,ライチュウ,,,,,04_elite_f.PNG,,2640円,シンオウ地方,ナギサジム,9,,
1528,ショウマ,エリートトレーナー,4,ダイヤモンド・パール,ハガネール,チャーレム,,,,,04_elite_m.PNG,,2640円,シンオウ地方,ナギサジム,9,,
1529,ミコト,エリートトレーナー,4,ダイヤモンド・パール,ゴルダック,ハピナス,,,,,04_elite_f.PNG,,2880円,シンオウ地方,チャンピオンロード,9,,
1530,ゴウ,エリートトレーナー,4,ダイヤモンド・パール,ギャロップ,マスキッパ,ラムパルド,,,,04_elite_m.PNG,,2880円,シンオウ地方,チャンピオンロード,9,,
1531,アスカ,エリートトレーナー,4,ダイヤモンド・パール,ピクシー,ドダイトス,,,,,04_elite_f.PNG,,2880円,シンオウ地方,チャンピオンロード,9,,
1532,マイト,エリートトレーナー,4,ダイヤモンド・パール,ドンカラス,,,,,,04_elite_m.PNG,,2940円,シンオウ地方,チャンピオンロード,9,,
1533,タクフミ,エリートトレーナー,4,ダイヤモンド・パール,ビーダル,ギャロップ,アゲハント,,,,04_elite_m.PNG,,3240円,シンオウ地方,チャンピオンロード,9,,
1534,アヤノ,エリートトレーナー,4,ダイヤモンド・パール,パチリス,マリルリ,ハピナス,,,,04_elite_f.PNG,,3240円,シンオウ地方,チャンピオンロード,9,,
1535,ヒビキ,エリートトレーナー,4,ダイヤモンド・パール,ライチュウ,トリトドン,,,,,04_elite_m.PNG,,3300円,シンオウ地方,チャンピオンロード,9,,
1536,モモカ,エリートトレーナー,4,ダイヤモンド・パール,ミミロップ,ヌオー,ペリッパー,,,,04_elite_f.PNG,,3240円,シンオウ地方,チャンピオンロード,9,,
1537,ハルノブ,エリートトレーナー,4,ダイヤモンド・パール,ニョロゾ,ギャラドス,,,,,04_elite_m.PNG,,3240円,シンオウ地方,224ばんどうろ,9,,
1538,ヒトミ,エリートトレーナー,4,ダイヤモンド・パール,メタグロス,,,,,,04_elite_f.PNG,,3360円,シンオウ地方,224ばんどうろ,9,,
1539,ショウイチ,エリートトレーナー,4,ダイヤモンド・パール,ベロリンガ,ミルタンク,,,,,04_elite_m.PNG,,3180円、3600円,シンオウ地方,225ばんどうろ,9,,
1540,ミツハル,エリートトレーナー,4,ダイヤモンド・パール,カイロス,グラエナ,,,,,04_elite_m.PNG,,3180円,シンオウ地方,225ばんどうろ,9,,
1541,ショウコ,エリートトレーナー,4,ダイヤモンド・パール,モココ（デンリュウ）,トロピウス,,,,,04_elite_f.PNG,,3180円、3600円,シンオウ地方,225ばんどうろ,9,,
1542,マナブ,エリートトレーナー,4,ダイヤモンド・パール,エアームド,,,,,,04_elite_m.PNG,,3360円,シンオウ地方,226ばんすいどう,9,,
1543,クニオ,エリートトレーナー,4,ダイヤモンド・パール,ケンタロス,,,,,,04_elite_m.PNG,,3300円、3720円,シンオウ地方,227ばんどうろ,9,,
1544,ミワコ,エリートトレーナー,4,ダイヤモンド・パール,ニャース,ペルシアン,スリーパー,,,,04_elite_f.PNG,,3360円,シンオウ地方,227ばんどうろ,9,,
1545,ナオキ,エリートトレーナー,4,ダイヤモンド・パール,ゴルダック,サンドパン,,,,,04_elite_m.PNG,,3300円,シンオウ地方,228ばんどうろ,9,,
1546,トシエ,エリートトレーナー,4,ダイヤモンド・パール,エテボース,ギャロップ,ラッキー,,,,04_elite_f.PNG,,3240円、3540円,シンオウ地方,228ばんどうろ,9,,
1547,サツキ,エリートトレーナー,4,ダイヤモンド・パール,エネコロロ,ヤンヤンマ,,,,,04_elite_f.PNG,,3300円,シンオウ地方,228ばんどうろ,9,,
1548,ダイアン,エリートトレーナー,4,ダイヤモンド・パール,グラエナ,キルリア,,,,,04_elite_f.PNG,,3300円,シンオウ地方,229ばんどうろ,9,,
1549,バトラー,エリートトレーナー,4,ダイヤモンド・パール,サマヨール,ボーマンダ,,,,,04_elite_m.PNG,,3300円,シンオウ地方,229ばんどうろ,9,,
1550,チトセ,エリートトレーナー,4,ダイヤモンド・パール,グランブル,,,,,,04_elite_f.PNG,,3420円,シンオウ地方,229ばんどうろ,9,,
1551,マコト,エリートトレーナー,4,ダイヤモンド・パール,オコリザル,コータス,,,,,04_elite_m.PNG,,3420円,シンオウ地方,ハードマウンテン,9,,
1552,レイコ,エリートトレーナー,4,ダイヤモンド・パール,オドシシ,マスキッパ,,,,,04_elite_f.PNG,,3480円,シンオウ地方,ハードマウンテン,9,,
1553,ユウヤ,エリートトレーナー,4,ダイヤモンド・パール,ヨーギラス,マグカルゴ,,,,,04_elite_m.PNG,,3420円,シンオウ地方,ハードマウンテン,9,,
1554,シノブ,エリートトレーナー,4,ダイヤモンド・パール,ドラピオン,,,,,,04_elite_f.PNG,,3540円,シンオウ地方,ハードマウンテン,9,,
1555,エイイチ,エリートトレーナー,4,ダイヤモンド・パール,プテラ,,,,,,04_elite_m.PNG,,3540円,シンオウ地方,ハードマウンテン,9,,
1556,コトミ,エリートトレーナー,4,ダイヤモンド・パール,ガルーラ,リングマ,,,,,04_elite_f.PNG,,3420円,シンオウ地方,ハードマウンテン,9,,
1557,ヒデユキ,エリートトレーナー,4,ダイヤモンド・パール,ドゴーム,ラムパルド,,,,,04_elite_m.PNG,,3420円,シンオウ地方,ハードマウンテン,9,,
1558,ミサト,エリートトレーナー,4,ダイヤモンド・パール,ノコッチ,ガラガラ,ストライク,,,,04_elite_f.PNG,,3360円,シンオウ地方,ハードマウンテン,9,,
1559,ウユカ,エリートトレーナー,4b,プラチナ,ゴースト,ムウマ,,,,,04_elite_f.PNG,,1440円,シンオウ地方,ヨスガジム,10,,
1560,レイト,エリートトレーナー,4b,プラチナ,ゴース,ゴース,ゴースト,,,,04_elite_m.PNG,,1440円,シンオウ地方,ヨスガジム,10,,
1561,エリナ,エリートトレーナー,4b,プラチナ,ロゼリア（ロズレイド）,ラルトス（キルリア、サーナイト）,ベロリンガ（ベロベルト）,,,,04_elite_f.PNG,,1500円、2700円、3660円,シンオウ地方,215ばんどうろ,10,,
1562,カツマサ,エリートトレーナー,4b,プラチナ,グライガー（グライオン）,ブイゼル（フローゼル）,フワライド,,,,04_elite_m.PNG,,1500円、2700円、3540円,シンオウ地方,215ばんどうろ,10,,
1563,スズカ,エリートトレーナー,4b,プラチナ,エイパム,キリンリキ,ハヤシガメ,,,,04_elite_f.PNG,,1980円,シンオウ地方,210ばんどうろ,10,,
1564,ジュンヤ,エリートトレーナー,4b,プラチナ,ストライク,ダイノーズ,ルクシオ,,,,04_elite_m.PNG,,2040円,シンオウ地方,210ばんどうろ,10,,
1565,ホノカ,エリートトレーナー,4b,プラチナ,チェリム,マリルリ,ミミロップ,,,,04_elite_f.PNG,,2100円、3360円,シンオウ地方,221ばんどうろ,10,,
1566,アキラ,エリートトレーナー,4b,プラチナ,ムクホーク,キリンリキ,,,,,04_elite_m.PNG,,2160円、3300円,シンオウ地方,221ばんどうろ,10,,
1567,カツヨシ,エリートトレーナー,4b,プラチナ,ヌオー,ムクホーク,ヒポポタス,,,,04_elite_m.PNG,,2280円,シンオウ地方,こうてつじま,10,,
1568,レイナ,エリートトレーナー,4b,プラチナ,ミミロップ,チャーレム,キルリア,,,,04_elite_f.PNG,,2100円,シンオウ地方,こうてつじま,10,,
1569,タクミ,エリートトレーナー,4b,プラチナ,ハッサム,,,,,,04_elite_m.PNG,,2400円,シンオウ地方,ミオジム,10,,
1570,マユコ,エリートトレーナー,4b,プラチナ,ドーミラー,ドーミラー,ドーミラー,,,,04_elite_f.PNG,,2280円,シンオウ地方,ミオジム,10,,
1571,ユウマ,エリートトレーナー,4b,プラチナ,エテボース,ポリゴン２,,,,,04s_elite_m.PNG,,2400円,シンオウ地方,216ばんどうろ,10,,
1572,マドカ,エリートトレーナー,4b,プラチナ,ゴルダック,ギャロップ,ウソッキー,,,,04s_elite_f.PNG,,2280円,シンオウ地方,216ばんどうろ,10,,
1573,ナオコ,エリートトレーナー,4b,プラチナ,トロピウス,,,,,,04s_elite_f.PNG,,2520円,シンオウ地方,216ばんどうろ,10,,
1574,ヒロユキ,エリートトレーナー,4b,プラチナ,バリヤード,サマヨール,ストライク,,,,04s_elite_m.PNG,,2340円,シンオウ地方,216ばんどうろ,10,,
1575,ミキト,エリートトレーナー,4b,プラチナ,エレブー（エレキブル）,ブーバー（ブーバーン）,,,,,04s_elite_m.PNG,,2400円、3240円,シンオウ地方,217ばんどうろ,10,,
1576,シズル,エリートトレーナー,4b,プラチナ,キルリア（サーナイト）,アズマオウ,ミミロル（ミミロップ）,,,,04s_elite_f.PNG,,2280円、3120円,シンオウ地方,217ばんどうろ,10,,
1577,ヨシオ,エリートトレーナー,4b,プラチナ,オニゴーリ,,,,,,04s_elite_m.PNG,,2640円,シンオウ地方,キッサキジム,10,,
1578,トキコ,エリートトレーナー,4b,プラチナ,ユキワラシ,ユキワラシ,オニゴーリ,,,,04s_elite_f.PNG,,2220円,シンオウ地方,キッサキジム,10,,
1579,ヒョウ,エリートトレーナー,4b,プラチナ,ユキカブリ,ニューラ,,,,,04s_elite_m.PNG,,2520円,シンオウ地方,キッサキジム,10,,
1580,ヒデキ,エリートトレーナー,4b,プラチナ,イノムー,,,,,,04s_elite_m.PNG,,2640円,シンオウ地方,キッサキジム,10,,
1581,ミズホ,エリートトレーナー,4b,プラチナ,ニューラ,ユキワラシ,ユキカブリ,,,,04s_elite_f.PNG,,2460円,シンオウ地方,キッサキジム,10,,
1582,レイミ,エリートトレーナー,4b,プラチナ,ニューラ,ニューラ,,,,,04s_elite_f.PNG,,2580円,シンオウ地方,キッサキジム,10,,
1583,ナズナ,エリートトレーナー,4b,プラチナ,エレブー,ライチュウ,,,,,04_elite_f.PNG,,2880円,シンオウ地方,ナギサジム,10,,
1584,ショウマ,エリートトレーナー,4b,プラチナ,エレブー,レアコイル,,,,,04_elite_m.PNG,,2880円,シンオウ地方,ナギサジム,10,,
1585,ミコト,エリートトレーナー,4b,プラチナ,ハピナス,オニゴーリ,ジバコイル,,,,04_elite_f.PNG,,2880円,シンオウ地方,チャンピオンロード,10,,
1586,ゴウ,エリートトレーナー,4b,プラチナ,マンムー,ガーメイル,ラムパルド,,,,04_elite_m.PNG,,2880円,シンオウ地方,チャンピオンロード,10,,
1587,アスカ,エリートトレーナー,4b,プラチナ,ピクシー,ドダイトス,,,,,04_elite_f.PNG,,2880円,シンオウ地方,チャンピオンロード,10,,
1588,マイト,エリートトレーナー,4b,プラチナ,サイドン,マスキッパ,,,,,04_elite_m.PNG,,2880円,シンオウ地方,チャンピオンロード,10,,
1589,タクフミ,エリートトレーナー,4b,プラチナ,メタング,ルンパッパ,,,,,04_elite_m.PNG,,3360円,シンオウ地方,チャンピオンロード,10,,
1590,アヤノ,エリートトレーナー,4b,プラチナ,ガラガラ,ガルーラ,,,,,04_elite_f.PNG,,3420円,シンオウ地方,チャンピオンロード,10,,
1591,ヒビキ,エリートトレーナー,4b,プラチナ,トリトドン,スピアー,マルマイン,,,,04_elite_m.PNG,,3300円,シンオウ地方,チャンピオンロード,10,,
1592,モモカ,エリートトレーナー,4b,プラチナ,マルノーム,キュウコン,ジバコイル,,,,04_elite_f.PNG,,3240円,シンオウ地方,チャンピオンロード,10,,
1593,ハルノブ,エリートトレーナー,4b,プラチナ,コノハナ,ギャラドス,,,,,04_elite_m.PNG,,3240円,シンオウ地方,224ばんどうろ,10,,
1594,ヒトミ,エリートトレーナー,4b,プラチナ,メタグロス,,,,,,04_elite_f.PNG,,3600円,シンオウ地方,224ばんどうろ,10,,
1595,ショウイチ,エリートトレーナー,4b,プラチナ,スターミー,ビブラーバ（フライゴン）,,,,,04_elite_m.PNG,,3360円、3720円,シンオウ地方,225ばんどうろ,10,,
1596,ミツハル,エリートトレーナー,4b,プラチナ,カイロス,ランターン,,,,,04_elite_m.PNG,,3360円,シンオウ地方,225ばんどうろ,10,,
1597,ショウコ,エリートトレーナー,4b,プラチナ,モココ（デンリュウ）,トロピウス,,,,,04_elite_f.PNG,,3360円、3720円,シンオウ地方,225ばんどうろ,10,,
1598,マナブ,エリートトレーナー,4b,プラチナ,バルキー,エビワラー,,,,,04_elite_m.PNG,,3540円,シンオウ地方,226ばんすいどう,10,,
1599,クニオ,エリートトレーナー,4b,プラチナ,ケンタロス,,,,,,04_elite_m.PNG,,3660円、3780円,シンオウ地方,227ばんどうろ,10,,
1600,ミワコ,エリートトレーナー,4b,プラチナ,ハブネーク,ペルシアン,アブソル,,,,04_elite_f.PNG,,3360円,シンオウ地方,227ばんどうろ,10,,
1601,ナオキ,エリートトレーナー,4b,プラチナ,ゴルダック,サンドパン,ライボルト,,,,04_elite_m.PNG,,3300円,シンオウ地方,228ばんどうろ,10,,
1602,ユフコ,エリートトレーナー,4b,プラチナ,サンドパン,トリトドン,ネンドール,,,,04_elite_f.PNG,,3420円、3600円,シンオウ地方,228ばんどうろ,10,,
1603,サツキ,エリートトレーナー,4b,プラチナ,エネコロロ,ユキノオー,,,,,04_elite_f.PNG,,3300円,シンオウ地方,228ばんどうろ,10,,
1604,ダイアン,エリートトレーナー,4b,プラチナ,グラエナ,キルリア,,,,,04_elite_f.PNG,,3360円,シンオウ地方,229ばんどうろ,10,,
1605,バトラー,エリートトレーナー,4b,プラチナ,サマヨール,ボーマンダ,,,,,04_elite_m.PNG,,3360円,シンオウ地方,229ばんどうろ,10,,
1606,チトセ,エリートトレーナー,4b,プラチナ,ダグトリオ,ライチュウ,キュウコン,,,,04_elite_f.PNG,,3240円,シンオウ地方,229ばんどうろ,10,,
1607,マコト,エリートトレーナー,4b,プラチナ,オコリザル,ジュペッタ,エレブー,,,,04_elite_m.PNG,,3540円,シンオウ地方,ハードマウンテン,10,,
1608,レイコ,エリートトレーナー,4b,プラチナ,ワタッコ,デンリュウ,イワーク,,,,04_elite_f.PNG,,3540円,シンオウ地方,ハードマウンテン,10,,
1609,ユウヤ,エリートトレーナー,4b,プラチナ,サナギラス,ドダイトス,,,,,04_elite_m.PNG,,3660円,シンオウ地方,ハードマウンテン,10,,
1610,シノブ,エリートトレーナー,4b,プラチナ,ドラピオン,,,,,,04_elite_f.PNG,,3660円,シンオウ地方,ハードマウンテン,10,,
1611,エイイチ,エリートトレーナー,4b,プラチナ,オニゴーリ,クロバット,,,,,04_elite_m.PNG,,3600円,シンオウ地方,ハードマウンテン,10,,
1612,コトミ,エリートトレーナー,4b,プラチナ,レントラー,リングマ,グライオン,,,,04_elite_f.PNG,,3480円,シンオウ地方,ハードマウンテン,10,,
1613,ヒデユキ,エリートトレーナー,4b,プラチナ,ドゴーム,ラムパルド,ペリッパー,,,,04_elite_m.PNG,,3480円,シンオウ地方,ハードマウンテン,10,,
1614,ミサト,エリートトレーナー,4b,プラチナ,プクリン,サーナイト,チャーレム,,,,04_elite_f.PNG,,3480円,シンオウ地方,ハードマウンテン,10,,
1615,ナオズミ,エリートトレーナー,2c,ハートゴールド・ソウルシルバー,アブソル,フーディン,,,,,02_elite_m.PNG,,2820円,ジョウト地方,1ばんどうろ,11,,
1616,ヤスタカ,エリートトレーナー,2c,ハートゴールド・ソウルシルバー,オドシシ,ケンタロス,,,,,02_elite_m.PNG,,3120円,ジョウト地方,トキワジム,11,,
1617,アキエ,エリートトレーナー,2c,ハートゴールド・ソウルシルバー,ヤドキング,ベロベルト,,,,,HGSS_elite_f.PNG,,3180円,ジョウト地方,トキワジム,11,,
1618,ヨシノリ,エリートトレーナー,2c,ハートゴールド・ソウルシルバー,パッチール,ウソッキー,,,,,02_elite_m.PNG,,3120円,ジョウト地方,トキワジム,11,,
1619,ひかる,エリートトレーナー,2c,ハートゴールド・ソウルシルバー,メガニウム,バクフーン,オーダイル,,,,02_elite_m.PNG,,1バトルポイント,ジョウト地方,トレーナーハウス,11,,
1620,ナツキ,エリートトレーナー,5,ブラック・ホワイト,ココロモリ,,,,,,05_elite_m.PNG,,1620円,イッシュ地方,ライモンシティ,12,,
1621,タクミ,エリートトレーナー,5,ブラック・ホワイト,アーケン,,,,,,05_elite_m.PNG,,1860円,イッシュ地方,でんきいしのほらあな,12,,
1622,サヤ,エリートトレーナー,5,ブラック・ホワイト,モグリュー,ゼブライカ,,,,,05_elite_f.PNG,,1800円,イッシュ地方,でんきいしのほらあな,12,,
1623,ステラ,エリートトレーナー,5,ブラック・ホワイト,ゴチム,ドレディア,コアルヒー,,,,05_elite_f.PNG,,1740円,イッシュ地方,でんきいしのほらあな,12,,
1624,ナオト,エリートトレーナー,5,ブラック・ホワイト,エルフーン,プロトーガ,,,,,05_elite_m.PNG,,1800円,イッシュ地方,でんきいしのほらあな,12,,
1625,スグル,エリートトレーナー,5,ブラック・ホワイト,ムーランド,,,,,,05_elite_m.PNG,,1980円,イッシュ地方,タワーオブヘブン,12,,
1626,レイコ,エリートトレーナー,5,ブラック・ホワイト,ココロモリ,ゴチミル,,,,,05_elite_f.PNG,,1920円,イッシュ地方,タワーオブヘブン,12,,
1627,ユウイチ,エリートトレーナー,5,ブラック・ホワイト,レパルダス,ミルホッグ,ココロモリ,,,,05_elite_m.PNG,,1920円,イッシュ地方,7ばんどうろ,12,,
1628,キャロル,エリートトレーナー,5,ブラック・ホワイト,バニリッチ,ゴチミル,ダブラン,,,,05_elite_f.PNG,,2100円,イッシュ地方,ネジやま,12,,
1629,ユウキ,エリートトレーナー,5,ブラック・ホワイト,ワルビル,ガマガル,ギギアル,,,,05_elite_m.PNG,,2100円,イッシュ地方,ネジやま,12,,
1630,リュウヘイ,エリートトレーナー,5,ブラック・ホワイト,バニリッチ,デンチュラ,,,,,05_elite_m.PNG,,2160円,イッシュ地方,リュウラセンのとう,12,,
1631,ヒトミ,エリートトレーナー,5,ブラック・ホワイト,クマシュン,ヒヒダルマ,ハハコモリ,,,,05_elite_f.PNG,,2100円,イッシュ地方,リュウラセンのとう,12,,
1632,ヨハン,エリートトレーナー,5,ブラック・ホワイト,オノンド,シビビール,アギルダー,,,,05_elite_m.PNG,,2340円,イッシュ地方,10ばんどうろ,12,,
1633,アサミ,エリートトレーナー,5,ブラック・ホワイト,メブキジカ,ブルンゲル,,,,,05_elite_f.PNG,,2400円,イッシュ地方,10ばんどうろ,12,,
1634,エリナ,エリートトレーナー,5,ブラック・ホワイト,ヤナッキー,バオッキー,ヒヤッキー,,,,05_elite_f.PNG,,2340円,イッシュ地方,ソウリュウシティ,12,,
1635,エリナ,エリートトレーナー,5,ブラック・ホワイト,コジョフー,リグレー,コマタナ,,,,05_elite_f.PNG,,2340円,イッシュ地方,ソウリュウシティ,12,,
1636,エツヤ,エリートトレーナー,5,ブラック・ホワイト,コジョフー,リグレー,コマタナ,,,,05_elite_m.PNG,,2340円,イッシュ地方,ソウリュウシティ,12,,
1637,エツヤ,エリートトレーナー,5,ブラック・ホワイト,ヤナッキー,バオッキー,ヒヤッキー,,,,05_elite_m.PNG,,2340円,イッシュ地方,ソウリュウシティ,12,,
1638,ユウジ,エリートトレーナー,5,ブラック・ホワイト,オノンド,,,,,,05_elite_m.PNG,,2460円,イッシュ地方,ソウリュウジム,12,,
1639,マドカ,エリートトレーナー,5,ブラック・ホワイト,モノズ,,,,,,05_elite_f.PNG,,2460円,イッシュ地方,ソウリュウジム,12,,
1640,エイジ,エリートトレーナー,5,ブラック・ホワイト,オノンド,オノンド,,,,,05_elite_m.PNG,,2400円,イッシュ地方,ソウリュウジム,12,,
1641,クレア,エリートトレーナー,5,ブラック・ホワイト,オノンド,,,,,,05_elite_f.PNG,,2460円,イッシュ地方,ソウリュウジム,12,,
1642,ケント,エリートトレーナー,5,ブラック・ホワイト,モノズ,オノンド,クリムガン,,,,05_elite_m.PNG,,2340円,イッシュ地方,ソウリュウジム,12,,
1643,ユウカ,エリートトレーナー,5,ブラック・ホワイト,モノズ,クリムガン,,,,,05_elite_f.PNG,,2400円,イッシュ地方,ソウリュウジム,12,,
1644,サヤカ,エリートトレーナー,5,ブラック・ホワイト,エルフーン,ゼブライカ,,,,,05_elite_f.PNG,,2700円,イッシュ地方,チャンピオンロード,12,,
1645,ケイゴ,エリートトレーナー,5,ブラック・ホワイト,ムーランド,ペンドラー,,,,,05_elite_m.PNG,,2700円,イッシュ地方,チャンピオンロード,12,,
1646,アスカ,エリートトレーナー,5,ブラック・ホワイト,ヤナッキー,バオッキー,ヒヤッキー,,,,05_elite_f.PNG,,2640円,イッシュ地方,チャンピオンロード,12,,
1647,デビット,エリートトレーナー,5,ブラック・ホワイト,ギギアル,ガマゲロゲ,ヒヒダルマ,,,,05_elite_m.PNG,,2640円,イッシュ地方,チャンピオンロード,12,,
1648,テリー,エリートトレーナー,5,ブラック・ホワイト,ミニチュウ,ウソッキー,ストライク,ライボルト,,,05_elite_m.PNG,,3780円,イッシュ地方,しゅぎょうのいわや,12,,
1649,メグミ,エリートトレーナー,5,ブラック・ホワイト,オオタチ,ガバイト,ブーピッグ,,,,05_elite_f.PNG,,3840円,イッシュ地方,しゅぎょうのいわや,12,,
1650,ナオ,エリートトレーナー,5,ブラック・ホワイト,ママンボウ,ギギギアル,オーベム,,,,05_elite_f.PNG,,3900円,イッシュ地方,ワンダーブリッジ,12,,
1651,マリナ,エリートトレーナー,5,ブラック・ホワイト,ロトム,バタフリー,ママンボウ,,,,05_elite_f.PNG,,3900円,イッシュ地方,ロイヤルイッシュごう,12,,
1652,ヒロト,エリートトレーナー,5,ブラック・ホワイト,ケンタロス,ホエルオー,,,,,05_elite_m.PNG,,3960円,イッシュ地方,ロイヤルイッシュごう,12,,
1653,ショウコ,エリートトレーナー,5,ブラック・ホワイト,ブニャット,エーフィ,ラプラス,,,,05_elite_f.PNG,,4080円,イッシュ地方,14ばんどうろ,12,,
1654,ユウスケ,エリートトレーナー,5,ブラック・ホワイト,アブソル,ドードリオ,トドゼルガ,,,,05_elite_m.PNG,,4080円,イッシュ地方,14ばんどうろ,12,,
1655,ジュンイチ,エリートトレーナー,5,ブラック・ホワイト,ブーバーン,,,,,,05_elite_m.PNG,,3720円,イッシュ地方,ブラックシティ,12,,
1656,レナ,エリートトレーナー,5,ブラック・ホワイト,サーナイト,エルレイド,,,,,05_elite_f.PNG,,3660円,イッシュ地方,ブラックシティ,12,,
1657,タツヤ,エリートトレーナー,5,ブラック・ホワイト,デンチュラ,トロピウス,マンムー,,,,05_elite_m.PNG,,3900円,イッシュ地方,ビッグスタジアム、リトルコート,12,,
1658,ルーシー,エリートトレーナー,5,ブラック・ホワイト,ルージュラ,シャワーズ,グライオン,,,,05_elite_f.PNG,,3900円,イッシュ地方,ビッグスタジアム、リトルコート,12,,
1659,マリナ,エリートトレーナー,5b,ブラック2・ホワイト2,コイル,バスラオ（あかすじのすがた）,ロトム,バタフリー,ママンボウ,,05_elite_f.PNG,,1080円、3720円,イッシュ地方,ロイヤルイッシュごう,13,,
1660,ヒロト,エリートトレーナー,5b,ブラック2・ホワイト2,ハーデリア,マリル,ケンタロス,ホエルオー,,,05_elite_m.PNG,,1080円、3780円,イッシュ地方,ロイヤルイッシュごう,13,,
1661,スズネ,エリートトレーナー,5b,ブラック2・ホワイト2,アーケン,キバゴ,,,,,05_elite_f.PNG,,1980円,イッシュ地方,フキヨセのほらあな,13,,
1662,シンノスケ,エリートトレーナー,5b,ブラック2・ホワイト2,プロトーガ,キバゴ,,,,,05_elite_m.PNG,,1980円,イッシュ地方,フキヨセのほらあな,13,,
1663,ナオト,エリートトレーナー,5b,ブラック2・ホワイト2,ギアル,ケンホロウ,サンドパン,,,,05_elite_m.PNG,,1980円,イッシュ地方,でんきいしのほらあな,13,,
1664,シノブ,エリートトレーナー,5b,ブラック2・ホワイト2,プロトーガ,ブーバー,,,,,05_elite_f.PNG,,2040円,イッシュ地方,でんきいしのほらあな,13,,
1665,ノドカ,エリートトレーナー,5b,ブラック2・ホワイト2,ムーランド,ワルビル,テッシード,,,,05_elite_f.PNG,,1980円,イッシュ地方,でんきいしのほらあな,13,,
1666,シンジ,エリートトレーナー,5b,ブラック2・ホワイト2,アーケン,エレブー,,,,,05_elite_m.PNG,,2040円,イッシュ地方,でんきいしのほらあな,13,,
1667,チフユ,エリートトレーナー,5b,ブラック2・ホワイト2,ブーピッグ,フワライド,,,,,05_elite_f.PNG,,4680円,イッシュ地方,リバースマウンテン,13,,
1668,ゲンヤ,エリートトレーナー,5b,ブラック2・ホワイト2,ビブラーバ,バクーダ,,,,,05_elite_m.PNG,,4680円,イッシュ地方,リバースマウンテン,13,,
1669,ショウコ,エリートトレーナー,5b,ブラック2・ホワイト2,グライガー,ドレディア,バスラオ,,,,05_elite_f.PNG,,2340円,イッシュ地方,14ばんどうろ,13,,
1670,ユウスケ,エリートトレーナー,5b,ブラック2・ホワイト2,モンジャラ,ゼブライカ,エアームド,,,,05_elite_m.PNG,,2340円,イッシュ地方,14ばんどうろ,13,,
1671,ミナミ,エリートトレーナー,5b,ブラック2・ホワイト2,ペリッパー,スターミー,,,,,05_elite_f.PNG,,2400円,イッシュ地方,サザナミわん,13,,
1672,ミゲル,エリートトレーナー,5b,ブラック2・ホワイト2,エネコロロ,シビビール,,,,,05_elite_m.PNG,,2460円,イッシュ地方,13ばんどうろ,13,,
1673,アンジュ,エリートトレーナー,5b,ブラック2・ホワイト2,ミミロップ,ランプラー,,,,,05_elite_f.PNG,,2460円,イッシュ地方,13ばんどうろ,13,,
1674,ウシオ,エリートトレーナー,5b,ブラック2・ホワイト2,フローゼル,マンタイン,,,,,05_elite_m.PNG,,2820円,イッシュ地方,セイガイハジム,13,,
1675,ミナモ,エリートトレーナー,5b,ブラック2・ホワイト2,ママンボウ,,,,,,05_elite_f.PNG,,2880円,イッシュ地方,セイガイハジム,13,,
1676,シブキ,エリートトレーナー,5b,ブラック2・ホワイト2,トドゼルガ,,,,,,05_elite_m.PNG,,2880円,イッシュ地方,セイガイハジム,13,,
1677,ジャンヌ,エリートトレーナー,5b,ブラック2・ホワイト2,ペリッパー,ホエルオー,,,,,05_elite_f.PNG,,2820円,イッシュ地方,セイガイハジム,13,,
1678,ナギサ,エリートトレーナー,5b,ブラック2・ホワイト2,ゴルダック,スターミー,,,,,05_elite_f.PNG,,2820円,イッシュ地方,セイガイハジム,13,,
1679,エンツォ,エリートトレーナー,5b,ブラック2・ホワイト2,バスラオ,バスラオ,マリルリ,,,,05_elite_m.PNG,,5520円,イッシュ地方,セイガイハジム,13,,
1680,テル,エリートトレーナー,5b,ブラック2・ホワイト2,スターミー,ドラピオン,,,,,05_elite_m.PNG,,2820円,イッシュ地方,22ばんどうろ,13,,
1681,ルカ,エリートトレーナー,5b,ブラック2・ホワイト2,ウインディ,ドリュウズ,,,,,05_elite_f.PNG,,2820円,イッシュ地方,22ばんどうろ,13,,
1682,タイキ,エリートトレーナー,5b,ブラック2・ホワイト2,エモンガ,ブルンゲル,,,,,05_elite_m.PNG,,3180円,イッシュ地方,23ばんどうろ,13,,
1683,コトノ,エリートトレーナー,5b,ブラック2・ホワイト2,スワンナ,デンチュラ,,,,,05_elite_f.PNG,,3180円,イッシュ地方,23ばんどうろ,13,,
1684,ケント,エリートトレーナー,5b,ブラック2・ホワイト2,ブーバー,マンムー,,,,,05_elite_m.PNG,,3240円,イッシュ地方,23ばんどうろ,13,,
1685,ミキ,エリートトレーナー,5b,ブラック2・ホワイト2,ペンドラー,ウインディ,,,,,05_elite_f.PNG,,3240円,イッシュ地方,23ばんどうろ,13,,
1686,トモヤ,エリートトレーナー,5b,ブラック2・ホワイト2,ゴルーグ,シンボラー,,,,,05_elite_m.PNG,,3300円,イッシュ地方,チャンピオンロード,13,,
1687,ヒトミ,エリートトレーナー,5b,ブラック2・ホワイト2,フワライド,ネンドール,,,,,05_elite_f.PNG,,3300円,イッシュ地方,チャンピオンロード,13,,
1688,シェリー,エリートトレーナー,5b,ブラック2・ホワイト2,ココロモリ,ドレディア,,,,,05_elite_f.PNG,,3300円,イッシュ地方,チャンピオンロード,13,,
1689,スグル,エリートトレーナー,5b,ブラック2・ホワイト2,エルフーン,ケンホロウ,,,,,05_elite_m.PNG,,3300円,イッシュ地方,チャンピオンロード,13,,
1690,サヤカ,エリートトレーナー,5b,ブラック2・ホワイト2,クイタラン,デンチュラ,,,,,05_elite_f.PNG,,3300円,イッシュ地方,チャンピオンロード,13,,
1691,ユウジ,エリートトレーナー,5b,ブラック2・ホワイト2,アイアント,ナットレイ,,,,,05_elite_m.PNG,,3300円,イッシュ地方,チャンピオンロード,13,,
1692,ヒトシ,エリートトレーナー,5b,ブラック2・ホワイト2,スワンナ,デンリュウ,,,,,05_elite_m.PNG,,3300円,イッシュ地方,チャンピオンロード,13,,
1693,キャロル,エリートトレーナー,5b,ブラック2・ホワイト2,オノンド,バイバニラ,,,,,05_elite_f.PNG,,3300円,イッシュ地方,チャンピオンロード,13,,
1694,ユウイチ,エリートトレーナー,5b,ブラック2・ホワイト2,ジヘッド,シビルドン,,,,,05_elite_m.PNG,,3300円,イッシュ地方,チャンピオンロード,13,,
1695,ヒカル,エリートトレーナー,5b,ブラック2・ホワイト2,ヒヒダルマ,モジャンボ,,,,,05_elite_f.PNG,,3300円,イッシュ地方,チャンピオンロード,13,,
1696,サエコ,エリートトレーナー,5b,ブラック2・ホワイト2,マッスグマ,バルジーナ,ドクロッグ,,,,05_elite_f.PNG,,3780円,イッシュ地方,ヤグルマのもり,13,,
1697,ユウサク,エリートトレーナー,5b,ブラック2・ホワイト2,オオタチ,ウォーグル,ガマゲロゲ,,,,05_elite_m.PNG,,3780円,イッシュ地方,ヤグルマのもり,13,,
1698,シュンスケ,エリートトレーナー,5b,ブラック2・ホワイト2,アイアント,エーフィ,ドンカラス,,,,05_elite_m.PNG,,3960円,イッシュ地方,1ばんどうろ,13,,
1699,アサミ,エリートトレーナー,5b,ブラック2・ホワイト2,クイタラン,ブラッキー,ムウマージ,,,,05_elite_f.PNG,,3960円,イッシュ地方,1ばんどうろ,13,,
1700,タツヤ,エリートトレーナー,5b,ブラック2・ホワイト2,デンチュラ,トロピウス,マンムー,,,,05_elite_m.PNG,,3780円,イッシュ地方,ビッグスタジアム、リトルコート,13,,
1701,ルーシー,エリートトレーナー,5b,ブラック2・ホワイト2,ルージュラ,シャワーズ,プテラ,,,,05_elite_f.PNG,,3780円,イッシュ地方,ビッグスタジアム、リトルコート,13,,
1702,ミヤ,エリートトレーナー,5b,ブラック2・ホワイト2,デスカーン,,,,,,05_elite_f.PNG,,2400円,イッシュ地方,フェスミッション,13,,
1703,サルヒメ,エリートトレーナー,5b,ブラック2・ホワイト2,スワンナ,,,,,,05_elite_f.PNG,,2400円,イッシュ地方,フェスミッション,13,,
1704,ジェリコ,エリートトレーナー,5b,ブラック2・ホワイト2,ドリュウズ,,,,,,05_elite_f.PNG,,2400円,イッシュ地方,フェスミッション,13,,
1705,エルメラ,エリートトレーナー,5b,ブラック2・ホワイト2,メブキジカ,,,,,,05_elite_f.PNG,,2400円,イッシュ地方,フェスミッション,13,,
1706,ニーナ,エリートトレーナー,5b,ブラック2・ホワイト2,デンチュラ,,,,,,05_elite_f.PNG,,2400円,イッシュ地方,フェスミッション,13,,
1707,ナターシャ,エリートトレーナー,5b,ブラック2・ホワイト2,ツンベアー,,,,,,05_elite_f.PNG,,2400円,イッシュ地方,フェスミッション,13,,
1708,アスカ,エリートトレーナー,6,X・Y,ドードー,グランブル,エリキテル,,,,06_elite_f.PNG,,2500円,カロス地方,うつしみのどうくつ,14,,
1709,ナオト,エリートトレーナー,6,X・Y,アブソル,カイロス,,,,,06_elite_m.PNG,,2500円,カロス地方,うつしみのどうくつ,14,,
1710,テツヤ,エリートトレーナー,6,X・Y,ルカリオ,,,,,,06_elite_m.PNG,,3100円,カロス地方,22ばんどうろ,14,,
1711,ヒトミ,エリートトレーナー,6,X・Y,サメハダー,サーナイト,,,,,06_elite_f.PNG,,3000円,カロス地方,22ばんどうろ,14,,
1712,トキヤ,エリートトレーナー,6,X・Y,ランターン,,,,,,06_elite_m.PNG,,3600円,カロス地方,ミアレジム,14,,
1713,ジェスタン,エリートトレーナー,6,X・Y,マルマイン,,,,,,06_elite_m.PNG,,3600円,カロス地方,ミアレジム,14,,
1714,ユウタ,エリートトレーナー,6,X・Y,デンリュウ,,,,,,06_elite_m.PNG,,3600円,カロス地方,ミアレジム,14,,
1715,ユイ,エリートトレーナー,6,X・Y,ニダンギル,,,,,,06_elite_f.PNG,,4600円,カロス地方,フロストケイブ,14,,
1716,トリスタン,エリートトレーナー,6,X・Y,ライチュウ,ゴルダック,ガラガラ,,,,06_elite_m.PNG,,4300円,カロス地方,フロストケイブ,14,,
1717,マリア,エリートトレーナー,6,X・Y,ニューラ,パルシェン,,,,,06_elite_f.PNG,,5500円,カロス地方,エイセツジム,14,,
1718,クレマン,エリートトレーナー,6,X・Y,デリバード,マンムー,,,,,06_elite_m.PNG,,5500円,カロス地方,エイセツジム,14,,
1719,ミレイ,エリートトレーナー,6,X・Y,フリージオ,イノムー,ルージュラ,,,,06_elite_f.PNG,,5400円,カロス地方,エイセツジム,14,,
1720,ヒョウガ,エリートトレーナー,6,X・Y,ツンベアー,バイバニラ,,,,,06_elite_m.PNG,,5500円,カロス地方,エイセツジム,14,,
1721,ヤヨイ,エリートトレーナー,6,X・Y,ヤミラミ,イワパレス,,,,,06_elite_f.PNG,,5600円,カロス地方,21ばんどうろ,14,,
1722,ヒロシ,エリートトレーナー,6,X・Y,シャンデラ,,,,,,06_elite_m.PNG,,5800円,カロス地方,21ばんどうろ,14,,
1723,フレデリック,エリートトレーナー,6,X・Y,メレシー,ライチュウ,キングドラ,,,,06_elite_m.PNG,,5700円,カロス地方,チャンピオンロード,14,,
1724,ショウコ,エリートトレーナー,6,X・Y,マニューラ,,,,,,06_elite_f.PNG,,6000円,カロス地方,チャンピオンロード,14,,
1725,シンイチロウ,エリートトレーナー,6,X・Y,ハガネール,マルマイン,ガルーラ,,,,06_elite_m.PNG,,5700円,カロス地方,チャンピオンロード,14,,
1726,メグミ,エリートトレーナー,6,X・Y,マグカルゴ,ハッサム,,,,,06_elite_f.PNG,,5800円,カロス地方,チャンピオンロード,14,,
1727,アレクシ,エリートトレーナー,6,X・Y,マタドガス,ドータクン,シビルドン,,,,06_elite_m.PNG,,6600円,カロス地方,キナンシティ,14,,
1728,アイカ,エリートトレーナー,3c,オメガルビー・アルファサファイア,ハブネーク,オオスバメ,,,,,04_elite_f.PNG,,1680円,ホウエン地方,108ばんすいどう,15,,
1729,キリオ,エリートトレーナー,3c,オメガルビー・アルファサファイア,ザングース,キノガッサ,,,,,04_elite_m.PNG,,1680円、2160円、2520円、2820円、3240円,ホウエン地方,108ばんすいどう,15,,
1730,マリナ,エリートトレーナー,3c,オメガルビー・アルファサファイア,カクレオン,マグカルゴ,バニリッチ（バイバニラ）,,,,04_elite_f.PNG,,1680円、2100円、2520円、2640円、3240円,ホウエン地方,109ばんすいどう,15,,
1731,ヤエコ,エリートトレーナー,3c,オメガルビー・アルファサファイア,ミロカロス,,,,,,04_elite_f.PNG,,2160円,ホウエン地方,120ばんどうろ,15,,
1732,セツナ,エリートトレーナー,3c,オメガルビー・アルファサファイア,サイホーン,トロピウス,,,,,04_elite_f.PNG,,2160円,ホウエン地方,123ばんどうろ,15,,
1733,ケン,エリートトレーナー,3c,オメガルビー・アルファサファイア,ビブラーバ,エアームド,,,,,04_elite_m.PNG,,2220円,ホウエン地方,123ばんどうろ,15,,
1734,ヒヅキ,エリートトレーナー,3c,オメガルビー・アルファサファイア,キュウコン,キレイハナ,,,,,04_elite_f.PNG,,2220円,ホウエン地方,123ばんどうろ,15,,
1735,シンイチロウ,エリートトレーナー,3c,オメガルビー・アルファサファイア,ビブラーバ,サイドン,,,,,04_elite_m.PNG,,2340円,ホウエン地方,126ばんすいどう,15,,
1736,ショウコ,エリートトレーナー,3c,オメガルビー・アルファサファイア,クロバット,,,,,,04_elite_f.PNG,,2460円,ホウエン地方,126ばんすいどう,15,,
1737,ナオヤ,エリートトレーナー,3c,オメガルビー・アルファサファイア,カイロス,,,,,,04_elite_m.PNG,,2460円,ホウエン地方,127ばんすいどう,15,,
1738,カレン,エリートトレーナー,3c,オメガルビー・アルファサファイア,ユキワラシ,アメモース,サマヨール,,,,04_elite_f.PNG,,2280円,ホウエン地方,127ばんすいどう,15,,
1739,ジン,エリートトレーナー,3c,オメガルビー・アルファサファイア,ゴローニャ,ライチュウ,,,,,04_elite_m.PNG,,2340円,ホウエン地方,128ばんすいどう,15,,
1740,マユキ,エリートトレーナー,3c,オメガルビー・アルファサファイア,コータス,チャーレム,,,,,04_elite_f.PNG,,2340円,ホウエン地方,129ばんすいどう,15,,
1741,レイジ,エリートトレーナー,3c,オメガルビー・アルファサファイア,コドラ,フーディン,ライボルト,,,,04_elite_m.PNG,,2280円,ホウエン地方,133ばんすいどう,15,,
1742,アンナ,エリートトレーナー,3c,オメガルビー・アルファサファイア,コドラ,トロピウス,,,,,04_elite_f.PNG,,2400円,ホウエン地方,134ばんすいどう,15,,
1743,ショウ,エリートトレーナー,3c,オメガルビー・アルファサファイア,シンボラー,ドサイドン,,,,,04_elite_m.PNG,,2700円,ホウエン地方,チャンピオンロード,15,,
1744,アヤナ,エリートトレーナー,3c,オメガルビー・アルファサファイア,ユキメノコ,,,,,,04_elite_f.PNG,,2820円,ホウエン地方,チャンピオンロード,15,,
1745,ノブヒコ,エリートトレーナー,3c,オメガルビー・アルファサファイア,クチート,,,,,,04_elite_m.PNG,,2820円,ホウエン地方,チャンピオンロード,15,,
1746,リョウヘイ,エリートトレーナー,3c,オメガルビー・アルファサファイア,マルマイン,ヒヒダルマ,マルノーム,,,,04_elite_m.PNG,,2640円,ホウエン地方,チャンピオンロード,15,,
1747,トンペイ,エリートトレーナー,3c,オメガルビー・アルファサファイア,ブースター,クイタラン,,,,,04_elite_m.PNG,,3300円,ホウエン地方,キンセツキッチン,15,,
1748,ターコ,エリートトレーナー,3c,オメガルビー・アルファサファイア,ヌケニン,ヌケニン,,,,,04_elite_f.PNG,,3300円,ホウエン地方,キンセツキッチン,15,,
1749,サオリ,エリートトレーナー,3c,オメガルビー・アルファサファイア,ドゴーム,,,,,,04_elite_f.PNG,,1800円,ホウエン地方,特別体験版,15,,
1750,ヒトミ,エリートトレーナー,3c,オメガルビー・アルファサファイア,アブソル,,,,,,04_elite_f.PNG,,1800円,ホウエン地方,特別体験版,15,,
1751,アヤカ,エリートトレーナー,3c,オメガルビー・アルファサファイア,アブソル,,,,,,04_elite_f.PNG,,1800円,ホウエン地方,特別体験版,15,,
1752,トーリエ,エリートトレーナー,7,サン・ムーン,ガーディ（ウインディ）,,,,,,07_elite_f.PNG,f,884円、3740円,アローラ地方,バトルバイキング,16,,
1753,タクヤ,エリートトレーナー,7,サン・ムーン,イワンコ,ヤドン,,,,,07_elite_m.PNG,,952円,アローラ地方,3ばんどうろ,16,,
1754,ジョン,エリートトレーナー,7,サン・ムーン,ユンゲラー,,,,,,07_elite_m.PNG,,1428円,アローラ地方,ヴェラかざんこうえん,16,,
1755,アイリ,エリートトレーナー,7,サン・ムーン,キャモメ,オニドリル,,,,,07_elite_f.PNG,,1496円,アローラ地方,8ばんどうろ,16,,
1756,アオイ,エリートトレーナー,7,サン・ムーン,ヌメラ,ニンフィア,,,,,07_elite_f.PNG,,1564円,アローラ地方,5ばんどうろ,16,,
1757,ソウタロウ,エリートトレーナー,7,サン・ムーン,ベトベター（アローラのすがた）,,,,,,07_elite_m.PNG,,1972円,アローラ地方,マリエシティ,16,,
1758,ユウキ,エリートトレーナー,7,サン・ムーン,サンド（アローラのすがた）,ガラガラ（アローラのすがた）,,,,,07_elite_m.PNG,,2244円,アローラ地方,15ばんすいどう,16,,
1759,エリナ,エリートトレーナー,7,サン・ムーン,ロコン（アローラのすがた）,ゴースト,,,,,07_elite_f.PNG,,2380円,アローラ地方,15ばんすいどう,16,,
1760,ソウマ,エリートトレーナー,7,サン・ムーン,ダストダス,ドヒドイデ,,,,,07_elite_f.PNG,,3060円,アローラ地方,ポニのげんや,16,,
1761,ノブヒコ,エリートトレーナー,7,サン・ムーン,エアームド,サメハダー,,,,,07_elite_m.PNG,,3060円,アローラ地方,ポニのげんや,16,,
1762,ショウコ,エリートトレーナー,7,サン・ムーン,ドレディア,マニューラ,,,,,07_elite_f.PNG,,3128円,アローラ地方,ポニのだいきょうこく,16,,
1763,ヒロシ,エリートトレーナー,7,サン・ムーン,アブソル,ラプラス,,,,,07_elite_m.PNG,,3196円,アローラ地方,ポニのだいきょうこく,16,,
1764,トモヒサ,エリートトレーナー,7,サン・ムーン,ハギギシリ,ガラガラ（アローラのすがた）,ウォーグル,,,,07_elite_m.PNG,,3808円,アローラ地方,ポニのじゅりん,16,,
1765,アヤナ,エリートトレーナー,7,サン・ムーン,パルシェン,ラランテス,,,,,07_elite_f.PNG,,4012円,アローラ地方,ポニのこうや,16,,
1766,タケル,エリートトレーナー,7,サン・ムーン,ジジーロン,ヌメルゴン,,,,,07_elite_m.PNG,,3876円,アローラ地方,ポニのこうや,16,,
1767,ミユキ,エリートトレーナー,7,サン・ムーン,ジャラコ,ピカチュウ,,,,,07_elite_f.PNG,,2856円,アローラ地方,特別体験版,16,,
1768,ヒデオ,エリートトレーナー,7b,ウルトラサン・ウルトラムーン,トロピウス,ドレディア,,,,,07_elite_m.PNG,,3128円,アローラ地方,ポニのげんや,17,,
1769,ユウト,エリートトレーナー,7b,ウルトラサン・ウルトラムーン,ストライク,カラマネロ,,,,,07_elite_m.PNG,,3536円,アローラ地方,ラナキラマウンテン,17,,
1770,レイナ,エリートトレーナー,7b,ウルトラサン・ウルトラムーン,マシェード,ピクシー,,,,,07_elite_f.PNG,,3536円,アローラ地方,ラナキラマウンテン,17,,
1771,ミサト,エリートトレーナー,7b,ウルトラサン・ウルトラムーン,バイバニラ,ムウマージ,,,,,07_elite_f.PNG,,3604円,アローラ地方,ラナキラマウンテン,17,,
1772,ミノリ,エリートトレーナー,pv,Let's go!ピカチュウ・Let's go!イーブイ,ロコン,ユンゲラー,,,,,06_elite_f.PNG,,2500円、ハイパーボール5個,カントー地方,イワヤマトンネル,18,,
1773,マナブ,エリートトレーナー,pv,Let's go!ピカチュウ・Let's go!イーブイ,ディグダ,ブースター,,,,,02_elite_m.PNG,,2500円、ハイパーボール5個,カントー地方,イワヤマトンネル,18,,
1774,ユカ,エリートトレーナー,pv,Let's go!ピカチュウ・Let's go!イーブイ,ライチュウ,ダグトリオ,パウワウ,,,,06_elite_f.PNG,,2800円、ハイパーボール5個,カントー地方,7ばんどうろ,18,,
1775,カレン,エリートトレーナー,pv,Let's go!ピカチュウ・Let's go!イーブイ,ユンゲラー,ゴーリキー,,,,,06_elite_f.PNG,,2900円、ハイパーボール5個,カントー地方,8ばんどうろ,18,,
1776,エイイチ,エリートトレーナー,pv,Let's go!ピカチュウ・Let's go!イーブイ,モンジャラ,イワーク,,,,,02_elite_m.PNG,,2900円、ハイパーボール5個,カントー地方,12ばんどうろ,18,,
1777,アヤカ,エリートトレーナー,pv,Let's go!ピカチュウ・Let's go!イーブイ,ウツドン,モンジャラ,,,,,06_elite_f.PNG,,3200円,カントー地方,タマムシジム,18,,
1778,ツカサ,エリートトレーナー,pv,Let's go!ピカチュウ・Let's go!イーブイ,ゴローン,レアコイル,ゴースト,,,,02_elite_m.PNG,,4000円、ハイパーボール5個,カントー地方,13ばんどうろ,18,,
1779,サチコ,エリートトレーナー,pv,Let's go!ピカチュウ・Let's go!イーブイ,シャワーズ,サンドパン,ドードリオ,,,,06_elite_f.PNG,,3900円、ハイパーボール5個,カントー地方,14ばんどうろ,18,,
1780,ユウリ,エリートトレーナー,pv,Let's go!ピカチュウ・Let's go!イーブイ,カメール,レアコイル,ガラガラ,,,,02_elite_m.PNG,,3900円、ハイパーボール5個,カントー地方,17ばんどうろ,18,,
1781,サエコ,エリートトレーナー,pv,Let's go!ピカチュウ・Let's go!イーブイ,ナッシー,キュウコン,スターミー,,,,06_elite_f.PNG,,3900円、ハイパーボール5個,カントー地方,17ばんどうろ,18,,
1782,レン,エリートトレーナー,pv,Let's go!ピカチュウ・Let's go!イーブイ,ベトベトン,スピアー,,,,,02_elite_m.PNG,,4200円,カントー地方,セキチクジム,18,,
1783,マイカ,エリートトレーナー,pv,Let's go!ピカチュウ・Let's go!イーブイ,フシギソウ,マタドガス,,,,,06_elite_f.PNG,,4200円,カントー地方,セキチクジム,18,,
1784,フミカ,エリートトレーナー,pv,Let's go!ピカチュウ・Let's go!イーブイ,ルージュラ,,,,,,06_elite_f.PNG,,4200円,カントー地方,ヤマブキジム,18,,
1785,カオル,エリートトレーナー,pv,Let's go!ピカチュウ・Let's go!イーブイ,ユンゲラー,ユンゲラー,,,,,02_elite_m.PNG,,4200円,カントー地方,ヤマブキジム,18,,
1786,ショウ,エリートトレーナー,pv,Let's go!ピカチュウ・Let's go!イーブイ,ゴローニャ,カイロス,,,,,02_elite_m.PNG,,4500円、ハイパーボール5個,カントー地方,20ばんすいどう,18,,
1787,クニヒコ,エリートトレーナー,pv,Let's go!ピカチュウ・Let's go!イーブイ,キングラー,オコリザル,,,,,02_elite_m.PNG,,4600円、ハイパーボール5個,カントー地方,ポケモンやしき,18,,
1788,タクヤ,エリートトレーナー,pv,Let's go!ピカチュウ・Let's go!イーブイ,ニドキング,,,,,,02_elite_m.PNG,,4800円,カントー地方,トキワジム,18,,
1789,レイカ,エリートトレーナー,pv,Let's go!ピカチュウ・Let's go!イーブイ,ニドクイン,,,,,,06_elite_f.PNG,,4800円,カントー地方,トキワジム,18,,
1790,カズシ,エリートトレーナー,pv,Let's go!ピカチュウ・Let's go!イーブイ,ダグトリオ,サイホーン,,,,,02_elite_m.PNG,,4800円,カントー地方,トキワジム,18,,
1791,カナコ,エリートトレーナー,pv,Let's go!ピカチュウ・Let's go!イーブイ,ガルーラ,フシギバナ,,,,,06_elite_f.PNG,,4800円、ハイパーボール5個,カントー地方,チャンピオンロード,18,,
1792,アサオ,エリートトレーナー,pv,Let's go!ピカチュウ・Let's go!イーブイ,ギャロップ,スターミー,ウツボット,,,,02_elite_m.PNG,,4800円、ハイパーボール5個,カントー地方,チャンピオンロード,18,,
1793,カズマ,エリートトレーナー,pv,Let's go!ピカチュウ・Let's go!イーブイ,ストライク,ガラガラ,,,,,02_elite_m.PNG,,4700円、ハイパーボール5個,カントー地方,チャンピオンロード,18,,
1794,サヤカ,エリートトレーナー,pv,Let's go!ピカチュウ・Let's go!イーブイ,ハクリュー,プクリン,エビワラー,,,,06_elite_f.PNG,,4800円、ハイパーボール5個,カントー地方,チャンピオンロード,18,,
1795,シュウ,エリートトレーナー,pv,Let's go!ピカチュウ・Let's go!イーブイ,マルマイン,キングラー,ピジョット,サイドン,,,02_elite_m.PNG,,4800円、ハイパーボール5個,カントー地方,チャンピオンロード,18,,
1796,コトミ,エリートトレーナー,pv,Let's go!ピカチュウ・Let's go!イーブイ,ルージュラ,ゴルバット,ウインディ,,,,06_elite_f.PNG,,4800円、ハイパーボール5個,カントー地方,チャンピオンロード,18,,
1797,アキオ,エリートトレーナー,pv,Let's go!ピカチュウ・Let's go!イーブイ,ヒトカゲ,,,,,,02_elite_m.PNG,,,カントー地方,タマムシマンション,18,,
1798,タカノリ,エリートトレーナー,pv,Let's go!ピカチュウ・Let's go!イーブイ,リザード,,,,,,02_elite_m.PNG,,,カントー地方,10ばんどうろ,18,,
1799,ケン,エリートトレーナー,pv,Let's go!ピカチュウ・Let's go!イーブイ,リザードン,,,,,,02_elite_m.PNG,,,カントー地方,23ばんどうろ,18,,
1800,トシフミ,エリートトレーナー,pv,Let's go!ピカチュウ・Let's go!イーブイ,ニドラン♀,,,,,,02_elite_m.PNG,,,カントー地方,3ばんどうろ,18,,
1801,タカト,エリートトレーナー,pv,Let's go!ピカチュウ・Let's go!イーブイ,ニドリーナ,,,,,,02_elite_m.PNG,,,カントー地方,ちかつうろ,18,,
1802,ツネカズ,エリートトレーナー,pv,Let's go!ピカチュウ・Let's go!イーブイ,ニドクイン,,,,,,02_elite_m.PNG,,,カントー地方,23ばんどうろ,18,,
1803,ミノル,エリートトレーナー,pv,Let's go!ピカチュウ・Let's go!イーブイ,ニドラン♂,,,,,,02_elite_m.PNG,,,カントー地方,4ばんどうろ,18,,
1804,キリオ,エリートトレーナー,pv,Let's go!ピカチュウ・Let's go!イーブイ,ニドリーノ,,,,,,02_elite_m.PNG,,,カントー地方,ちかつうろ,18,,
1805,ハルマ,エリートトレーナー,pv,Let's go!ピカチュウ・Let's go!イーブイ,ニドキング,,,,,,02_elite_m.PNG,,,カントー地方,23ばんどうろ,18,,
1806,タツヤ,エリートトレーナー,pv,Let's go!ピカチュウ・Let's go!イーブイ,ロコン,,,,,,02_elite_m.PNG,,,カントー地方,6ばんどうろ,18,,
1807,ウンショウ,エリートトレーナー,pv,Let's go!ピカチュウ・Let's go!イーブイ,キュウコン,,,,,,02_elite_m.PNG,,,カントー地方,9ばんどうろ,18,,
1808,マキオ,エリートトレーナー,pv,Let's go!ピカチュウ・Let's go!イーブイ,ガーディ,,,,,,02_elite_m.PNG,,,カントー地方,7ばんどうろ,18,,
1809,ノブヒコ,エリートトレーナー,pv,Let's go!ピカチュウ・Let's go!イーブイ,ウインディ,,,,,,02_elite_m.PNG,,,カントー地方,タマムシシティ,18,,
1810,タク,エリートトレーナー,pv,Let's go!ピカチュウ・Let's go!イーブイ,ポニータ,,,,,,02_elite_m.PNG,,,カントー地方,ヤマブキシティ,18,,
1811,シゲル,エリートトレーナー,pv,Let's go!ピカチュウ・Let's go!イーブイ,ギャロップ,,,,,,02_elite_m.PNG,,,カントー地方,ヤマブキシティ,18,,
1812,フジタカ,エリートトレーナー,pv,Let's go!ピカチュウ・Let's go!イーブイ,クラブ,,,,,,02_elite_m.PNG,,,カントー地方,クチバシティ,18,,
1813,ユウマ,エリートトレーナー,pv,Let's go!ピカチュウ・Let's go!イーブイ,キングラー,,,,,,02_elite_m.PNG,,,カントー地方,シルフカンパニー,18,,
1814,リュウジ,エリートトレーナー,pv,Let's go!ピカチュウ・Let's go!イーブイ,ガルーラ,,,,,,02_elite_m.PNG,,,カントー地方,セキチクシティ,18,,
1815,シュンスケ,エリートトレーナー,pv,Let's go!ピカチュウ・Let's go!イーブイ,ブーバー,,,,,,02_elite_m.PNG,,,カントー地方,ポケモンやしき,18,,
1816,サトル,エリートトレーナー,pv,Let's go!ピカチュウ・Let's go!イーブイ,ケンタロス,,,,,,02_elite_m.PNG,,,カントー地方,セキチクシティ,18,,
1817,アキナガ,エリートトレーナー,pv,Let's go!ピカチュウ・Let's go!イーブイ,ギャラドス,,,,,,02_elite_m.PNG,,,カントー地方,タマムシシティ,18,,
1818,ヤマト,エリートトレーナー,pv,Let's go!ピカチュウ・Let's go!イーブイ,ブースター,,,,,,02_elite_m.PNG,,,カントー地方,タマムシデパート,18,,
1819,ユウダイ,エリートトレーナー,pv,Let's go!ピカチュウ・Let's go!イーブイ,カビゴン,,,,,,02_elite_m.PNG,,,カントー地方,16ばんどうろ,18,,
1820,タクム,エリートトレーナー,pv,Let's go!ピカチュウ・Let's go!イーブイ,ミニリュウ,,,,,,02_elite_m.PNG,,,カントー地方,23ばんどうろ,18,,
1821,シゲマサ,エリートトレーナー,pv,Let's go!ピカチュウ・Let's go!イーブイ,ハクリュー,,,,,,02_elite_m.PNG,,,カントー地方,ふたごじま,18,,
1822,シンイチロウ,エリートトレーナー,pv,Let's go!ピカチュウ・Let's go!イーブイ,カイリュー,,,,,,02_elite_m.PNG,,,カントー地方,ハナダシティ,18,,
1823,フミヤ,ボーダー,2,金・銀,パウワウ,パウワウ,ジュゴン,,,,02_boarder.PNG,,1728円,ジョウト地方,チョウジジム,4,,
1824,ノリヒロ,ボーダー,2,金・銀,ウリムー,ウリムー,,,,,02_boarder.PNG,,1872円,ジョウト地方,チョウジジム,4,,
1825,キンジ,ボーダー,2,金・銀,シェルダー,シェルダー,パルシェン,,,,02_boarder.PNG,,1728円,ジョウト地方,チョウジジム,4,,
1826,タイガ,ボーダー,2c,ハートゴールド・ソウルシルバー,パルシェン,ジュゴン,,,,,02_boarder.PNG,,1600円,ジョウト地方,ふたごじま,11,,
1827,レイジ,ボーダー,2c,ハートゴールド・ソウルシルバー,ジュゴン,ラプラス,,,,,02_boarder.PNG,,1600円,ジョウト地方,ふたごじま,11,,
1828,イチロウタ,たんぱんこぞう,4,ダイヤモンド・パール,,,,,,,02_tanpan.PNG,,,シンオウ地方,バトルタワー,9,,
1829,ジロウマル,たんぱんこぞう,4,ダイヤモンド・パール,,,,,,,02_tanpan.PNG,,,シンオウ地方,バトルタワー,9,,
1830,サブロウタ,たんぱんこぞう,4,ダイヤモンド・パール,,,,,,,02_tanpan.PNG,,,シンオウ地方,バトルタワー,9,,
1831,ユー,ミニスカート,4,ダイヤモンド・パール,,,,,,,04_minisuka.PNG,,,シンオウ地方,バトルタワー,9,,
1832,イブ,ミニスカート,4,ダイヤモンド・パール,,,,,,,04_minisuka.PNG,,,シンオウ地方,バトルタワー,9,,
1833,ミユ,ミニスカート,4,ダイヤモンド・パール,,,,,,,04_minisuka.PNG,,,シンオウ地方,バトルタワー,9,,
1834,ラー,じゅくがえり,4,ダイヤモンド・パール,,,,,,,04_jukugaeri_m.PNG,m,,シンオウ地方,バトルタワー,9,,
1835,マカオ,じゅくがえり,4,ダイヤモンド・パール,,,,,,,04_jukugaeri_m.PNG,m,,シンオウ地方,バトルタワー,9,,
1836,エリオット,じゅくがえり,4,ダイヤモンド・パール,,,,,,,04_jukugaeri_m.PNG,m,,シンオウ地方,バトルタワー,9,,
1837,シモーヌ,じゅくがえり,4,ダイヤモンド・パール,,,,,,,04_jukugaeri_f.PNG,f,,シンオウ地方,バトルタワー,9,,
1838,ガクコ,じゅくがえり,4,ダイヤモンド・パール,,,,,,,04_jukugaeri_f.PNG,f,,シンオウ地方,バトルタワー,9,,
1839,セザンヌ,じゅくがえり,4,ダイヤモンド・パール,,,,,,,04_jukugaeri_f.PNG,f,,シンオウ地方,バトルタワー,9,,
1840,タスケ,おぼっちゃま,4,ダイヤモンド・パール,,,,,,,05_obottyama.PNG,,,シンオウ地方,バトルタワー,9,,
1841,コスケ,おぼっちゃま,4,ダイヤモンド・パール,,,,,,,05_obottyama.PNG,,,シンオウ地方,バトルタワー,9,,
1842,ショウスケ,おぼっちゃま,4,ダイヤモンド・パール,,,,,,,05_obottyama.PNG,,,シンオウ地方,バトルタワー,9,,
1843,キラリ,おじょうさま,4,ダイヤモンド・パール,,,,,,,04_ojosama.PNG,,,シンオウ地方,バトルタワー,9,,
1844,カヨ,おじょうさま,4,ダイヤモンド・パール,,,,,,,04_ojosama.PNG,,,シンオウ地方,バトルタワー,9,,
1845,ホタル,おじょうさま,4,ダイヤモンド・パール,,,,,,,04_ojosama.PNG,,,シンオウ地方,バトルタワー,9,,
1846,マツノシン,キャンプボーイ,4,ダイヤモンド・パール,,,,,,,02_campboy.PNG,,,シンオウ地方,バトルタワー,9,,
1847,ノーマン,キャンプボーイ,4,ダイヤモンド・パール,,,,,,,02_campboy.PNG,,,シンオウ地方,バトルタワー,9,,
1848,ジージー,キャンプボーイ,4,ダイヤモンド・パール,,,,,,,02_campboy.PNG,,,シンオウ地方,バトルタワー,9,,
1849,バルト,ピクニックガール,4,ダイヤモンド・パール,,,,,,,02_picnicgirl.PNG,,,シンオウ地方,バトルタワー,9,,
1850,スジコ,ピクニックガール,4,ダイヤモンド・パール,,,,,,,02_picnicgirl.PNG,,,シンオウ地方,バトルタワー,9,,
1851,アケマツ,ピクニックガール,4,ダイヤモンド・パール,,,,,,,02_picnicgirl.PNG,,,シンオウ地方,バトルタワー,9,,
1852,マスジ,うきわボーイ,4,ダイヤモンド・パール,,,,,,,,,,シンオウ地方,バトルタワー,9,,
1853,シオノジョ,うきわボーイ,4,ダイヤモンド・パール,,,,,,,,,,シンオウ地方,バトルタワー,9,,
1854,カイコウ,うきわボーイ,4,ダイヤモンド・パール,,,,,,,,,,シンオウ地方,バトルタワー,9,,
1855,オオタマ,うきわガール,4,ダイヤモンド・パール,,,,,,,,,,シンオウ地方,バトルタワー,9,,
1856,オカネ,うきわガール,4,ダイヤモンド・パール,,,,,,,,,,シンオウ地方,バトルタワー,9,,
1857,オトミ,うきわガール,4,ダイヤモンド・パール,,,,,,,,,,シンオウ地方,バトルタワー,9,,
1858,ジンゾウ,ギタリスト,4,ダイヤモンド・パール,,,,,,,02_guitarist.PNG,,,シンオウ地方,バトルタワー,9,,
1859,ヨウゾウ,ギタリスト,4,ダイヤモンド・パール,,,,,,,02_guitarist.PNG,,,シンオウ地方,バトルタワー,9,,
1860,ヤスミン,ギタリスト,4,ダイヤモンド・パール,,,,,,,02_guitarist.PNG,,,シンオウ地方,バトルタワー,9,,
1861,コウメ,アイドル,4,ダイヤモンド・パール,,,,,,,,,,シンオウ地方,バトルタワー,9,,
1862,コタケ,アイドル,4,ダイヤモンド・パール,,,,,,,,,,シンオウ地方,バトルタワー,9,,
1863,コマツ,アイドル,4,ダイヤモンド・パール,,,,,,,,,,シンオウ地方,バトルタワー,9,,
1864,トモチカ,だいすきクラブ,4,ダイヤモンド・パール,,,,,,,02_daisukiclub.PNG,m,,シンオウ地方,バトルタワー,9,,
1865,カネツグ,だいすきクラブ,4,ダイヤモンド・パール,,,,,,,02_daisukiclub.PNG,m,,シンオウ地方,バトルタワー,9,,
1866,アツモリ,だいすきクラブ,4,ダイヤモンド・パール,,,,,,,02_daisukiclub.PNG,m,,シンオウ地方,バトルタワー,9,,
1867,ネネ,だいすきクラブ,4,ダイヤモンド・パール,,,,,,,02_daisukiclub_f.PNG,f,,シンオウ地方,バトルタワー,9,,
1868,キキ,だいすきクラブ,4,ダイヤモンド・パール,,,,,,,02_daisukiclub_f.PNG,f,,シンオウ地方,バトルタワー,9,,
1869,ヤヤ,だいすきクラブ,4,ダイヤモンド・パール,,,,,,,02_daisukiclub_f.PNG,f,,シンオウ地方,バトルタワー,9,,
1870,モトキ,ウエーター,4,ダイヤモンド・パール,,,,,,,,,,シンオウ地方,バトルタワー,9,,
1871,フロイト,ウエーター,4,ダイヤモンド・パール,,,,,,,,,,シンオウ地方,バトルタワー,9,,
1872,ランマル,ウエーター,4,ダイヤモンド・パール,,,,,,,,,,シンオウ地方,バトルタワー,9,,
1873,フサ,ウエートレス,4,ダイヤモンド・パール,,,,,,,,,,シンオウ地方,バトルタワー,9,,
1874,カキエ,ウエートレス,4,ダイヤモンド・パール,,,,,,,,,,シンオウ地方,バトルタワー,9,,
1875,タエ,ウエートレス,4,ダイヤモンド・パール,,,,,,,,,,シンオウ地方,バトルタワー,9,,
1876,サムソン,むしとりしょうねん,4,ダイヤモンド・パール,,,,,,,02_mushitori.PNG,,,シンオウ地方,バトルタワー,9,,
1877,ヨシヒト,むしとりしょうねん,4,ダイヤモンド・パール,,,,,,,02_mushitori.PNG,,,シンオウ地方,バトルタワー,9,,
1878,ヒデヨシ,むしとりしょうねん,4,ダイヤモンド・パール,,,,,,,02_mushitori.PNG,,,シンオウ地方,バトルタワー,9,,
1879,カナメ,ニンジャごっこ,4,ダイヤモンド・パール,,,,,,,,,,シンオウ地方,バトルタワー,9,,
1880,キザム,ニンジャごっこ,4,ダイヤモンド・パール,,,,,,,,,,シンオウ地方,バトルタワー,9,,
1881,ニコライ,ニンジャごっこ,4,ダイヤモンド・パール,,,,,,,,,,シンオウ地方,バトルタワー,9,,
1882,モモジ,ポケモンごっこ,4,ダイヤモンド・パール,,,,,,,,,,シンオウ地方,バトルタワー,9,,
1883,チヨジ,ポケモンごっこ,4,ダイヤモンド・パール,,,,,,,,,,シンオウ地方,バトルタワー,9,,
1884,アンジ,ポケモンごっこ,4,ダイヤモンド・パール,,,,,,,,,,シンオウ地方,バトルタワー,9,,
1885,ムネタツ,つりびと,4,ダイヤモンド・パール,,,,,,,,,,シンオウ地方,バトルタワー,9,,
1886,ユメスケ,つりびと,4,ダイヤモンド・パール,,,,,,,,,,シンオウ地方,バトルタワー,9,,
1887,イアン,いせきマニア,4,ダイヤモンド・パール,,,,,,,,,,シンオウ地方,バトルタワー,9,,
1888,コウジー,いせきマニア,4,ダイヤモンド・パール,,,,,,,,,,シンオウ地方,バトルタワー,9,,
1889,フミノリ,ポケモンコレクター,4,ダイヤモンド・パール,,,,,,,,,,シンオウ地方,バトルタワー,9,,
1890,タダノスケ,ポケモンコレクター,4,ダイヤモンド・パール,,,,,,,,,,シンオウ地方,バトルタワー,9,,
1891,ハルノ,パラソルおねえさん,4,ダイヤモンド・パール,,,,,,,,,,シンオウ地方,バトルタワー,9,,
1892,フユノ,パラソルおねえさん,4,ダイヤモンド・パール,,,,,,,,,,シンオウ地方,バトルタワー,9,,
1893,アキノ,パラソルおねえさん,4,ダイヤモンド・パール,,,,,,,,,,シンオウ地方,バトルタワー,9,,
1894,シマー,おとなのおねえさん,4,ダイヤモンド・パール,,,,,,,FRLG_onesan.PNG,,,シンオウ地方,バトルタワー,9,,
1895,カタセ,おとなのおねえさん,4,ダイヤモンド・パール,,,,,,,FRLG_onesan.PNG,,,シンオウ地方,バトルタワー,9,,
1896,ブロンディ,おとなのおねえさん,4,ダイヤモンド・パール,,,,,,,FRLG_onesan.PNG,,,シンオウ地方,バトルタワー,9,,
1897,エリサ,アロマなおねえさん,4,ダイヤモンド・パール,,,,,,,,,,シンオウ地方,バトルタワー,9,,
1898,ハマヨ,アロマなおねえさん,4,ダイヤモンド・パール,,,,,,,,,,シンオウ地方,バトルタワー,9,,
1899,ミミヨ,アロマなおねえさん,4,ダイヤモンド・パール,,,,,,,,,,シンオウ地方,バトルタワー,9,,
1900,コロク,ギタリスト,4,ダイヤモンド・パール,,,,,,,02_guitarist.PNG,,,シンオウ地方,バトルタワー,9,,
1901,マグミ,ギタリスト,4,ダイヤモンド・パール,,,,,,,02_guitarist.PNG,,,シンオウ地方,バトルタワー,9,,
1902,カゲカツ,とりつかい,4,ダイヤモンド・パール,,,,,,,,,,シンオウ地方,バトルタワー,9,,
1903,エツコ,とりつかい,4,ダイヤモンド・パール,,,,,,,,,,シンオウ地方,バトルタワー,9,,
1904,ニキータ,とりつかい,4,ダイヤモンド・パール,,,,,,,,,,シンオウ地方,バトルタワー,9,,
1905,ボン,ふなのり,4,ダイヤモンド・パール,,,,,,,,,,シンオウ地方,バトルタワー,9,,
1906,クリストフ,ふなのり,4,ダイヤモンド・パール,,,,,,,,,,シンオウ地方,バトルタワー,9,,
1907,ロブ,やまおとこ,4,ダイヤモンド・パール,,,,,,,,,,シンオウ地方,バトルタワー,9,,
1908,チヨノフ,やまおとこ,4,ダイヤモンド・パール,,,,,,,,,,シンオウ地方,バトルタワー,9,,
1909,カルロッタ,アイドル,4,ダイヤモンド・パール,,,,,,,,,,シンオウ地方,バトルタワー,9,,
1910,イツカ,アイドル,4,ダイヤモンド・パール,,,,,,,,,,シンオウ地方,バトルタワー,9,,
1911,カロリーヌ,アイドル,4,ダイヤモンド・パール,,,,,,,,,,シンオウ地方,バトルタワー,9,,
1912,ケイスケ,ジョギング,4,ダイヤモンド・パール,,,,,,,,,,シンオウ地方,バトルタワー,9,,
1913,シンデン,ジョギング,4,ダイヤモンド・パール,,,,,,,,,,シンオウ地方,バトルタワー,9,,
1914,エミール,さぎょういん,4,ダイヤモンド・パール,,,,,,,,,,シンオウ地方,バトルタワー,9,,
1915,ビクトル,さぎょういん,4,ダイヤモンド・パール,,,,,,,,,,シンオウ地方,バトルタワー,9,,
1916,カザン,ぼくじょうおじさん,4,ダイヤモンド・パール,,,,,,,,,,シンオウ地方,バトルタワー,9,,
1917,クラウド,ぼくじょうおじさん,4,ダイヤモンド・パール,,,,,,,,,,シンオウ地方,バトルタワー,9,,
1918,ガンノスケ,ぼくじょうおじさん,4,ダイヤモンド・パール,,,,,,,,,,シンオウ地方,バトルタワー,9,,
1919,ミスヅ,カウガール,4,ダイヤモンド・パール,,,,,,,,,,シンオウ地方,バトルタワー,9,,
1920,キクチヨ,カウガール,4,ダイヤモンド・パール,,,,,,,,,,シンオウ地方,バトルタワー,9,,
1921,マイア,カウガール,4,ダイヤモンド・パール,,,,,,,,,,シンオウ地方,バトルタワー,9,,
1922,ロベール,カメラマン,4,ダイヤモンド・パール,,,,,,,,,,シンオウ地方,バトルタワー,9,,
1923,アーノルド,カメラマン,4,ダイヤモンド・パール,,,,,,,,,,シンオウ地方,バトルタワー,9,,
1924,モウリュウ,カメラマン,4,ダイヤモンド・パール,,,,,,,,,,シンオウ地方,バトルタワー,9,,
1925,マイヅル,レポーター,4,ダイヤモンド・パール,,,,,,,,,,シンオウ地方,バトルタワー,9,,
1926,トラコ,レポーター,4,ダイヤモンド・パール,,,,,,,,,,シンオウ地方,バトルタワー,9,,
1927,アタミ,レポーター,4,ダイヤモンド・パール,,,,,,,,,,シンオウ地方,バトルタワー,9,,
1928,ジクウ,サイクリング,4,ダイヤモンド・パール,,,,,,,#N/A,,,シンオウ地方,バトルタワー,9,,
1929,サイエン,サイクリング,4,ダイヤモンド・パール,,,,,,,#N/A,,,シンオウ地方,バトルタワー,9,,
1930,バーバレラ,サイクリング,4,ダイヤモンド・パール,,,,,,,#N/A,,,シンオウ地方,バトルタワー,9,,
1931,ネリミ,サイクリング,4,ダイヤモンド・パール,,,,,,,#N/A,,,シンオウ地方,バトルタワー,9,,
1932,ジンパチ,からておう,4,ダイヤモンド・パール,,,,,,,,,,シンオウ地方,バトルタワー,9,,
1933,キンヤ,からておう,4,ダイヤモンド・パール,,,,,,,,,,シンオウ地方,バトルタワー,9,,
1934,イクナ,バトルガール,4,ダイヤモンド・パール,,,,,,,,,,シンオウ地方,バトルタワー,9,,
1935,トメ,バトルガール,4,ダイヤモンド・パール,,,,,,,,,,シンオウ地方,バトルタワー,9,,
1936,トミイチ,からておう,4,ダイヤモンド・パール,,,,,,,,,,シンオウ地方,バトルタワー,9,,
1937,ハルト,からておう,4,ダイヤモンド・パール,,,,,,,,,,シンオウ地方,バトルタワー,9,,
1938,シャクソン,からておう,4,ダイヤモンド・パール,,,,,,,,,,シンオウ地方,バトルタワー,9,,
1939,サカメ,バトルガール,4,ダイヤモンド・パール,,,,,,,,,,シンオウ地方,バトルタワー,9,,
1940,サンダンス,バトルガール,4,ダイヤモンド・パール,,,,,,,,,,シンオウ地方,バトルタワー,9,,
1941,モンシロ,バトルガール,4,ダイヤモンド・パール,,,,,,,,,,シンオウ地方,バトルタワー,9,,
1942,ハヤット,ベテラントレーナー,4,ダイヤモンド・パール,,,,,,,,,,シンオウ地方,バトルタワー,9,,
1943,グラマン,ベテラントレーナー,4,ダイヤモンド・パール,,,,,,,,,,シンオウ地方,バトルタワー,9,,
1944,シュンスケ,ベテラントレーナー,4,ダイヤモンド・パール,,,,,,,,,,シンオウ地方,バトルタワー,9,,
1945,ラメ,マダム,4,ダイヤモンド・パール,,,,,,,,,,シンオウ地方,バトルタワー,9,,
1946,パンコール,マダム,4,ダイヤモンド・パール,,,,,,,,,,シンオウ地方,バトルタワー,9,,
1947,カメ,マダム,4,ダイヤモンド・パール,,,,,,,,,,シンオウ地方,バトルタワー,9,,
1948,カッペイ,サイキッカー,4,ダイヤモンド・パール,,,,,,,02_psychic.PNG,m,,シンオウ地方,バトルタワー,9,,
1949,ナンペイ,サイキッカー,4,ダイヤモンド・パール,,,,,,,02_psychic.PNG,m,,シンオウ地方,バトルタワー,9,,
1950,キンペイ,サイキッカー,4,ダイヤモンド・パール,,,,,,,02_psychic.PNG,m,,シンオウ地方,バトルタワー,9,,
1951,ロロ,サイキッカー,4,ダイヤモンド・パール,,,,,,,03_psychic_f.PNG,f,,シンオウ地方,バトルタワー,9,,
1952,タタミ,サイキッカー,4,ダイヤモンド・パール,,,,,,,03_psychic_f.PNG,f,,シンオウ地方,バトルタワー,9,,
1953,ダミー,サイキッカー,4,ダイヤモンド・パール,,,,,,,03_psychic_f.PNG,f,,シンオウ地方,バトルタワー,9,,
1954,キンサク,ポケモンブリーダー,4,ダイヤモンド・パール,,,,,,,,m,,シンオウ地方,バトルタワー,9,,
1955,ジュンサク,ポケモンブリーダー,4,ダイヤモンド・パール,,,,,,,,m,,シンオウ地方,バトルタワー,9,,
1956,ショウサク,ポケモンブリーダー,4,ダイヤモンド・パール,,,,,,,,m,,シンオウ地方,バトルタワー,9,,
1957,ココナ,ポケモンブリーダー,4,ダイヤモンド・パール,,,,,,,,f,,シンオウ地方,バトルタワー,9,,
1958,ユーナ,ポケモンブリーダー,4,ダイヤモンド・パール,,,,,,,,f,,シンオウ地方,バトルタワー,9,,
1959,ヨハンナ,ポケモンブリーダー,4,ダイヤモンド・パール,,,,,,,,f,,シンオウ地方,バトルタワー,9,,
1960,スケノシン,ジェントルマン,4,ダイヤモンド・パール,,,,,,,,,,シンオウ地方,バトルタワー,9,,
1961,ブルーノ,ジェントルマン,4,ダイヤモンド・パール,,,,,,,,,,シンオウ地方,バトルタワー,9,,
1962,サムオ,スキンヘッズ,4,ダイヤモンド・パール,,,,,,,,,,シンオウ地方,バトルタワー,9,,
1963,バガン,スキンヘッズ,4,ダイヤモンド・パール,,,,,,,,,,シンオウ地方,バトルタワー,9,,
1964,ステハチ,けんきゅういん,4,ダイヤモンド・パール,,,,,,,#N/A,,,シンオウ地方,バトルタワー,9,,
1965,ターケーシ,けんきゅういん,4,ダイヤモンド・パール,,,,,,,#N/A,,,シンオウ地方,バトルタワー,9,,
1966,アダム,ピエロ,4,ダイヤモンド・パール,,,,,,,,,,シンオウ地方,バトルタワー,9,,
1967,セリーヌ,ピエロ,4,ダイヤモンド・パール,,,,,,,,,,シンオウ地方,バトルタワー,9,,
1968,メルバ,エリートトレーナー,4,ダイヤモンド・パール,,,,,,,04_elite_m.PNG,m,,シンオウ地方,バトルタワー,9,,
1969,ブンシ,エリートトレーナー,4,ダイヤモンド・パール,,,,,,,04_elite_m.PNG,m,,シンオウ地方,バトルタワー,9,,
1970,トモノシン,エリートトレーナー,4,ダイヤモンド・パール,,,,,,,04_elite_m.PNG,m,,シンオウ地方,バトルタワー,9,,
1971,ポポ,エリートトレーナー,4,ダイヤモンド・パール,,,,,,,04_elite_f.PNG,f,,シンオウ地方,バトルタワー,9,,
1972,アグネス,エリートトレーナー,4,ダイヤモンド・パール,,,,,,,04_elite_f.PNG,f,,シンオウ地方,バトルタワー,9,,
1973,マエ,エリートトレーナー,4,ダイヤモンド・パール,,,,,,,04_elite_f.PNG,f,,シンオウ地方,バトルタワー,9,,
1974,カスガ,ポケモンレンジャー,4,ダイヤモンド・パール,,,,,,,#N/A,,,シンオウ地方,バトルタワー,9,,
1975,ヤンカー,ポケモンレンジャー,4,ダイヤモンド・パール,,,,,,,#N/A,,,シンオウ地方,バトルタワー,9,,
1976,モーリス,ポケモンレンジャー,4,ダイヤモンド・パール,,,,,,,#N/A,,,シンオウ地方,バトルタワー,9,,
1977,キアーラ,ポケモンレンジャー,4,ダイヤモンド・パール,,,,,,,#N/A,,,シンオウ地方,バトルタワー,9,,
1978,ジョディー,ポケモンレンジャー,4,ダイヤモンド・パール,,,,,,,#N/A,,,シンオウ地方,バトルタワー,9,,
1979,クレハ,ポケモンレンジャー,4,ダイヤモンド・パール,,,,,,,#N/A,,,シンオウ地方,バトルタワー,9,,
1980,ガン,ドラゴンつかい,4,ダイヤモンド・パール,,,,,,,,,,シンオウ地方,バトルタワー,9,,
1981,コトノナカ,ドラゴンつかい,4,ダイヤモンド・パール,,,,,,,,,,シンオウ地方,バトルタワー,9,,
1982,ハーマン,ドラゴンつかい,4,ダイヤモンド・パール,,,,,,,,,,シンオウ地方,バトルタワー,9,,
1983,シュンデイ,ドラゴンつかい,4,ダイヤモンド・パール,,,,,,,,,,シンオウ地方,バトルタワー,9,,
1984,ヤコフ,エリートトレーナー,4,ダイヤモンド・パール,,,,,,,04_elite_m.PNG,m,,シンオウ地方,バトルタワー,9,,
1985,レオニード,エリートトレーナー,4,ダイヤモンド・パール,,,,,,,04_elite_m.PNG,m,,シンオウ地方,バトルタワー,9,,
1986,ナヨ,エリートトレーナー,4,ダイヤモンド・パール,,,,,,,04_elite_f.PNG,f,,シンオウ地方,バトルタワー,9,,
1987,ライマー,エリートトレーナー,4,ダイヤモンド・パール,,,,,,,04_elite_f.PNG,f,,シンオウ地方,バトルタワー,9,,
1988,シロー,たんぱんこぞう,4,ダイヤモンド・パール,,,,,,,02_tanpan.PNG,,,シンオウ地方,バトルタワー,9,,
1989,ゴロー,たんぱんこぞう,4,ダイヤモンド・パール,,,,,,,02_tanpan.PNG,,,シンオウ地方,バトルタワー,9,,
1990,ヒルダ,ミニスカート,4,ダイヤモンド・パール,,,,,,,04_minisuka.PNG,,,シンオウ地方,バトルタワー,9,,
1991,カネコ,ミニスカート,4,ダイヤモンド・パール,,,,,,,04_minisuka.PNG,,,シンオウ地方,バトルタワー,9,,
1992,ベン,じゅくがえり,4,ダイヤモンド・パール,,,,,,,04_jukugaeri_m.PNG,m,,シンオウ地方,バトルタワー,9,,
1993,ガク,じゅくがえり,4,ダイヤモンド・パール,,,,,,,04_jukugaeri_m.PNG,m,,シンオウ地方,バトルタワー,9,,
1994,ジャニス,じゅくがえり,4,ダイヤモンド・パール,,,,,,,04_jukugaeri_f.PNG,f,,シンオウ地方,バトルタワー,9,,
1995,ハルネ,じゅくがえり,4,ダイヤモンド・パール,,,,,,,04_jukugaeri_f.PNG,f,,シンオウ地方,バトルタワー,9,,
1996,ゲラン,おぼっちゃま,4,ダイヤモンド・パール,,,,,,,05_obottyama.PNG,,,シンオウ地方,バトルタワー,9,,
1997,サキョウ,おぼっちゃま,4,ダイヤモンド・パール,,,,,,,05_obottyama.PNG,,,シンオウ地方,バトルタワー,9,,
1998,オトギ,おじょうさま,4,ダイヤモンド・パール,,,,,,,04_ojosama.PNG,,,シンオウ地方,バトルタワー,9,,
1999,パシモン,おじょうさま,4,ダイヤモンド・パール,,,,,,,04_ojosama.PNG,,,シンオウ地方,バトルタワー,9,,
2000,カルロ,むしとりしょうねん,4,ダイヤモンド・パール,,,,,,,02_mushitori.PNG,,,シンオウ地方,バトルタワー,9,,
2001,サマノスケ,むしとりしょうねん,4,ダイヤモンド・パール,,,,,,,02_mushitori.PNG,,,シンオウ地方,バトルタワー,9,,
2002,カゲツナ,ニンジャごっこ,4,ダイヤモンド・パール,,,,,,,,,,シンオウ地方,バトルタワー,9,,
2003,フェデリコ,ニンジャごっこ,4,ダイヤモンド・パール,,,,,,,,,,シンオウ地方,バトルタワー,9,,
2004,ファウスト,ポケモンごっこ,4,ダイヤモンド・パール,,,,,,,,,,シンオウ地方,バトルタワー,9,,
2005,チェルニー,ポケモンごっこ,4,ダイヤモンド・パール,,,,,,,,,,シンオウ地方,バトルタワー,9,,
2006,トコヨ,アイドル,4,ダイヤモンド・パール,,,,,,,,,,シンオウ地方,バトルタワー,9,,
2007,ニュー,アイドル,4,ダイヤモンド・パール,,,,,,,,,,シンオウ地方,バトルタワー,9,,
2008,コロンタ,ジョギング,4,ダイヤモンド・パール,,,,,,,,,,シンオウ地方,バトルタワー,9,,
2009,シリュウ,ジョギング,4,ダイヤモンド・パール,,,,,,,,,,シンオウ地方,バトルタワー,9,,
2010,レイヤ,つりびと,4,ダイヤモンド・パール,,,,,,,,,,シンオウ地方,バトルタワー,9,,
2011,デリー,つりびと,4,ダイヤモンド・パール,,,,,,,,,,シンオウ地方,バトルタワー,9,,
2012,アブラハム,いせきマニア,4,ダイヤモンド・パール,,,,,,,,,,シンオウ地方,バトルタワー,9,,
2013,ヒナオ,いせきマニア,4,ダイヤモンド・パール,,,,,,,,,,シンオウ地方,バトルタワー,9,,
2014,ユリウス,ポケモンコレクター,4,ダイヤモンド・パール,,,,,,,,,,シンオウ地方,バトルタワー,9,,
2015,ジョルジュ,ポケモンコレクター,4,ダイヤモンド・パール,,,,,,,,,,シンオウ地方,バトルタワー,9,,
2016,マルオ,ギタリスト,4,ダイヤモンド・パール,,,,,,,02_guitarist.PNG,,,シンオウ地方,バトルタワー,9,,
2017,マル,ギタリスト,4,ダイヤモンド・パール,,,,,,,02_guitarist.PNG,,,シンオウ地方,バトルタワー,9,,
2018,ボレロ,とりつかい,4,ダイヤモンド・パール,,,,,,,,,,シンオウ地方,バトルタワー,9,,
2019,タイザン,とりつかい,4,ダイヤモンド・パール,,,,,,,,,,シンオウ地方,バトルタワー,9,,
2020,グレゴリー,ふなのり,4,ダイヤモンド・パール,,,,,,,,,,シンオウ地方,バトルタワー,9,,
2021,セス,ふなのり,4,ダイヤモンド・パール,,,,,,,,,,シンオウ地方,バトルタワー,9,,
2022,ジモン,やまおとこ,4,ダイヤモンド・パール,,,,,,,,,,シンオウ地方,バトルタワー,9,,
2023,アマデオ,やまおとこ,4,ダイヤモンド・パール,,,,,,,,,,シンオウ地方,バトルタワー,9,,
2024,オミト,おまわりさん,4,ダイヤモンド・パール,,,,,,,,,,シンオウ地方,バトルタワー,9,,
2025,タシマヤ,おまわりさん,4,ダイヤモンド・パール,,,,,,,,,,シンオウ地方,バトルタワー,9,,
2026,ワラジ,ギャンブラー,4,ダイヤモンド・パール,,,,,,,,,,シンオウ地方,バトルタワー,9,,
2027,オンリ,ギャンブラー,4,ダイヤモンド・パール,,,,,,,,,,シンオウ地方,バトルタワー,9,,
2028,コレヤス,キャンプボーイ,4,ダイヤモンド・パール,,,,,,,02_campboy.PNG,,,シンオウ地方,バトルタワー,9,,
2029,サンスケ,キャンプボーイ,4,ダイヤモンド・パール,,,,,,,02_campboy.PNG,,,シンオウ地方,バトルタワー,9,,
2030,コトチヨ,ピクニックガール,4,ダイヤモンド・パール,,,,,,,02_picnicgirl.PNG,,,シンオウ地方,バトルタワー,9,,
2031,マリーナ,ピクニックガール,4,ダイヤモンド・パール,,,,,,,02_picnicgirl.PNG,,,シンオウ地方,バトルタワー,9,,
2032,ワホ,ギタリスト,4,ダイヤモンド・パール,,,,,,,02_guitarist.PNG,,,シンオウ地方,バトルタワー,9,,
2033,リョウセイ,ギタリスト,4,ダイヤモンド・パール,,,,,,,02_guitarist.PNG,,,シンオウ地方,バトルタワー,9,,
2034,モポ,アイドル,4,ダイヤモンド・パール,,,,,,,,,,シンオウ地方,バトルタワー,9,,
2035,フランシス,アイドル,4,ダイヤモンド・パール,,,,,,,,,,シンオウ地方,バトルタワー,9,,
2036,オニーロク,だいすきクラブ,4,ダイヤモンド・パール,,,,,,,02_daisukiclub.PNG,m,,シンオウ地方,バトルタワー,9,,
2037,ゴウジン,だいすきクラブ,4,ダイヤモンド・パール,,,,,,,02_daisukiclub.PNG,m,,シンオウ地方,バトルタワー,9,,
2038,アラキ,だいすきクラブ,4,ダイヤモンド・パール,,,,,,,02_daisukiclub_f.PNG,f,,シンオウ地方,バトルタワー,9,,
2039,ヤト,だいすきクラブ,4,ダイヤモンド・パール,,,,,,,02_daisukiclub_f.PNG,f,,シンオウ地方,バトルタワー,9,,
2040,ボブ,ぼくじょうおじさん,4,ダイヤモンド・パール,,,,,,,,,,シンオウ地方,バトルタワー,9,,
2041,ボブヒコ,ぼくじょうおじさん,4,ダイヤモンド・パール,,,,,,,,,,シンオウ地方,バトルタワー,9,,
2042,コマ,カウガール,4,ダイヤモンド・パール,,,,,,,,,,シンオウ地方,バトルタワー,9,,
2043,テキサス,カウガール,4,ダイヤモンド・パール,,,,,,,,,,シンオウ地方,バトルタワー,9,,
2044,アドロック,ポケモンブリーダー,4,ダイヤモンド・パール,,,,,,,,m,,シンオウ地方,バトルタワー,9,,
2045,フトシ,ポケモンブリーダー,4,ダイヤモンド・パール,,,,,,,,m,,シンオウ地方,バトルタワー,9,,
2046,コウガ,ポケモンブリーダー,4,ダイヤモンド・パール,,,,,,,,f,,シンオウ地方,バトルタワー,9,,
2047,ヒノエ,ポケモンブリーダー,4,ダイヤモンド・パール,,,,,,,,f,,シンオウ地方,バトルタワー,9,,
2048,サブ,エリートトレーナー,4,ダイヤモンド・パール,,,,,,,04_elite_m.PNG,m,,シンオウ地方,バトルタワー,9,,
2049,ナユタ,エリートトレーナー,4,ダイヤモンド・パール,,,,,,,04_elite_m.PNG,m,,シンオウ地方,バトルタワー,9,,
2050,ファナ,エリートトレーナー,4,ダイヤモンド・パール,,,,,,,04_elite_f.PNG,f,,シンオウ地方,バトルタワー,9,,
2051,ヘルガ,エリートトレーナー,4,ダイヤモンド・パール,,,,,,,04_elite_f.PNG,f,,シンオウ地方,バトルタワー,9,,
2052,アントン,エリートトレーナー,4,ダイヤモンド・パール,,,,,,,04s_elite_m.PNG,sm,,シンオウ地方,バトルタワー,9,,
2053,ゴヨウマツ,エリートトレーナー,4,ダイヤモンド・パール,,,,,,,04s_elite_f.PNG,sf,,シンオウ地方,バトルタワー,9,,
2054,スケキヨ,エリートトレーナー,4,ダイヤモンド・パール,,,,,,,04s_elite_m.PNG,sm,,シンオウ地方,バトルタワー,9,,
2055,コツル,エリートトレーナー,4,ダイヤモンド・パール,,,,,,,04s_elite_f.PNG,sf,,シンオウ地方,バトルタワー,9,,
2056,ビリー,ポケモンレンジャー,4,ダイヤモンド・パール,,,,,,,#N/A,,,シンオウ地方,バトルタワー,9,,
2057,トゥビェン,ポケモンレンジャー,4,ダイヤモンド・パール,,,,,,,#N/A,,,シンオウ地方,バトルタワー,9,,
2058,ゼンコ,ポケモンレンジャー,4,ダイヤモンド・パール,,,,,,,#N/A,,,シンオウ地方,バトルタワー,9,,
2059,ケーニッヒ,ポケモンレンジャー,4,ダイヤモンド・パール,,,,,,,#N/A,,,シンオウ地方,バトルタワー,9,,
2060,ゼノン,ドラゴンつかい,4,ダイヤモンド・パール,,,,,,,,,,シンオウ地方,バトルタワー,9,,
2061,セフィーロ,ドラゴンつかい,4,ダイヤモンド・パール,,,,,,,,,,シンオウ地方,バトルタワー,9,,
2062,エンマ,からておう,4,ダイヤモンド・パール,,,,,,,,,,シンオウ地方,バトルタワー,9,,
2063,タケトラ,からておう,4,ダイヤモンド・パール,,,,,,,,,,シンオウ地方,バトルタワー,9,,
2064,ヒメ,バトルガール,4,ダイヤモンド・パール,,,,,,,,,,シンオウ地方,バトルタワー,9,,
2065,スケ,バトルガール,4,ダイヤモンド・パール,,,,,,,,,,シンオウ地方,バトルタワー,9,,
2066,カンベエ,ベテラントレーナー,4,ダイヤモンド・パール,,,,,,,,,,シンオウ地方,バトルタワー,9,,
2067,ペドロ,ベテラントレーナー,4,ダイヤモンド・パール,,,,,,,,,,シンオウ地方,バトルタワー,9,,
2068,ヤン,マダム,4,ダイヤモンド・パール,,,,,,,,,,シンオウ地方,バトルタワー,9,,
2069,テフコ,マダム,4,ダイヤモンド・パール,,,,,,,,,,シンオウ地方,バトルタワー,9,,
2070,ノール,サイキッカー,4,ダイヤモンド・パール,,,,,,,02_psychic.PNG,m,,シンオウ地方,バトルタワー,9,,
2071,チョウキチ,サイキッカー,4,ダイヤモンド・パール,,,,,,,02_psychic.PNG,m,,シンオウ地方,バトルタワー,9,,
2072,ノノミ,サイキッカー,4,ダイヤモンド・パール,,,,,,,03_psychic_f.PNG,f,,シンオウ地方,バトルタワー,9,,
2073,ヒコ,サイキッカー,4,ダイヤモンド・パール,,,,,,,03_psychic_f.PNG,f,,シンオウ地方,バトルタワー,9,,
2074,アントニオ,ウエーター,4,ダイヤモンド・パール,,,,,,,,,,シンオウ地方,バトルタワー,9,,
2075,イケル,ウエーター,4,ダイヤモンド・パール,,,,,,,,,,シンオウ地方,バトルタワー,9,,
2076,コスズ,ウエーター,4,ダイヤモンド・パール,,,,,,,,,,シンオウ地方,バトルタワー,9,,
2077,サンレー,ウエーター,4,ダイヤモンド・パール,,,,,,,,,,シンオウ地方,バトルタワー,9,,
2078,ホーミー,カメラマン,4,ダイヤモンド・パール,,,,,,,,,,シンオウ地方,バトルタワー,9,,
2079,ヒデジ,カメラマン,4,ダイヤモンド・パール,,,,,,,,,,シンオウ地方,バトルタワー,9,,
2080,ジャネット,レポーター,4,ダイヤモンド・パール,,,,,,,,,,シンオウ地方,バトルタワー,9,,
2081,ダユー,レポーター,4,ダイヤモンド・パール,,,,,,,,,,シンオウ地方,バトルタワー,9,,
2082,ジャイルズ,サイクリング,4,ダイヤモンド・パール,,,,,,,#N/A,,,シンオウ地方,バトルタワー,9,,
2083,ジェローム,サイクリング,4,ダイヤモンド・パール,,,,,,,#N/A,,,シンオウ地方,バトルタワー,9,,
2084,エーミー,サイクリング,4,ダイヤモンド・パール,,,,,,,#N/A,,,シンオウ地方,バトルタワー,9,,
2085,ソフィー,サイクリング,4,ダイヤモンド・パール,,,,,,,#N/A,,,シンオウ地方,バトルタワー,9,,
2086,サクゾウ,ギャンブラー,4,ダイヤモンド・パール,,,,,,,,,,シンオウ地方,バトルタワー,9,,
2087,キング,ギャンブラー,4,ダイヤモンド・パール,,,,,,,,,,シンオウ地方,バトルタワー,9,,
2088,ピピン,アイドル,4,ダイヤモンド・パール,,,,,,,,,,シンオウ地方,バトルタワー,9,,
2089,スゲコ,アイドル,4,ダイヤモンド・パール,,,,,,,,,,シンオウ地方,バトルタワー,9,,
2090,トウベエ,ジョギング,4,ダイヤモンド・パール,,,,,,,,,,シンオウ地方,バトルタワー,9,,
2091,モモタロウ,ジョギング,4,ダイヤモンド・パール,,,,,,,,,,シンオウ地方,バトルタワー,9,,
2092,ナスオ,つりびと,4,ダイヤモンド・パール,,,,,,,,,,シンオウ地方,バトルタワー,9,,
2093,タダオミ,つりびと,4,ダイヤモンド・パール,,,,,,,,,,シンオウ地方,バトルタワー,9,,
2094,ニック,ふなのり,4,ダイヤモンド・パール,,,,,,,,,,シンオウ地方,バトルタワー,9,,
2095,ラジカント,ふなのり,4,ダイヤモンド・パール,,,,,,,,,,シンオウ地方,バトルタワー,9,,
2096,ドンタ,やまおとこ,4,ダイヤモンド・パール,,,,,,,,,,シンオウ地方,バトルタワー,9,,
2097,モーロッソ,やまおとこ,4,ダイヤモンド・パール,,,,,,,,,,シンオウ地方,バトルタワー,9,,
2098,ネンペイ,いせきマニア,4,ダイヤモンド・パール,,,,,,,,,,シンオウ地方,バトルタワー,9,,
2099,イワベエ,いせきマニア,4,ダイヤモンド・パール,,,,,,,,,,シンオウ地方,バトルタワー,9,,
2100,パクサ,ギタリスト,4,ダイヤモンド・パール,,,,,,,02_guitarist.PNG,,,シンオウ地方,バトルタワー,9,,
2101,ゲンゴロウ,ギタリスト,4,ダイヤモンド・パール,,,,,,,02_guitarist.PNG,,,シンオウ地方,バトルタワー,9,,
2102,タカジーン,ポケモンコレクター,4,ダイヤモンド・パール,,,,,,,,,,シンオウ地方,バトルタワー,9,,
2103,ムック,ポケモンコレクター,4,ダイヤモンド・パール,,,,,,,,,,シンオウ地方,バトルタワー,9,,
2104,アマポーラ,スキンヘッズ,4,ダイヤモンド・パール,,,,,,,,,,シンオウ地方,バトルタワー,9,,
2105,シーゲル,スキンヘッズ,4,ダイヤモンド・パール,,,,,,,,,,シンオウ地方,バトルタワー,9,,
2106,レポマン,けんきゅういん,4,ダイヤモンド・パール,,,,,,,FRLG_kenkyu.PNG,m,,シンオウ地方,バトルタワー,9,,
2107,ナンコウ,けんきゅういん,4,ダイヤモンド・パール,,,,,,,FRLG_kenkyu.PNG,m,,シンオウ地方,バトルタワー,9,,
2108,ネモ,ジェントルマン,4,ダイヤモンド・パール,,,,,,,,,,シンオウ地方,バトルタワー,9,,
2109,タネシゲ,ジェントルマン,4,ダイヤモンド・パール,,,,,,,,,,シンオウ地方,バトルタワー,9,,
2110,トドメキ,さぎょういん,4,ダイヤモンド・パール,,,,,,,,,,シンオウ地方,バトルタワー,9,,
2111,ムネアゲ,さぎょういん,4,ダイヤモンド・パール,,,,,,,,,,シンオウ地方,バトルタワー,9,,
2112,タマノシン,ピエロ,4,ダイヤモンド・パール,,,,,,,,,,シンオウ地方,バトルタワー,9,,
2113,ペル,ピエロ,4,ダイヤモンド・パール,,,,,,,,,,シンオウ地方,バトルタワー,9,,
2114,スタンリー,おまわりさん,4,ダイヤモンド・パール,,,,,,,,,,シンオウ地方,バトルタワー,9,,
2115,タンジュウ,おまわりさん,4,ダイヤモンド・パール,,,,,,,,,,シンオウ地方,バトルタワー,9,,
2116,ヘル,ギャンブラー,4,ダイヤモンド・パール,,,,,,,,,,シンオウ地方,バトルタワー,9,,
2117,トメゾウ,ギャンブラー,4,ダイヤモンド・パール,,,,,,,,,,シンオウ地方,バトルタワー,9,,
2118,ババール,とりつかい,4,ダイヤモンド・パール,,,,,,,,,,シンオウ地方,バトルタワー,9,,
2119,カケス,とりつかい,4,ダイヤモンド・パール,,,,,,,,,,シンオウ地方,バトルタワー,9,,
2120,カネモリ,パラソルおねえさん,4,ダイヤモンド・パール,,,,,,,,,,シンオウ地方,バトルタワー,9,,
2121,ナミダ,パラソルおねえさん,4,ダイヤモンド・パール,,,,,,,,,,シンオウ地方,バトルタワー,9,,
2122,シオミツ,おとなのおねえさん,4,ダイヤモンド・パール,,,,,,,FRLG_onesan.PNG,,,シンオウ地方,バトルタワー,9,,
2123,ヨシモリ,おとなのおねえさん,4,ダイヤモンド・パール,,,,,,,FRLG_onesan.PNG,,,シンオウ地方,バトルタワー,9,,
2124,カオルコ,アロマなおねえさん,4,ダイヤモンド・パール,,,,,,,,,,シンオウ地方,バトルタワー,9,,
2125,クルブシ,アロマなおねえさん,4,ダイヤモンド・パール,,,,,,,,,,シンオウ地方,バトルタワー,9,,
2126,パオ,アイドル,4,ダイヤモンド・パール,,,,,,,,,,シンオウ地方,バトルタワー,9,,
2127,タマエ,アイドル,4,ダイヤモンド・パール,,,,,,,,,,シンオウ地方,バトルタワー,9,,
2128,トキヒト,たんぱんこぞう,3b,エメラルド,,,,,,,02_tanpan.PNG,,,ホウエン地方,バトルフロンティア,8,,
2129,ヒロミチ,たんぱんこぞう,3b,エメラルド,,,,,,,02_tanpan.PNG,,,ホウエン地方,バトルフロンティア,8,,
2130,モトヨシ,たんぱんこぞう,3b,エメラルド,,,,,,,02_tanpan.PNG,,,ホウエン地方,バトルフロンティア,8,,
2131,ユカコ,ミニスカート,3b,エメラルド,,,,,,,03_minisuka.PNG,,,ホウエン地方,バトルフロンティア,8,,
2132,マヤ,ミニスカート,3b,エメラルド,,,,,,,03_minisuka.PNG,,,ホウエン地方,バトルフロンティア,8,,
2133,ニナ,ミニスカート,3b,エメラルド,,,,,,,03_minisuka.PNG,,,ホウエン地方,バトルフロンティア,8,,
2134,キミオ,じゅくがえり,3b,エメラルド,,,,,,,03_jukugaeri_m.PNG,m,,ホウエン地方,バトルフロンティア,8,,
2135,キミツグ,じゅくがえり,3b,エメラルド,,,,,,,03_jukugaeri_m.PNG,m,,ホウエン地方,バトルフロンティア,8,,
2136,スギオ,じゅくがえり,3b,エメラルド,,,,,,,03_jukugaeri_m.PNG,m,,ホウエン地方,バトルフロンティア,8,,
2137,アケミ,じゅくがえり,3b,エメラルド,,,,,,,03_jukugaeri_f.PNG,f,,ホウエン地方,バトルフロンティア,8,,
2138,モエカ,じゅくがえり,3b,エメラルド,,,,,,,03_jukugaeri_f.PNG,f,,ホウエン地方,バトルフロンティア,8,,
2139,レイミ,じゅくがえり,3b,エメラルド,,,,,,,03_jukugaeri_f.PNG,f,,ホウエン地方,バトルフロンティア,8,,
2140,ケイタロウ,おぼっちゃま,3b,エメラルド,,,,,,,03_obottyama.PNG,,,ホウエン地方,バトルフロンティア,8,,
2141,ミキマサ,おぼっちゃま,3b,エメラルド,,,,,,,03_obottyama.PNG,,,ホウエン地方,バトルフロンティア,8,,
2142,チハル,おぼっちゃま,3b,エメラルド,,,,,,,03_obottyama.PNG,,,ホウエン地方,バトルフロンティア,8,,
2143,アサエ,おじょうさま,3b,エメラルド,,,,,,,03_ojosama.PNG,,,ホウエン地方,バトルフロンティア,8,,
2144,ユキノ,おじょうさま,3b,エメラルド,,,,,,,03_ojosama.PNG,,,ホウエン地方,バトルフロンティア,8,,
2145,コウコ,おじょうさま,3b,エメラルド,,,,,,,03_ojosama.PNG,,,ホウエン地方,バトルフロンティア,8,,
2146,マヒロ,キャンプボーイ,3b,エメラルド,,,,,,,02_campboy.PNG,,,ホウエン地方,バトルフロンティア,8,,
2147,ヒビキ,キャンプボーイ,3b,エメラルド,,,,,,,02_campboy.PNG,,,ホウエン地方,バトルフロンティア,8,,
2148,ツカサ,キャンプボーイ,3b,エメラルド,,,,,,,02_campboy.PNG,,,ホウエン地方,バトルフロンティア,8,,
2149,ナオカ,ピクニックガール,3b,エメラルド,,,,,,,02_picnicgirl.PNG,,,ホウエン地方,バトルフロンティア,8,,
2150,トシエ,ピクニックガール,3b,エメラルド,,,,,,,02_picnicgirl.PNG,,,ホウエン地方,バトルフロンティア,8,,
2151,コトエ,ピクニックガール,3b,エメラルド,,,,,,,02_picnicgirl.PNG,,,ホウエン地方,バトルフロンティア,8,,
2152,カイ,うきわボーイ,3b,エメラルド,,,,,,,,,,ホウエン地方,バトルフロンティア,8,,
2153,ヒロ,うきわボーイ,3b,エメラルド,,,,,,,,,,ホウエン地方,バトルフロンティア,8,,
2154,ゲン,うきわボーイ,3b,エメラルド,,,,,,,,,,ホウエン地方,バトルフロンティア,8,,
2155,カヤ,うきわガール,3b,エメラルド,,,,,,,,,,ホウエン地方,バトルフロンティア,8,,
2156,ノン,うきわガール,3b,エメラルド,,,,,,,,,,ホウエン地方,バトルフロンティア,8,,
2157,ルイ,うきわガール,3b,エメラルド,,,,,,,,,,ホウエン地方,バトルフロンティア,8,,
2158,ミナト,かいパンやろう,3b,エメラルド,,,,,,,,,,ホウエン地方,バトルフロンティア,8,,
2159,ナミノリ,かいパンやろう,3b,エメラルド,,,,,,,,,,ホウエン地方,バトルフロンティア,8,,
2160,ホウサク,かいパンやろう,3b,エメラルド,,,,,,,,,,ホウエン地方,バトルフロンティア,8,,
2161,リリー,ビキニのおねえさん,3b,エメラルド,,,,,,,,,,ホウエン地方,バトルフロンティア,8,,
2162,トウコ,ビキニのおねえさん,3b,エメラルド,,,,,,,,,,ホウエン地方,バトルフロンティア,8,,
2163,クレア,ビキニのおねえさん,3b,エメラルド,,,,,,,,,,ホウエン地方,バトルフロンティア,8,,
2164,スギハル,だいすきクラブ,3b,エメラルド,,,,,,,02_daisukiclub.PNG,m,,ホウエン地方,バトルフロンティア,8,,
2165,ナオジ,だいすきクラブ,3b,エメラルド,,,,,,,02_daisukiclub.PNG,m,,ホウエン地方,バトルフロンティア,8,,
2166,ミノブ,だいすきクラブ,3b,エメラルド,,,,,,,02_daisukiclub.PNG,m,,ホウエン地方,バトルフロンティア,8,,
2167,ヌマエ,だいすきクラブ,3b,エメラルド,,,,,,,02_daisukiclub_f.PNG,f,,ホウエン地方,バトルフロンティア,8,,
2168,フミカ,だいすきクラブ,3b,エメラルド,,,,,,,02_daisukiclub_f.PNG,f,,ホウエン地方,バトルフロンティア,8,,
2169,キリエ,だいすきクラブ,3b,エメラルド,,,,,,,02_daisukiclub_f.PNG,f,,ホウエン地方,バトルフロンティア,8,,
2170,ヨリノブ,ポケモンブリーダー,3b,エメラルド,,,,,,,,m,,ホウエン地方,バトルフロンティア,8,,
2171,コダマ,ポケモンブリーダー,3b,エメラルド,,,,,,,,m,,ホウエン地方,バトルフロンティア,8,,
2172,ハンペイ,ポケモンブリーダー,3b,エメラルド,,,,,,,,m,,ホウエン地方,バトルフロンティア,8,,
2173,ミイナ,ポケモンブリーダー,3b,エメラルド,,,,,,,,f,,ホウエン地方,バトルフロンティア,8,,
2174,マカコ,ポケモンブリーダー,3b,エメラルド,,,,,,,,f,,ホウエン地方,バトルフロンティア,8,,
2175,ジュンカ,ポケモンブリーダー,3b,エメラルド,,,,,,,,f,,ホウエン地方,バトルフロンティア,8,,
2176,エイタ,むしとりしょうねん,3b,エメラルド,,,,,,,02_mushitori.PNG,,,ホウエン地方,バトルフロンティア,8,,
2177,カスケ,むしとりしょうねん,3b,エメラルド,,,,,,,02_mushitori.PNG,,,ホウエン地方,バトルフロンティア,8,,
2178,タケフミ,むしとりしょうねん,3b,エメラルド,,,,,,,02_mushitori.PNG,,,ホウエン地方,バトルフロンティア,8,,
2179,テツ,ニンジャごっこ,3b,エメラルド,,,,,,,,,,ホウエン地方,バトルフロンティア,8,,
2180,イサフミ,ニンジャごっこ,3b,エメラルド,,,,,,,,,,ホウエン地方,バトルフロンティア,8,,
2181,ダイゴロウ,ニンジャごっこ,3b,エメラルド,,,,,,,,,,ホウエン地方,バトルフロンティア,8,,
2182,タダスケ,こんちゅうマニア,3b,エメラルド,,,,,,,,,,ホウエン地方,バトルフロンティア,8,,
2183,ホウジ,こんちゅうマニア,3b,エメラルド,,,,,,,,,,ホウエン地方,バトルフロンティア,8,,
2184,サンペイ,こんちゅうマニア,3b,エメラルド,,,,,,,,,,ホウエン地方,バトルフロンティア,8,,
2185,カズト,つりびと,3b,エメラルド,,,,,,,,,,ホウエン地方,バトルフロンティア,8,,
2186,シズカ,つりびと,3b,エメラルド,,,,,,,,,,ホウエン地方,バトルフロンティア,8,,
2187,モズク,つりびと,3b,エメラルド,,,,,,,,,,ホウエン地方,バトルフロンティア,8,,
2188,ザック,いせきマニア,3b,エメラルド,,,,,,,,,,ホウエン地方,バトルフロンティア,8,,
2189,ボガール,いせきマニア,3b,エメラルド,,,,,,,,,,ホウエン地方,バトルフロンティア,8,,
2190,モリアキ,いせきマニア,3b,エメラルド,,,,,,,,,,ホウエン地方,バトルフロンティア,8,,
2191,トヨジ,ポケモンコレクター,3b,エメラルド,,,,,,,,,,ホウエン地方,バトルフロンティア,8,,
2192,シゲタ,ポケモンコレクター,3b,エメラルド,,,,,,,,,,ホウエン地方,バトルフロンティア,8,,
2193,ティム,ポケモンコレクター,3b,エメラルド,,,,,,,,,,ホウエン地方,バトルフロンティア,8,,
2194,ナオエ,パラソルおねえさん,3b,エメラルド,,,,,,,,,,ホウエン地方,バトルフロンティア,8,,
2195,ロビン,パラソルおねえさん,3b,エメラルド,,,,,,,,,,ホウエン地方,バトルフロンティア,8,,
2196,ヤスミン,パラソルおねえさん,3b,エメラルド,,,,,,,,,,ホウエン地方,バトルフロンティア,8,,
2197,ナグモ,おとなのおねえさん,3b,エメラルド,,,,,,,03_onesan.PNG,,,ホウエン地方,バトルフロンティア,8,,
2198,アリア,おとなのおねえさん,3b,エメラルド,,,,,,,03_onesan.PNG,,,ホウエン地方,バトルフロンティア,8,,
2199,ヨウコ,おとなのおねえさん,3b,エメラルド,,,,,,,03_onesan.PNG,,,ホウエン地方,バトルフロンティア,8,,
2200,ミホコ,アロマなおねえさん,3b,エメラルド,,,,,,,,,,ホウエン地方,バトルフロンティア,8,,
2201,ソヨギ,アロマなおねえさん,3b,エメラルド,,,,,,,,,,ホウエン地方,バトルフロンティア,8,,
2202,メリー,アロマなおねえさん,3b,エメラルド,,,,,,,,,,ホウエン地方,バトルフロンティア,8,,
2203,ダレン,ギタリスト,3b,エメラルド,,,,,,,,,,ホウエン地方,バトルフロンティア,8,,
2204,ヨシノブ,ギタリスト,3b,エメラルド,,,,,,,,,,ホウエン地方,バトルフロンティア,8,,
2205,ティンタン,ギタリスト,3b,エメラルド,,,,,,,,,,ホウエン地方,バトルフロンティア,8,,
2206,バッシー,とりつかい,3b,エメラルド,,,,,,,,,,ホウエン地方,バトルフロンティア,8,,
2207,シンノスケ,とりつかい,3b,エメラルド,,,,,,,,,,ホウエン地方,バトルフロンティア,8,,
2208,マーロン,とりつかい,3b,エメラルド,,,,,,,,,,ホウエン地方,バトルフロンティア,8,,
2209,ジョニー,ふなのり,3b,エメラルド,,,,,,,,,,ホウエン地方,バトルフロンティア,8,,
2210,ブイチ,ふなのり,3b,エメラルド,,,,,,,,,,ホウエン地方,バトルフロンティア,8,,
2211,サブロウタ,ふなのり,3b,エメラルド,,,,,,,,,,ホウエン地方,バトルフロンティア,8,,
2212,ヒダカ,やまおとこ,3b,エメラルド,,,,,,,,,,ホウエン地方,バトルフロンティア,8,,
2213,エミール,やまおとこ,3b,エメラルド,,,,,,,,,,ホウエン地方,バトルフロンティア,8,,
2214,ソウキ,やまおとこ,3b,エメラルド,,,,,,,,,,ホウエン地方,バトルフロンティア,8,,
2215,モンジロウ,キャンプファイヤー,3b,エメラルド,,,,,,,,,,ホウエン地方,バトルフロンティア,8,,
2216,アサト,キャンプファイヤー,3b,エメラルド,,,,,,,,,,ホウエン地方,バトルフロンティア,8,,
2217,モウキ,キャンプファイヤー,3b,エメラルド,,,,,,,,,,ホウエン地方,バトルフロンティア,8,,
2218,アユム,トライアスリート,3b,エメラルド,,,,,,,,m,,ホウエン地方,バトルフロンティア,8,,
2219,デリック,トライアスリート,3b,エメラルド,,,,,,,,m,,ホウエン地方,バトルフロンティア,8,,
2220,メロディ,トライアスリート,3b,エメラルド,,,,,,,,f,,ホウエン地方,バトルフロンティア,8,,
2221,ナツル,トライアスリート,3b,エメラルド,,,,,,,,f,,ホウエン地方,バトルフロンティア,8,,
2222,カルロス,トライアスリート,3b,エメラルド,,,,,,,,m,,ホウエン地方,バトルフロンティア,8,,
2223,ケント,トライアスリート,3b,エメラルド,,,,,,,,m,,ホウエン地方,バトルフロンティア,8,,
2224,リル,トライアスリート,3b,エメラルド,,,,,,,,f,,ホウエン地方,バトルフロンティア,8,,
2225,タマエ,トライアスリート,3b,エメラルド,,,,,,,,f,,ホウエン地方,バトルフロンティア,8,,
2226,チョウ,トライアスリート,3b,エメラルド,,,,,,,,m,,ホウエン地方,バトルフロンティア,8,,
2227,ヒカル,トライアスリート,3b,エメラルド,,,,,,,,f,,ホウエン地方,バトルフロンティア,8,,
2228,ジュウベイ,トライアスリート,3b,エメラルド,,,,,,,,m,,ホウエン地方,バトルフロンティア,8,,
2229,ソナ,トライアスリート,3b,エメラルド,,,,,,,,f,,ホウエン地方,バトルフロンティア,8,,
2230,ビル,トライアスリート,3b,エメラルド,,,,,,,,m,,ホウエン地方,バトルフロンティア,8,,
2231,カーリー,トライアスリート,3b,エメラルド,,,,,,,,f,,ホウエン地方,バトルフロンティア,8,,
2232,シアムン,トライアスリート,3b,エメラルド,,,,,,,,m,,ホウエン地方,バトルフロンティア,8,,
2233,ジンベイ,トライアスリート,3b,エメラルド,,,,,,,,m,,ホウエン地方,バトルフロンティア,8,,
2234,キャリー,トライアスリート,3b,エメラルド,,,,,,,,f,,ホウエン地方,バトルフロンティア,8,,
2235,カナエ,トライアスリート,3b,エメラルド,,,,,,,,f,,ホウエン地方,バトルフロンティア,8,,
2236,カズ,カラテおう,3b,エメラルド,,,,,,,,,,ホウエン地方,バトルフロンティア,8,,
2237,ヤスキ,カラテおう,3b,エメラルド,,,,,,,,,,ホウエン地方,バトルフロンティア,8,,
2238,バラトシン,カラテおう,3b,エメラルド,,,,,,,,,,ホウエン地方,バトルフロンティア,8,,
2239,チナツ,バトルガール,3b,エメラルド,,,,,,,,,,ホウエン地方,バトルフロンティア,8,,
2240,ミワコ,バトルガール,3b,エメラルド,,,,,,,,,,ホウエン地方,バトルフロンティア,8,,
2241,クォン,バトルガール,3b,エメラルド,,,,,,,,,,ホウエン地方,バトルフロンティア,8,,
2242,ノブアキ,たつじん,3b,エメラルド,,,,,,,,m,,ホウエン地方,バトルフロンティア,8,,
2243,タイケン,たつじん,3b,エメラルド,,,,,,,,m,,ホウエン地方,バトルフロンティア,8,,
2244,タモン,たつじん,3b,エメラルド,,,,,,,,m,,ホウエン地方,バトルフロンティア,8,,
2245,シズ,たつじん,3b,エメラルド,,,,,,,,f,,ホウエン地方,バトルフロンティア,8,,
2246,オーレン,たつじん,3b,エメラルド,,,,,,,,f,,ホウエン地方,バトルフロンティア,8,,
2247,キンショウ,たつじん,3b,エメラルド,,,,,,,,f,,ホウエン地方,バトルフロンティア,8,,
2248,ユーリ,サイキッカー,3b,エメラルド,,,,,,,02_psychic.PNG,m,,ホウエン地方,バトルフロンティア,8,,
2249,フユオ,サイキッカー,3b,エメラルド,,,,,,,02_psychic.PNG,m,,ホウエン地方,バトルフロンティア,8,,
2250,キンゾウ,サイキッカー,3b,エメラルド,,,,,,,02_psychic.PNG,m,,ホウエン地方,バトルフロンティア,8,,
2251,ビビアン,サイキッカー,3b,エメラルド,,,,,,,03_psychic_f.PNG,f,,ホウエン地方,バトルフロンティア,8,,
2252,ローザ,サイキッカー,3b,エメラルド,,,,,,,03_psychic_f.PNG,f,,ホウエン地方,バトルフロンティア,8,,
2253,ナリス,サイキッカー,3b,エメラルド,,,,,,,03_psychic_f.PNG,f,,ホウエン地方,バトルフロンティア,8,,
2254,アマネ,オカルトマニア,3b,エメラルド,,,,,,,,,,ホウエン地方,バトルフロンティア,8,,
2255,ウノ,オカルトマニア,3b,エメラルド,,,,,,,,,,ホウエン地方,バトルフロンティア,8,,
2256,ミサ,オカルトマニア,3b,エメラルド,,,,,,,,,,ホウエン地方,バトルフロンティア,8,,
2257,ゴウキ,かいじゅうマニア,3b,エメラルド,,,,,,,,,,ホウエン地方,バトルフロンティア,8,,
2258,タテオ,かいじゅうマニア,3b,エメラルド,,,,,,,,,,ホウエン地方,バトルフロンティア,8,,
2259,コウガ,かいじゅうマニア,3b,エメラルド,,,,,,,,,,ホウエン地方,バトルフロンティア,8,,
2260,ハシ,ジェントルマン,3b,エメラルド,,,,,,,,,,ホウエン地方,バトルフロンティア,8,,
2261,キク,ジェントルマン,3b,エメラルド,,,,,,,,,,ホウエン地方,バトルフロンティア,8,,
2262,ヒコキチ,こんちゅうマニア,3b,エメラルド,,,,,,,,,,ホウエン地方,バトルフロンティア,8,,
2263,ヒサヤ,いせきマニア,3b,エメラルド,,,,,,,,,,ホウエン地方,バトルフロンティア,8,,
2264,ホズミ,ポケモンコレクター,3b,エメラルド,,,,,,,,,,ホウエン地方,バトルフロンティア,8,,
2265,セリカ,パラソルおねえさん,3b,エメラルド,,,,,,,,,,ホウエン地方,バトルフロンティア,8,,
2266,パトリック,おとなのおねえさん,3b,エメラルド,,,,,,,03_onesan.PNG,,,ホウエン地方,バトルフロンティア,8,,
2267,ルリカ,アロマなおねえさん,3b,エメラルド,,,,,,,,,,ホウエン地方,バトルフロンティア,8,,
2268,タツ,エリートトレーナー,3b,エメラルド,,,,,,,04_elite_m.PNG,m,,ホウエン地方,バトルフロンティア,8,,
2269,リュウガ,エリートトレーナー,3b,エメラルド,,,,,,,04_elite_m.PNG,m,,ホウエン地方,バトルフロンティア,8,,
2270,トミー,エリートトレーナー,3b,エメラルド,,,,,,,04_elite_m.PNG,m,,ホウエン地方,バトルフロンティア,8,,
2271,マユ,エリートトレーナー,3b,エメラルド,,,,,,,04_elite_f.PNG,f,,ホウエン地方,バトルフロンティア,8,,
2272,フミコ,エリートトレーナー,3b,エメラルド,,,,,,,04_elite_f.PNG,f,,ホウエン地方,バトルフロンティア,8,,
2273,フユミ,エリートトレーナー,3b,エメラルド,,,,,,,04_elite_f.PNG,f,,ホウエン地方,バトルフロンティア,8,,
2274,ヨシテル,ポケモンレンジャー,3b,エメラルド,,,,,,,,m,,ホウエン地方,バトルフロンティア,8,,
2275,マサハル,ポケモンレンジャー,3b,エメラルド,,,,,,,,m,,ホウエン地方,バトルフロンティア,8,,
2276,ショウジ,ポケモンレンジャー,3b,エメラルド,,,,,,,,m,,ホウエン地方,バトルフロンティア,8,,
2277,イベ,ポケモンレンジャー,3b,エメラルド,,,,,,,,f,,ホウエン地方,バトルフロンティア,8,,
2278,マナカ,ポケモンレンジャー,3b,エメラルド,,,,,,,,f,,ホウエン地方,バトルフロンティア,8,,
2279,ヨシコ,ポケモンレンジャー,3b,エメラルド,,,,,,,,f,,ホウエン地方,バトルフロンティア,8,,
2280,ギュウゾウ,ドラゴンつかい,3b,エメラルド,,,,,,,,,,ホウエン地方,バトルフロンティア,8,,
2281,ラモン,ドラゴンつかい,3b,エメラルド,,,,,,,,,,ホウエン地方,バトルフロンティア,8,,
2282,ヒロカツ,ドラゴンつかい,3b,エメラルド,,,,,,,,,,ホウエン地方,バトルフロンティア,8,,
2283,コテツ,ドラゴンつかい,3b,エメラルド,,,,,,,,,,ホウエン地方,バトルフロンティア,8,,
2284,ノブハル,だいすきクラブ,3b,エメラルド,,,,,,,02_daisukiclub_f.PNG,f,,ホウエン地方,バトルフロンティア,8,,
2285,リョウ,だいすきクラブ,3b,エメラルド,,,,,,,02_daisukiclub.PNG,m,,ホウエン地方,バトルフロンティア,8,,
2286,クニハル,ポケモンブリーダー,3b,エメラルド,,,,,,,,f,,ホウエン地方,バトルフロンティア,8,,
2287,ハマエ,ポケモンブリーダー,3b,エメラルド,,,,,,,,m,,ホウエン地方,バトルフロンティア,8,,
2288,ジュビリー,たんぱんこぞう,3b,エメラルド,,,,,,,02_tanpan.PNG,,,ホウエン地方,バトルフロンティア,8,,
2289,カズヤ,たんぱんこぞう,3b,エメラルド,,,,,,,02_tanpan.PNG,,,ホウエン地方,バトルフロンティア,8,,
2290,カツミ,ミニスカート,3b,エメラルド,,,,,,,03_minisuka.PNG,,,ホウエン地方,バトルフロンティア,8,,
2291,ジリアン,ミニスカート,3b,エメラルド,,,,,,,03_minisuka.PNG,,,ホウエン地方,バトルフロンティア,8,,
2292,ショウスケ,じゅくがえり,3b,エメラルド,,,,,,,03_jukugaeri_m.PNG,m,,ホウエン地方,バトルフロンティア,8,,
2293,トモユキ,じゅくがえり,3b,エメラルド,,,,,,,03_jukugaeri_m.PNG,m,,ホウエン地方,バトルフロンティア,8,,
2294,シズコ,じゅくがえり,3b,エメラルド,,,,,,,03_jukugaeri_f.PNG,f,,ホウエン地方,バトルフロンティア,8,,
2295,イリス,じゅくがえり,3b,エメラルド,,,,,,,03_jukugaeri_f.PNG,f,,ホウエン地方,バトルフロンティア,8,,
2296,ケンシ,おぼっちゃま,3b,エメラルド,,,,,,,03_obottyama.PNG,,,ホウエン地方,バトルフロンティア,8,,
2297,ズイシ,おぼっちゃま,3b,エメラルド,,,,,,,03_obottyama.PNG,,,ホウエン地方,バトルフロンティア,8,,
2298,ジキ,おじょうさま,3b,エメラルド,,,,,,,03_ojosama.PNG,,,ホウエン地方,バトルフロンティア,8,,
2299,マリー,おじょうさま,3b,エメラルド,,,,,,,03_ojosama.PNG,,,ホウエン地方,バトルフロンティア,8,,
2300,カンタ,むしとりしょうねん,3b,エメラルド,,,,,,,02_mushitori.PNG,,,ホウエン地方,バトルフロンティア,8,,
2301,アヤキ,むしとりしょうねん,3b,エメラルド,,,,,,,02_mushitori.PNG,,,ホウエン地方,バトルフロンティア,8,,
2302,サノスケ,ニンジャごっこ,3b,エメラルド,,,,,,,,,,ホウエン地方,バトルフロンティア,8,,
2303,ハンゾウ,ニンジャごっこ,3b,エメラルド,,,,,,,,,,ホウエン地方,バトルフロンティア,8,,
2304,カンクン,うきわボーイ,3b,エメラルド,,,,,,,,,,ホウエン地方,バトルフロンティア,8,,
2305,オタワ,うきわボーイ,3b,エメラルド,,,,,,,,,,ホウエン地方,バトルフロンティア,8,,
2306,ヤヤ,うきわガール,3b,エメラルド,,,,,,,,,,ホウエン地方,バトルフロンティア,8,,
2307,キリカ,うきわガール,3b,エメラルド,,,,,,,,,,ホウエン地方,バトルフロンティア,8,,
2308,カズホ,こんちゅうマニア,3b,エメラルド,,,,,,,,,,ホウエン地方,バトルフロンティア,8,,
2309,ヨウジロウ,こんちゅうマニア,3b,エメラルド,,,,,,,,,,ホウエン地方,バトルフロンティア,8,,
2310,カンネン,つりびと,3b,エメラルド,,,,,,,,,,ホウエン地方,バトルフロンティア,8,,
2311,ヒロノリ,つりびと,3b,エメラルド,,,,,,,,,,ホウエン地方,バトルフロンティア,8,,
2312,キジロウ,いせきマニア,3b,エメラルド,,,,,,,,,,ホウエン地方,バトルフロンティア,8,,
2313,シャロン,いせきマニア,3b,エメラルド,,,,,,,,,,ホウエン地方,バトルフロンティア,8,,
2314,リマー,ポケモンコレクター,3b,エメラルド,,,,,,,,,,ホウエン地方,バトルフロンティア,8,,
2315,トーヤ,ポケモンコレクター,3b,エメラルド,,,,,,,,,,ホウエン地方,バトルフロンティア,8,,
2316,ロイド,ギタリスト,3b,エメラルド,,,,,,,,,,ホウエン地方,バトルフロンティア,8,,
2317,デイブ,ギタリスト,3b,エメラルド,,,,,,,,,,ホウエン地方,バトルフロンティア,8,,
2318,ナゴム,とりつかい,3b,エメラルド,,,,,,,,,,ホウエン地方,バトルフロンティア,8,,
2319,ケイマ,とりつかい,3b,エメラルド,,,,,,,,,,ホウエン地方,バトルフロンティア,8,,
2320,ラザ,ふなのり,3b,エメラルド,,,,,,,,,,ホウエン地方,バトルフロンティア,8,,
2321,シュウタ,ふなのり,3b,エメラルド,,,,,,,,,,ホウエン地方,バトルフロンティア,8,,
2322,ブンチョウ,やまおとこ,3b,エメラルド,,,,,,,,,,ホウエン地方,バトルフロンティア,8,,
2323,ブンケン,やまおとこ,3b,エメラルド,,,,,,,,,,ホウエン地方,バトルフロンティア,8,,
2324,チカゾウ,キャンプファイヤー,3b,エメラルド,,,,,,,,,,ホウエン地方,バトルフロンティア,8,,
2325,トミタカ,キャンプファイヤー,3b,エメラルド,,,,,,,,,,ホウエン地方,バトルフロンティア,8,,
2326,ジュン,ジェントルマン,3b,エメラルド,,,,,,,,,,ホウエン地方,バトルフロンティア,8,,
2327,パーカー,ジェントルマン,3b,エメラルド,,,,,,,,,,ホウエン地方,バトルフロンティア,8,,
2328,トモアキ,たんぱんこぞう,3b,エメラルド,,,,,,,02_tanpan.PNG,,,ホウエン地方,バトルフロンティア,8,,
2329,シズオ,たんぱんこぞう,3b,エメラルド,,,,,,,02_tanpan.PNG,,,ホウエン地方,バトルフロンティア,8,,
2330,クニエ,ミニスカート,3b,エメラルド,,,,,,,03_minisuka.PNG,,,ホウエン地方,バトルフロンティア,8,,
2331,ニコル,ミニスカート,3b,エメラルド,,,,,,,03_minisuka.PNG,,,ホウエン地方,バトルフロンティア,8,,
2332,マスジ,キャンプボーイ,3b,エメラルド,,,,,,,02_campboy.PNG,,,ホウエン地方,バトルフロンティア,8,,
2333,シンキチ,キャンプボーイ,3b,エメラルド,,,,,,,02_campboy.PNG,,,ホウエン地方,バトルフロンティア,8,,
2334,ヒトエ,ピクニックガール,3b,エメラルド,,,,,,,02_picnicgirl.PNG,,,ホウエン地方,バトルフロンティア,8,,
2335,リサ,ピクニックガール,3b,エメラルド,,,,,,,02_picnicgirl.PNG,,,ホウエン地方,バトルフロンティア,8,,
2336,ウミヘイ,かいパンやろう,3b,エメラルド,,,,,,,,,,ホウエン地方,バトルフロンティア,8,,
2337,ゴウジン,かいパンやろう,3b,エメラルド,,,,,,,,,,ホウエン地方,バトルフロンティア,8,,
2338,アンナ,ビキニのおねえさん,3b,エメラルド,,,,,,,,,,ホウエン地方,バトルフロンティア,8,,
2339,ハイネ,ビキニのおねえさん,3b,エメラルド,,,,,,,,,,ホウエン地方,バトルフロンティア,8,,
2340,バンリ,だいすきクラブ,3b,エメラルド,,,,,,,02_daisukiclub.PNG,m,,ホウエン地方,バトルフロンティア,8,,
2341,チカオ,だいすきクラブ,3b,エメラルド,,,,,,,02_daisukiclub.PNG,m,,ホウエン地方,バトルフロンティア,8,,
2342,ハルエ,だいすきクラブ,3b,エメラルド,,,,,,,02_daisukiclub_f.PNG,f,,ホウエン地方,バトルフロンティア,8,,
2343,スガコ,だいすきクラブ,3b,エメラルド,,,,,,,02_daisukiclub_f.PNG,f,,ホウエン地方,バトルフロンティア,8,,
2344,ナツノスケ,ポケモンブリーダー,3b,エメラルド,,,,,,,,m,,ホウエン地方,バトルフロンティア,8,,
2345,シガノスケ,ポケモンブリーダー,3b,エメラルド,,,,,,,,m,,ホウエン地方,バトルフロンティア,8,,
2346,テツコ,ポケモンブリーダー,3b,エメラルド,,,,,,,,f,,ホウエン地方,バトルフロンティア,8,,
2347,トキ,ポケモンブリーダー,3b,エメラルド,,,,,,,,f,,ホウエン地方,バトルフロンティア,8,,
2348,ヒョウ,エリートトレーナー,3b,エメラルド,,,,,,,04_elite_m.PNG,m,,ホウエン地方,バトルフロンティア,8,,
2349,リョウガ,エリートトレーナー,3b,エメラルド,,,,,,,04_elite_m.PNG,m,,ホウエン地方,バトルフロンティア,8,,
2350,ホクト,エリートトレーナー,3b,エメラルド,,,,,,,04_elite_m.PNG,m,,ホウエン地方,バトルフロンティア,8,,
2351,カイザ,エリートトレーナー,3b,エメラルド,,,,,,,04_elite_m.PNG,m,,ホウエン地方,バトルフロンティア,8,,
2352,エレナ,エリートトレーナー,3b,エメラルド,,,,,,,04_elite_f.PNG,f,,ホウエン地方,バトルフロンティア,8,,
2353,ルリ,エリートトレーナー,3b,エメラルド,,,,,,,04_elite_f.PNG,f,,ホウエン地方,バトルフロンティア,8,,
2354,チヅコ,エリートトレーナー,3b,エメラルド,,,,,,,04_elite_f.PNG,f,,ホウエン地方,バトルフロンティア,8,,
2355,ユキノ,エリートトレーナー,3b,エメラルド,,,,,,,04_elite_f.PNG,f,,ホウエン地方,バトルフロンティア,8,,
2356,マサノブ,ポケモンレンジャー,3b,エメラルド,,,,,,,,m,,ホウエン地方,バトルフロンティア,8,,
2357,ハルアキ,ポケモンレンジャー,3b,エメラルド,,,,,,,,m,,ホウエン地方,バトルフロンティア,8,,
2358,ナミオ,ポケモンレンジャー,3b,エメラルド,,,,,,,,m,,ホウエン地方,バトルフロンティア,8,,
2359,アユ,ポケモンレンジャー,3b,エメラルド,,,,,,,,f,,ホウエン地方,バトルフロンティア,8,,
2360,ルリミ,ポケモンレンジャー,3b,エメラルド,,,,,,,,f,,ホウエン地方,バトルフロンティア,8,,
2361,カホコ,ポケモンレンジャー,3b,エメラルド,,,,,,,,f,,ホウエン地方,バトルフロンティア,8,,
2362,リュウマ,ドラゴンつかい,3b,エメラルド,,,,,,,,,,ホウエン地方,バトルフロンティア,8,,
2363,コリュウ,ドラゴンつかい,3b,エメラルド,,,,,,,,,,ホウエン地方,バトルフロンティア,8,,
2364,サイガ,ドラゴンつかい,3b,エメラルド,,,,,,,,,,ホウエン地方,バトルフロンティア,8,,
2365,ノブ,カラテおう,3b,エメラルド,,,,,,,,,,ホウエン地方,バトルフロンティア,8,,
2366,ソウマ,カラテおう,3b,エメラルド,,,,,,,,,,ホウエン地方,バトルフロンティア,8,,
2367,ジョウ,カラテおう,3b,エメラルド,,,,,,,,,,ホウエン地方,バトルフロンティア,8,,
2368,アコ,バトルガール,3b,エメラルド,,,,,,,,,,ホウエン地方,バトルフロンティア,8,,
2369,カナ,バトルガール,3b,エメラルド,,,,,,,,,,ホウエン地方,バトルフロンティア,8,,
2370,タエ,バトルガール,3b,エメラルド,,,,,,,,,,ホウエン地方,バトルフロンティア,8,,
2371,オトゾウ,たつじん,3b,エメラルド,,,,,,,,m,,ホウエン地方,バトルフロンティア,8,,
2372,グンペイ,たつじん,3b,エメラルド,,,,,,,,m,,ホウエン地方,バトルフロンティア,8,,
2373,モキチ,たつじん,3b,エメラルド,,,,,,,,m,,ホウエン地方,バトルフロンティア,8,,
2374,マツ,たつじん,3b,エメラルド,,,,,,,,f,,ホウエン地方,バトルフロンティア,8,,
2375,キヨ,たつじん,3b,エメラルド,,,,,,,,f,,ホウエン地方,バトルフロンティア,8,,
2376,イカホ,たつじん,3b,エメラルド,,,,,,,,f,,ホウエン地方,バトルフロンティア,8,,
2377,アサオ,サイキッカー,3b,エメラルド,,,,,,,02_psychic.PNG,m,,ホウエン地方,バトルフロンティア,8,,
2378,トキオ,サイキッカー,3b,エメラルド,,,,,,,02_psychic.PNG,m,,ホウエン地方,バトルフロンティア,8,,
2379,レイ,サイキッカー,3b,エメラルド,,,,,,,02_psychic.PNG,m,,ホウエン地方,バトルフロンティア,8,,
2380,エナ,サイキッカー,3b,エメラルド,,,,,,,03_psychic_f.PNG,f,,ホウエン地方,バトルフロンティア,8,,
2381,エリサ,サイキッカー,3b,エメラルド,,,,,,,03_psychic_f.PNG,f,,ホウエン地方,バトルフロンティア,8,,
2382,ムツコ,サイキッカー,3b,エメラルド,,,,,,,03_psychic_f.PNG,f,,ホウエン地方,バトルフロンティア,8,,
2383,ミナヨ,オカルトマニア,3b,エメラルド,,,,,,,,,,ホウエン地方,バトルフロンティア,8,,
2384,トミコ,オカルトマニア,3b,エメラルド,,,,,,,,,,ホウエン地方,バトルフロンティア,8,,
2385,ミサヨ,オカルトマニア,3b,エメラルド,,,,,,,,,,ホウエン地方,バトルフロンティア,8,,
2386,モリヤ,かいじゅうマニア,3b,エメラルド,,,,,,,,,,ホウエン地方,バトルフロンティア,8,,
2387,ヒフミ,かいじゅうマニア,3b,エメラルド,,,,,,,,,,ホウエン地方,バトルフロンティア,8,,
2388,フミアキ,かいじゅうマニア,3b,エメラルド,,,,,,,,,,ホウエン地方,バトルフロンティア,8,,
2389,スミス,ジェントルマン,3b,エメラルド,,,,,,,,,,ホウエン地方,バトルフロンティア,8,,
2390,コリン,ジェントルマン,3b,エメラルド,,,,,,,,,,ホウエン地方,バトルフロンティア,8,,
2391,ブラウン,ジェントルマン,3b,エメラルド,,,,,,,,,,ホウエン地方,バトルフロンティア,8,,
2392,トーマ,トライアスリート,3b,エメラルド,,,,,,,,m,,ホウエン地方,バトルフロンティア,8,,
2393,ナツオ,トライアスリート,3b,エメラルド,,,,,,,,m,,ホウエン地方,バトルフロンティア,8,,
2394,チサ,トライアスリート,3b,エメラルド,,,,,,,,f,,ホウエン地方,バトルフロンティア,8,,
2395,ミチ,トライアスリート,3b,エメラルド,,,,,,,,f,,ホウエン地方,バトルフロンティア,8,,
2396,ソウタ,トライアスリート,3b,エメラルド,,,,,,,,m,,ホウエン地方,バトルフロンティア,8,,
2397,テルアキ,トライアスリート,3b,エメラルド,,,,,,,,m,,ホウエン地方,バトルフロンティア,8,,
2398,サキコ,トライアスリート,3b,エメラルド,,,,,,,,f,,ホウエン地方,バトルフロンティア,8,,
2399,シオ,トライアスリート,3b,エメラルド,,,,,,,,f,,ホウエン地方,バトルフロンティア,8,,
2400,トウア,トライアスリート,3b,エメラルド,,,,,,,,m,,ホウエン地方,バトルフロンティア,8,,
2401,ナルオ,トライアスリート,3b,エメラルド,,,,,,,,m,,ホウエン地方,バトルフロンティア,8,,
2402,サチエ,トライアスリート,3b,エメラルド,,,,,,,,f,,ホウエン地方,バトルフロンティア,8,,
2403,コスズ,トライアスリート,3b,エメラルド,,,,,,,,f,,ホウエン地方,バトルフロンティア,8,,
2404,サダハル,こんちゅうマニア,3b,エメラルド,,,,,,,,,,ホウエン地方,バトルフロンティア,8,,
2405,トシカズ,こんちゅうマニア,3b,エメラルド,,,,,,,,,,ホウエン地方,バトルフロンティア,8,,
2406,キハチ,つりびと,3b,エメラルド,,,,,,,,,,ホウエン地方,バトルフロンティア,8,,
2407,ノンキ,つりびと,3b,エメラルド,,,,,,,,,,ホウエン地方,バトルフロンティア,8,,
2408,カンジ,いせきマニア,3b,エメラルド,,,,,,,,,,ホウエン地方,バトルフロンティア,8,,
2409,ノリユキ,いせきマニア,3b,エメラルド,,,,,,,,,,ホウエン地方,バトルフロンティア,8,,
2410,スミオ,ポケモンコレクター,3b,エメラルド,,,,,,,,,,ホウエン地方,バトルフロンティア,8,,
2411,ヒサオ,ポケモンコレクター,3b,エメラルド,,,,,,,,,,ホウエン地方,バトルフロンティア,8,,
2412,カズサ,ギタリスト,3b,エメラルド,,,,,,,,,,ホウエン地方,バトルフロンティア,8,,
2413,トシヤ,ギタリスト,3b,エメラルド,,,,,,,,,,ホウエン地方,バトルフロンティア,8,,
2414,ヨリト,とりつかい,3b,エメラルド,,,,,,,,,,ホウエン地方,バトルフロンティア,8,,
2415,スミト,とりつかい,3b,エメラルド,,,,,,,,,,ホウエン地方,バトルフロンティア,8,,
2416,タカ,ふなのり,3b,エメラルド,,,,,,,,,,ホウエン地方,バトルフロンティア,8,,
2417,ナンリ,ふなのり,3b,エメラルド,,,,,,,,,,ホウエン地方,バトルフロンティア,8,,
2418,タイガ,やまおとこ,3b,エメラルド,,,,,,,,,,ホウエン地方,バトルフロンティア,8,,
2419,センゴ,やまおとこ,3b,エメラルド,,,,,,,,,,ホウエン地方,バトルフロンティア,8,,
2420,ショウキチ,キャンプファイヤー,3b,エメラルド,,,,,,,,,,ホウエン地方,バトルフロンティア,8,,
2421,チカシ,キャンプファイヤー,3b,エメラルド,,,,,,,,,,ホウエン地方,バトルフロンティア,8,,
2422,ヨシミ,パラソルおねえさん,3b,エメラルド,,,,,,,,,,ホウエン地方,バトルフロンティア,8,,
2423,マイ,パラソルおねえさん,3b,エメラルド,,,,,,,,,,ホウエン地方,バトルフロンティア,8,,
2424,ナオミ,おとなのおねえさん,3b,エメラルド,,,,,,,03_onesan.PNG,,,ホウエン地方,バトルフロンティア,8,,
2425,ユカ,おとなのおねえさん,3b,エメラルド,,,,,,,03_onesan.PNG,,,ホウエン地方,バトルフロンティア,8,,
2426,マリカ,アロマなおねえさん,3b,エメラルド,,,,,,,,,,ホウエン地方,バトルフロンティア,8,,
2427,ヤスコ,アロマなおねえさん,3b,エメラルド,,,,,,,,,,ホウエン地方,バトルフロンティア,8,,
2428,アイリーン,アロマなおねえさん,3b,エメラルド,,,,,,,,,,ホウエン地方,カイナシティのバトルテント,8,,
2429,カンシュウ,いせきマニア,3b,エメラルド,,,,,,,,,,ホウエン地方,カイナシティのバトルテント,8,,
2430,アタミ,うきわガール,3b,エメラルド,,,,,,,,,,ホウエン地方,カイナシティのバトルテント,8,,
2431,アカシ,うきわボーイ,3b,エメラルド,,,,,,,,,,ホウエン地方,カイナシティのバトルテント,8,,
2432,ケビン,おじょうさま,3b,エメラルド,,,,,,,03_ojosama.PNG,,,ホウエン地方,カイナシティのバトルテント,8,,
2433,アスミ,おとなのおねえさん,3b,エメラルド,,,,,,,03_onesan.PNG,,,ホウエン地方,カイナシティのバトルテント,8,,
2434,マルヒト,おぼっちゃま,3b,エメラルド,,,,,,,03_obottyama.PNG,,,ホウエン地方,カイナシティのバトルテント,8,,
2435,キンペイ,かいじゅうマニア,3b,エメラルド,,,,,,,,,,ホウエン地方,カイナシティのバトルテント,8,,
2436,ゼンジロウ,かいパンやろう,3b,エメラルド,,,,,,,,,,ホウエン地方,カイナシティのバトルテント,8,,
2437,トマル,キャンプボーイ,3b,エメラルド,,,,,,,02_campboy.PNG,,,ホウエン地方,カイナシティのバトルテント,8,,
2438,チョウイチ,こんちゅうマニア,3b,エメラルド,,,,,,,,,,ホウエン地方,カイナシティのバトルテント,8,,
2439,ホフマン,ジェントルマン,3b,エメラルド,,,,,,,,,,ホウエン地方,カイナシティのバトルテント,8,,
2440,ゲイリー,ギタリスト,3b,エメラルド,,,,,,,,,,ホウエン地方,カイナシティのバトルテント,8,,
2441,アソビ,じゅくがえり,3b,エメラルド,,,,,,,03_jukugaeri_f.PNG,f,,ホウエン地方,カイナシティのバトルテント,8,,
2442,カメジロウ,エリートトレーナー,3b,エメラルド,,,,,,,04_elite_m.PNG,m,,ホウエン地方,カイナシティのバトルテント,8,,
2443,シャルル,エリートトレーナー,3b,エメラルド,,,,,,,04_elite_f.PNG,f,,ホウエン地方,カイナシティのバトルテント,8,,
2444,パブロフ,だいすきクラブ,3b,エメラルド,,,,,,,02_daisukiclub.PNG,m,,ホウエン地方,カイナシティのバトルテント,8,,
2445,コシノ,だいすきクラブ,3b,エメラルド,,,,,,,02_daisukiclub_f.PNG,f,,ホウエン地方,カイナシティのバトルテント,8,,
2446,メイゲツ,たつじん,3b,エメラルド,,,,,,,,m,,ホウエン地方,カイナシティのバトルテント,8,,
2447,カク,たつじん,3b,エメラルド,,,,,,,,f,,ホウエン地方,カイナシティのバトルテント,8,,
2448,イチ,たんぱんこぞう,3b,エメラルド,,,,,,,02_tanpan.PNG,,,ホウエン地方,カイナシティのバトルテント,8,,
2449,ハナウマ,つりびと,3b,エメラルド,,,,,,,,,,ホウエン地方,カイナシティのバトルテント,8,,
2450,サダハル,とりつかい,3b,エメラルド,,,,,,,,,,ホウエン地方,カイナシティのバトルテント,8,,
2451,クーロン,ニンジャごっこ,3b,エメラルド,,,,,,,,,,ホウエン地方,カイナシティのバトルテント,8,,
2452,チヨジ,パラソルおねえさん,3b,エメラルド,,,,,,,,,,ホウエン地方,カイナシティのバトルテント,8,,
2453,ミーヤ,ビキニのおねえさん,3b,エメラルド,,,,,,,,,,ホウエン地方,カイナシティのバトルテント,8,,
2454,ベイツ,ピクニックガール,3b,エメラルド,,,,,,,02_picnicgirl.PNG,,,ホウエン地方,カイナシティのバトルテント,8,,
2455,カンサク,ふなのり,3b,エメラルド,,,,,,,,,,ホウエン地方,カイナシティのバトルテント,8,,
2456,シン,ポケモンコレクター,3b,エメラルド,,,,,,,,,,ホウエン地方,カイナシティのバトルテント,8,,
2457,ポリーヌ,ミニスカート,3b,エメラルド,,,,,,,03_minisuka.PNG,,,ホウエン地方,カイナシティのバトルテント,8,,
2458,ミノ,アロマなおねえさん,3b,エメラルド,,,,,,,,,,ホウエン地方,シダケタウンのバトルテント,8,,
2459,コウゲン,いせきマニア,3b,エメラルド,,,,,,,,,,ホウエン地方,シダケタウンのバトルテント,8,,
2460,ミミ,うきわガール,3b,エメラルド,,,,,,,,,,ホウエン地方,シダケタウンのバトルテント,8,,
2461,ヒコ,うきわボーイ,3b,エメラルド,,,,,,,,,,ホウエン地方,シダケタウンのバトルテント,8,,
2462,ツツミ,おじょうさま,3b,エメラルド,,,,,,,03_ojosama.PNG,,,ホウエン地方,シダケタウンのバトルテント,8,,
2463,キラリ,おとなのおねえさん,3b,エメラルド,,,,,,,03_onesan.PNG,,,ホウエン地方,シダケタウンのバトルテント,8,,
2464,カズオ,おぼっちゃま,3b,エメラルド,,,,,,,03_obottyama.PNG,,,ホウエン地方,シダケタウンのバトルテント,8,,
2465,リキヤ,かいじゅうマニア,3b,エメラルド,,,,,,,,,,ホウエン地方,シダケタウンのバトルテント,8,,
2466,タツミ,かいパンやろう,3b,エメラルド,,,,,,,,,,ホウエン地方,シダケタウンのバトルテント,8,,
2467,ヒデヤ,キャンプボーイ,3b,エメラルド,,,,,,,02_campboy.PNG,,,ホウエン地方,シダケタウンのバトルテント,8,,
2468,ジャニー,こんちゅうマニア,3b,エメラルド,,,,,,,,,,ホウエン地方,シダケタウンのバトルテント,8,,
2469,デビット,ジェントルマン,3b,エメラルド,,,,,,,,,,ホウエン地方,シダケタウンのバトルテント,8,,
2470,フッキー,ギタリスト,3b,エメラルド,,,,,,,,,,ホウエン地方,シダケタウンのバトルテント,8,,
2471,ヨシキ,じゅくがえり,3b,エメラルド,,,,,,,03_jukugaeri_f.PNG,f,,ホウエン地方,シダケタウンのバトルテント,8,,
2472,ゾキロフ,エリートトレーナー,3b,エメラルド,,,,,,,04_elite_m.PNG,m,,ホウエン地方,シダケタウンのバトルテント,8,,
2473,モーリー,エリートトレーナー,3b,エメラルド,,,,,,,04_elite_f.PNG,f,,ホウエン地方,シダケタウンのバトルテント,8,,
2474,カンスケ,だいすきクラブ,3b,エメラルド,,,,,,,02_daisukiclub.PNG,m,,ホウエン地方,シダケタウンのバトルテント,8,,
2475,ベス,だいすきクラブ,3b,エメラルド,,,,,,,02_daisukiclub_f.PNG,f,,ホウエン地方,シダケタウンのバトルテント,8,,
2476,タンカイ,たつじん,3b,エメラルド,,,,,,,,m,,ホウエン地方,シダケタウンのバトルテント,8,,
2477,シヅ,たつじん,3b,エメラルド,,,,,,,,f,,ホウエン地方,シダケタウンのバトルテント,8,,
2478,アラキ,たんぱんこぞう,3b,エメラルド,,,,,,,02_tanpan.PNG,,,ホウエン地方,シダケタウンのバトルテント,8,,
2479,コウエイ,つりびと,3b,エメラルド,,,,,,,,,,ホウエン地方,シダケタウンのバトルテント,8,,
2480,ベルナルド,とりつかい,3b,エメラルド,,,,,,,,,,ホウエン地方,シダケタウンのバトルテント,8,,
2481,フミタダ,ニンジャごっこ,3b,エメラルド,,,,,,,,,,ホウエン地方,シダケタウンのバトルテント,8,,
2482,イボンヌ,パラソルおねえさん,3b,エメラルド,,,,,,,,,,ホウエン地方,シダケタウンのバトルテント,8,,
2483,キヌヨ,ビキニのおねえさん,3b,エメラルド,,,,,,,,,,ホウエン地方,シダケタウンのバトルテント,8,,
2484,タミ,ピクニックガール,3b,エメラルド,,,,,,,02_picnicgirl.PNG,,,ホウエン地方,シダケタウンのバトルテント,8,,
2485,コウハ,ふなのり,3b,エメラルド,,,,,,,,,,ホウエン地方,シダケタウンのバトルテント,8,,
2486,マルケス,ポケモンコレクター,3b,エメラルド,,,,,,,,,,ホウエン地方,シダケタウンのバトルテント,8,,
2487,モモ,ミニスカート,3b,エメラルド,,,,,,,03_minisuka.PNG,,,ホウエン地方,シダケタウンのバトルテント,8,,
2488,カトリーヌ,アロマなおねえさん,3b,エメラルド,,,,,,,,,,ホウエン地方,ハジツゲタウンのバトルテント,8,,
2489,チュウスケ,いせきマニア,3b,エメラルド,,,,,,,,,,ホウエン地方,ハジツゲタウンのバトルテント,8,,
2490,タマヒメ,うきわガール,3b,エメラルド,,,,,,,,,,ホウエン地方,ハジツゲタウンのバトルテント,8,,
2491,ヘイスケ,うきわボーイ,3b,エメラルド,,,,,,,,,,ホウエン地方,ハジツゲタウンのバトルテント,8,,
2492,イライザ,おじょうさま,3b,エメラルド,,,,,,,03_ojosama.PNG,,,ホウエン地方,ハジツゲタウンのバトルテント,8,,
2493,サリー,おとなのおねえさん,3b,エメラルド,,,,,,,03_onesan.PNG,,,ホウエン地方,ハジツゲタウンのバトルテント,8,,
2494,テンセイ,おぼっちゃま,3b,エメラルド,,,,,,,03_obottyama.PNG,,,ホウエン地方,ハジツゲタウンのバトルテント,8,,
2495,リキヤ,かいじゅうマニア,3b,エメラルド,,,,,,,,,,ホウエン地方,ハジツゲタウンのバトルテント,8,,
2496,シンコ,かいパンやろう,3b,エメラルド,,,,,,,,,,ホウエン地方,ハジツゲタウンのバトルテント,8,,
2497,テッタ,キャンプボーイ,3b,エメラルド,,,,,,,02_campboy.PNG,,,ホウエン地方,ハジツゲタウンのバトルテント,8,,
2498,スケキヨ,こんちゅうマニア,3b,エメラルド,,,,,,,,,,ホウエン地方,ハジツゲタウンのバトルテント,8,,
2499,マルチェロ,ジェントルマン,3b,エメラルド,,,,,,,,,,ホウエン地方,ハジツゲタウンのバトルテント,8,,
2500,ジャッキー,ギタリスト,3b,エメラルド,,,,,,,,,,ホウエン地方,ハジツゲタウンのバトルテント,8,,
2501,ツミレ,じゅくがえり,3b,エメラルド,,,,,,,03_jukugaeri_f.PNG,f,,ホウエン地方,ハジツゲタウンのバトルテント,8,,
2502,アマン,エリートトレーナー,3b,エメラルド,,,,,,,04_elite_m.PNG,m,,ホウエン地方,ハジツゲタウンのバトルテント,8,,
2503,トレイシー,エリートトレーナー,3b,エメラルド,,,,,,,04_elite_f.PNG,f,,ホウエン地方,ハジツゲタウンのバトルテント,8,,
2504,ロクロウタ,だいすきクラブ,3b,エメラルド,,,,,,,02_daisukiclub.PNG,m,,ホウエン地方,ハジツゲタウンのバトルテント,8,,
2505,チヨ,だいすきクラブ,3b,エメラルド,,,,,,,02_daisukiclub_f.PNG,f,,ホウエン地方,ハジツゲタウンのバトルテント,8,,
2506,ミツテル,たつじん,3b,エメラルド,,,,,,,,m,,ホウエン地方,ハジツゲタウンのバトルテント,8,,
2507,ウブメ,たつじん,3b,エメラルド,,,,,,,,f,,ホウエン地方,ハジツゲタウンのバトルテント,8,,
2508,ワカト,たんぱんこぞう,3b,エメラルド,,,,,,,02_tanpan.PNG,,,ホウエン地方,ハジツゲタウンのバトルテント,8,,
2509,ナガアキ,つりびと,3b,エメラルド,,,,,,,,,,ホウエン地方,ハジツゲタウンのバトルテント,8,,
2510,セス,とりつかい,3b,エメラルド,,,,,,,,,,ホウエン地方,ハジツゲタウンのバトルテント,8,,
2511,クビリ,ニンジャごっこ,3b,エメラルド,,,,,,,,,,ホウエン地方,ハジツゲタウンのバトルテント,8,,
2512,ルキノ,パラソルおねえさん,3b,エメラルド,,,,,,,,,,ホウエン地方,ハジツゲタウンのバトルテント,8,,
2513,ウタ,ビキニのおねえさん,3b,エメラルド,,,,,,,,,,ホウエン地方,ハジツゲタウンのバトルテント,8,,
2514,タニシ,ピクニックガール,3b,エメラルド,,,,,,,02_picnicgirl.PNG,,,ホウエン地方,ハジツゲタウンのバトルテント,8,,
2515,タカヒサ,ふなのり,3b,エメラルド,,,,,,,,,,ホウエン地方,ハジツゲタウンのバトルテント,8,,
2516,クルゾウ,ポケモンコレクター,3b,エメラルド,,,,,,,,,,ホウエン地方,ハジツゲタウンのバトルテント,8,,
2517,カリア,ミニスカート,3b,エメラルド,,,,,,,03_minisuka.PNG,,,ホウエン地方,ハジツゲタウンのバトルテント,8,,
2518,トンペイ,たんぱんこぞう,8,ソード・シールド,,,,,,,02_tanpan.PNG,,,ガラル地方,バトルタワー,19,,
2519,ヒデチー,たんぱんこぞう,8,ソード・シールド,,,,,,,02_tanpan.PNG,,,ガラル地方,バトルタワー,19,,
2520,マイクロ,たんぱんこぞう,8,ソード・シールド,,,,,,,02_tanpan.PNG,,,ガラル地方,バトルタワー,19,,
2521,ユニミ,ミニスカート,8,ソード・シールド,,,,,,,02_minisuka.PNG,,,ガラル地方,バトルタワー,19,,
2522,カカノン,ミニスカート,8,ソード・シールド,,,,,,,02_minisuka.PNG,,,ガラル地方,バトルタワー,19,,
2523,ミライヤ,ミニスカート,8,ソード・シールド,,,,,,,02_minisuka.PNG,,,ガラル地方,バトルタワー,19,,
2524,コテン,スクールボーイ,8,ソード・シールド,,,,,,,,,,ガラル地方,バトルタワー,19,,
2525,スルガ,スクールボーイ,8,ソード・シールド,,,,,,,,,,ガラル地方,バトルタワー,19,,
2526,テンメイ,スクールボーイ,8,ソード・シールド,,,,,,,,,,ガラル地方,バトルタワー,19,,
2527,リッコ,スクールガール,8,ソード・シールド,,,,,,,,,,ガラル地方,バトルタワー,19,,
2528,コグレ,スクールガール,8,ソード・シールド,,,,,,,,,,ガラル地方,バトルタワー,19,,
2529,モリコ,スクールガール,8,ソード・シールド,,,,,,,,,,ガラル地方,バトルタワー,19,,
2530,ゴンゾー,ポケモンごっこ,8,ソード・シールド,,,,,,,#N/A,m,,ガラル地方,バトルタワー,19,,
2531,イッセイ,ポケモンごっこ,8,ソード・シールド,,,,,,,#N/A,m,,ガラル地方,バトルタワー,19,,
2532,ハンダタ,ポケモンごっこ,8,ソード・シールド,,,,,,,#N/A,m,,ガラル地方,バトルタワー,19,,
2533,ミコミコ,ポケモンごっこ,8,ソード・シールド,,,,,,,,f,,ガラル地方,バトルタワー,19,,
2534,エイミン,ポケモンごっこ,8,ソード・シールド,,,,,,,,f,,ガラル地方,バトルタワー,19,,
2535,ユメユ,ポケモンごっこ,8,ソード・シールド,,,,,,,,f,,ガラル地方,バトルタワー,19,,
2536,カンナタ,ビジネスマン,8,ソード・シールド,,,,,,,,,,ガラル地方,バトルタワー,19,,
2537,ナレイユ,ビジネスマン,8,ソード・シールド,,,,,,,,,,ガラル地方,バトルタワー,19,,
2538,ワレサダ,ビジネスマン,8,ソード・シールド,,,,,,,,,,ガラル地方,バトルタワー,19,,
2539,セイラ,OL,8,ソード・シールド,,,,,,,,,,ガラル地方,バトルタワー,19,,
2540,ケイピ,OL,8,ソード・シールド,,,,,,,,,,ガラル地方,バトルタワー,19,,
2541,モサノバ,OL,8,ソード・シールド,,,,,,,,,,ガラル地方,バトルタワー,19,,
2542,シオタン,たんぱんこぞう,8,ソード・シールド,,,,,,,02_tanpan.PNG,,,ガラル地方,バトルタワー,19,,
2543,コマ,たんぱんこぞう,8,ソード・シールド,,,,,,,02_tanpan.PNG,,,ガラル地方,バトルタワー,19,,
2544,カンザシ,ミニスカート,8,ソード・シールド,,,,,,,02_minisuka.PNG,,,ガラル地方,バトルタワー,19,,
2545,サイクロ,ミニスカート,8,ソード・シールド,,,,,,,02_minisuka.PNG,,,ガラル地方,バトルタワー,19,,
2546,ボン,スクールボーイ,8,ソード・シールド,,,,,,,,,,ガラル地方,バトルタワー,19,,
2547,ミズキチ,スクールボーイ,8,ソード・シールド,,,,,,,,,,ガラル地方,バトルタワー,19,,
2548,スケミー,スクールガール,8,ソード・シールド,,,,,,,,,,ガラル地方,バトルタワー,19,,
2549,キヌ,スクールガール,8,ソード・シールド,,,,,,,,,,ガラル地方,バトルタワー,19,,
2550,レオ,ポケモンごっこ,8,ソード・シールド,,,,,,,#N/A,m,,ガラル地方,バトルタワー,19,,
2551,アビト,ポケモンごっこ,8,ソード・シールド,,,,,,,#N/A,m,,ガラル地方,バトルタワー,19,,
2552,キャラン,ポケモンごっこ,8,ソード・シールド,,,,,,,,f,,ガラル地方,バトルタワー,19,,
2553,ミヤビ,ポケモンごっこ,8,ソード・シールド,,,,,,,,f,,ガラル地方,バトルタワー,19,,
2554,デンツケ,ビジネスマン,8,ソード・シールド,,,,,,,,,,ガラル地方,バトルタワー,19,,
2555,パンタヤ,ビジネスマン,8,ソード・シールド,,,,,,,,,,ガラル地方,バトルタワー,19,,
2556,スタリー,OL,8,ソード・シールド,,,,,,,,,,ガラル地方,バトルタワー,19,,
2557,キショウ,OL,8,ソード・シールド,,,,,,,,,,ガラル地方,バトルタワー,19,,
2558,マット,ポケモンブリーダー,8,ソード・シールド,,,,,,,,m,,ガラル地方,バトルタワー,19,,
2559,ウンカイ,ポケモンブリーダー,8,ソード・シールド,,,,,,,,m,,ガラル地方,バトルタワー,19,,
2560,トモチ,ポケモンブリーダー,8,ソード・シールド,,,,,,,,f,,ガラル地方,バトルタワー,19,,
2561,ルンタマ,ポケモンブリーダー,8,ソード・シールド,,,,,,,,f,,ガラル地方,バトルタワー,19,,
2562,シロガイヤ,さぎょういん,8,ソード・シールド,,,,,,,,,,ガラル地方,バトルタワー,19,,
2563,オノドメ,さぎょういん,8,ソード・シールド,,,,,,,,,,ガラル地方,バトルタワー,19,,
2564,スパーナ,さぎょういん,8,ソード・シールド,,,,,,,,2,,ガラル地方,バトルタワー,19,,
2565,トト,さぎょういん,8,ソード・シールド,,,,,,,,2,,ガラル地方,バトルタワー,19,,
2566,ムニキス,からておう,8,ソード・シールド,,,,,,,,,,ガラル地方,バトルタワー,19,,
2567,ツァペリ,からておう,8,ソード・シールド,,,,,,,,,,ガラル地方,バトルタワー,19,,
2568,コング,やまおとこ,8,ソード・シールド,,,,,,,,,,ガラル地方,バトルタワー,19,,
2569,グレモンド,やまおとこ,8,ソード・シールド,,,,,,,,,,ガラル地方,バトルタワー,19,,
2570,サイタ,バックパッカー,8,ソード・シールド,,,,,,,,,,ガラル地方,バトルタワー,19,,
2571,アジャニ,バックパッカー,8,ソード・シールド,,,,,,,,,,ガラル地方,バトルタワー,19,,
2572,フー,タクシードライバー,8,ソード・シールド,,,,,,,,,,ガラル地方,バトルタワー,19,,
2573,ダルツ,タクシードライバー,8,ソード・シールド,,,,,,,,,,ガラル地方,バトルタワー,19,,
2574,マヅメ,つりびと,8,ソード・シールド,,,,,,,,,,ガラル地方,バトルタワー,19,,
2575,ホリハリ,つりびと,8,ソード・シールド,,,,,,,,,,ガラル地方,バトルタワー,19,,
2576,バンカケ,おまわりさん,8,ソード・シールド,,,,,,,,,,ガラル地方,バトルタワー,19,,
2577,ワッパ,おまわりさん,8,ソード・シールド,,,,,,,,,,ガラル地方,バトルタワー,19,,
2578,ストラエ,モデル,8,ソード・シールド,,,,,,,,,,ガラル地方,バトルタワー,19,,
2579,ニコパチ,モデル,8,ソード・シールド,,,,,,,,,,ガラル地方,バトルタワー,19,,
2580,セビレオ,マスター,8,ソード・シールド,,,,,,,,,,ガラル地方,バトルタワー,19,,
2581,ヴァサロ,マスター,8,ソード・シールド,,,,,,,,,,ガラル地方,バトルタワー,19,,
2582,ルースン,マダム,8,ソード・シールド,,,,,,,,,,ガラル地方,バトルタワー,19,,
2583,タライ,マダム,8,ソード・シールド,,,,,,,,,,ガラル地方,バトルタワー,19,,
2584,ゴーゴ,ミュージシャン,8,ソード・シールド,,,,,,,,,,ガラル地方,バトルタワー,19,,
2585,ジェイディ,ミュージシャン,8,ソード・シールド,,,,,,,,,,ガラル地方,バトルタワー,19,,
2586,トライバ,ダンサー,8,ソード・シールド,,,,,,,#N/A,,,ガラル地方,バトルタワー,19,,
2587,ティチュ,ダンサー,8,ソード・シールド,,,,,,,#N/A,,,ガラル地方,バトルタワー,19,,
2588,ナンド,たんぱんこぞう,8,ソード・シールド,,,,,,,02_tanpan.PNG,,,ガラル地方,バトルタワー,19,,
2589,メイヤ,ミニスカート,8,ソード・シールド,,,,,,,02_minisuka.PNG,,,ガラル地方,バトルタワー,19,,
2590,ヤータイ,スクールボーイ,8,ソード・シールド,,,,,,,,,,ガラル地方,バトルタワー,19,,
2591,ヘレーテ,スクールガール,8,ソード・シールド,,,,,,,,,,ガラル地方,バトルタワー,19,,
2592,シトライ,ポケモンごっこ,8,ソード・シールド,,,,,,,#N/A,m,,ガラル地方,バトルタワー,19,,
2593,ミッケ,ポケモンごっこ,8,ソード・シールド,,,,,,,,f,,ガラル地方,バトルタワー,19,,
2594,カリント,ビジネスマン,8,ソード・シールド,,,,,,,,,,ガラル地方,バトルタワー,19,,
2595,ヘルツ,OL,8,ソード・シールド,,,,,,,,,,ガラル地方,バトルタワー,19,,
2596,セイチョウ,ポケモンブリーダー,8,ソード・シールド,,,,,,,,m,,ガラル地方,バトルタワー,19,,
2597,ムツ,ポケモンブリーダー,8,ソード・シールド,,,,,,,,f,,ガラル地方,バトルタワー,19,,
2598,モロコシ,さぎょういん,8,ソード・シールド,,,,,,,,,,ガラル地方,バトルタワー,19,,
2599,アンコ,さぎょういん,8,ソード・シールド,,,,,,,,2,,ガラル地方,バトルタワー,19,,
2600,デイブス,リーグスタッフ,8,ソード・シールド,,,,,,,,m,,ガラル地方,バトルタワー,19,,
2601,シャコ,リーグスタッフ,8,ソード・シールド,,,,,,,,f,,ガラル地方,バトルタワー,19,,
2602,ウェンソン,ドクター,8,ソード・シールド,,,,,,,,m,,ガラル地方,バトルタワー,19,,
2603,リエゾンヌ,ドクター,8,ソード・シールド,,,,,,,,f,,ガラル地方,バトルタワー,19,,
2604,エッチン,げいじゅつか,8,ソード・シールド,,,,,,,,,,ガラル地方,バトルタワー,19,,
2605,ミカワ,おとなのおねえさん,8,ソード・シールド,,,,,,,08_onesan.PNG,,,ガラル地方,バトルタワー,19,,
2606,キクガワ,ジェントルマン,8,ソード・シールド,,,,,,,,,,ガラル地方,バトルタワー,19,,
2607,コヤマ,マダム,8,ソード・シールド,,,,,,,,,,ガラル地方,バトルタワー,19,,
2608,キンジ,スクールボーイ,8,ソード・シールド,,,,,,,,,,ガラル地方,バトルタワー,19,,
2609,ワルドー,スクールボーイ,8,ソード・シールド,,,,,,,,,,ガラル地方,バトルタワー,19,,
2610,スイトナ,スクールガール,8,ソード・シールド,,,,,,,,,,ガラル地方,バトルタワー,19,,
2611,レンレン,スクールガール,8,ソード・シールド,,,,,,,,,,ガラル地方,バトルタワー,19,,
2612,クロン,ポケモンごっこ,8,ソード・シールド,,,,,,,#N/A,m,,ガラル地方,バトルタワー,19,,
2613,サキモリ,ポケモンごっこ,8,ソード・シールド,,,,,,,#N/A,m,,ガラル地方,バトルタワー,19,,
2614,ニンベン,ポケモンごっこ,8,ソード・シールド,,,,,,,,f,,ガラル地方,バトルタワー,19,,
2615,ママユ,ポケモンごっこ,8,ソード・シールド,,,,,,,,f,,ガラル地方,バトルタワー,19,,
2616,ヨドミ,ビジネスマン,8,ソード・シールド,,,,,,,,,,ガラル地方,バトルタワー,19,,
2617,マルバツ,ビジネスマン,8,ソード・シールド,,,,,,,,,,ガラル地方,バトルタワー,19,,
2618,オモワレ,OL,8,ソード・シールド,,,,,,,,,,ガラル地方,バトルタワー,19,,
2619,ラスティ,OL,8,ソード・シールド,,,,,,,,,,ガラル地方,バトルタワー,19,,
2620,ガンタング,てつどういん,8,ソード・シールド,,,,,,,,,,ガラル地方,バトルタワー,19,,
2621,ユキスベリ,てつどういん,8,ソード・シールド,,,,,,,,,,ガラル地方,バトルタワー,19,,
2622,アジミ,コック,8,ソード・シールド,,,,,,,,,,ガラル地方,バトルタワー,19,,
2623,ブイヨン,コック,8,ソード・シールド,,,,,,,,,,ガラル地方,バトルタワー,19,,
2624,アタリ,さぎょういん,8,ソード・シールド,,,,,,,,,,ガラル地方,バトルタワー,19,,
2625,ウチノリ,さぎょういん,8,ソード・シールド,,,,,,,,,,ガラル地方,バトルタワー,19,,
2626,シノ,さぎょういん,8,ソード・シールド,,,,,,,,2,,ガラル地方,バトルタワー,19,,
2627,モルタル,さぎょういん,8,ソード・シールド,,,,,,,,2,,ガラル地方,バトルタワー,19,,
2628,クラサン,リーグスタッフ,8,ソード・シールド,,,,,,,,m,,ガラル地方,バトルタワー,19,,
2629,ナナツサワ,リーグスタッフ,8,ソード・シールド,,,,,,,,m,,ガラル地方,バトルタワー,19,,
2630,シンガン,リーグスタッフ,8,ソード・シールド,,,,,,,,f,,ガラル地方,バトルタワー,19,,
2631,ソーシー,リーグスタッフ,8,ソード・シールド,,,,,,,,f,,ガラル地方,バトルタワー,19,,
2632,ノノトノ,カメラマン,8,ソード・シールド,,,,,,,,,,ガラル地方,バトルタワー,19,,
2633,オカキン,カメラマン,8,ソード・シールド,,,,,,,,,,ガラル地方,バトルタワー,19,,
2634,ユウコト,レポーター,8,ソード・シールド,,,,,,,,,,ガラル地方,バトルタワー,19,,
2635,ナルヤ,レポーター,8,ソード・シールド,,,,,,,,,,ガラル地方,バトルタワー,19,,
2636,ティスピラ,モデル,8,ソード・シールド,,,,,,,,,,ガラル地方,バトルタワー,19,,
2637,ネビュラ,モデル,8,ソード・シールド,,,,,,,,,,ガラル地方,バトルタワー,19,,
2638,ハイポー,マスター,8,ソード・シールド,,,,,,,,,,ガラル地方,バトルタワー,19,,
2639,マスタ,マスター,8,ソード・シールド,,,,,,,,,,ガラル地方,バトルタワー,19,,
2640,バタバタ,バックパッカー,8,ソード・シールド,,,,,,,,,,ガラル地方,バトルタワー,19,,
2641,オモテガワ,OL,8,ソード・シールド,,,,,,,,,,ガラル地方,バトルタワー,19,,
2642,デイモンド,ミュージシャン,8,ソード・シールド,,,,,,,,,,ガラル地方,バトルタワー,19,,
2643,シブロー,ミュージシャン,8,ソード・シールド,,,,,,,,,,ガラル地方,バトルタワー,19,,
2644,ロンド,ダンサー,8,ソード・シールド,,,,,,,#N/A,,,ガラル地方,バトルタワー,19,,
2645,ハグレイ,ダンサー,8,ソード・シールド,,,,,,,#N/A,,,ガラル地方,バトルタワー,19,,
2646,オブケイ,おまわりさん,8,ソード・シールド,,,,,,,,,,ガラル地方,バトルタワー,19,,
2647,ヤッパ,おまわりさん,8,ソード・シールド,,,,,,,,,,ガラル地方,バトルタワー,19,,
2648,ガーリー,おとなのおねえさん,8,ソード・シールド,,,,,,,08_onesan.PNG,,,ガラル地方,バトルタワー,19,,
2649,リト,おとなのおねえさん,8,ソード・シールド,,,,,,,08_onesan.PNG,,,ガラル地方,バトルタワー,19,,
2650,カツヨシ,たんぱんこぞう,8,ソード・シールド,,,,,,,02_tanpan.PNG,,,ガラル地方,バトルタワー,19,,
2651,サイザ,たんぱんこぞう,8,ソード・シールド,,,,,,,02_tanpan.PNG,,,ガラル地方,バトルタワー,19,,
2652,コモレビ,ミニスカート,8,ソード・シールド,,,,,,,02_minisuka.PNG,,,ガラル地方,バトルタワー,19,,
2653,ホホポ,ミニスカート,8,ソード・シールド,,,,,,,02_minisuka.PNG,,,ガラル地方,バトルタワー,19,,
2654,ツウウン,ポストマン,8,ソード・シールド,,,,,,,,,,ガラル地方,バトルタワー,19,,
2655,キテハテ,ポストマン,8,ソード・シールド,,,,,,,,,,ガラル地方,バトルタワー,19,,
2656,マシロ,ドクター,8,ソード・シールド,,,,,,,,m,,ガラル地方,バトルタワー,19,,
2657,ドルイニル,ドクター,8,ソード・シールド,,,,,,,,m,,ガラル地方,バトルタワー,19,,
2658,テンコ,ドクター,8,ソード・シールド,,,,,,,,f,,ガラル地方,バトルタワー,19,,
2659,グレース,ドクター,8,ソード・シールド,,,,,,,,f,,ガラル地方,バトルタワー,19,,
2660,ピンサツ,タクシードライバー,8,ソード・シールド,,,,,,,,,,ガラル地方,バトルタワー,19,,
2661,カリトバ,タクシードライバー,8,ソード・シールド,,,,,,,,,,ガラル地方,バトルタワー,19,,
2662,イクジュン,ポケモンブリーダー,8,ソード・シールド,,,,,,,,f,,ガラル地方,バトルタワー,19,,
2663,サルミヤ,ポケモンブリーダー,8,ソード・シールド,,,,,,,,f,,ガラル地方,バトルタワー,19,,
2664,タツノスケ,ポケモンブリーダー,8,ソード・シールド,,,,,,,,m,,ガラル地方,バトルタワー,19,,
2665,ムネノリ,ポケモンブリーダー,8,ソード・シールド,,,,,,,,m,,ガラル地方,バトルタワー,19,,
2666,カゼ,ジェントルマン,8,ソード・シールド,,,,,,,,,,ガラル地方,バトルタワー,19,,
2667,ジョンボブ,ジェントルマン,8,ソード・シールド,,,,,,,,,,ガラル地方,バトルタワー,19,,
2668,オギノ,マダム,8,ソード・シールド,,,,,,,,,,ガラル地方,バトルタワー,19,,
2669,ハスムカイ,マダム,8,ソード・シールド,,,,,,,,,,ガラル地方,バトルタワー,19,,
2670,プーシュケ,げいじゅつか,8,ソード・シールド,,,,,,,,,,ガラル地方,バトルタワー,19,,
2671,サクラバ,げいじゅつか,8,ソード・シールド,,,,,,,,,,ガラル地方,バトルタワー,19,,
2672,ドロガワラ,からておう,8,ソード・シールド,,,,,,,,,,ガラル地方,バトルタワー,19,,
2673,ヤンダ,からておう,8,ソード・シールド,,,,,,,,,,ガラル地方,バトルタワー,19,,
2674,ジュンセイ,からておう,8,ソード・シールド,,,,,,,,,,ガラル地方,バトルタワー,19,,
2675,サミング,つりびと,8,ソード・シールド,,,,,,,,,,ガラル地方,バトルタワー,19,,
2676,コマセ,つりびと,8,ソード・シールド,,,,,,,,,,ガラル地方,バトルタワー,19,,
2677,ハーネス,やまおとこ,8,ソード・シールド,,,,,,,,,,ガラル地方,バトルタワー,19,,
2678,カラビナン,やまおとこ,8,ソード・シールド,,,,,,,,,,ガラル地方,バトルタワー,19,,
2679,テホソン,やまおとこ,8,ソード・シールド,,,,,,,,,,ガラル地方,バトルタワー,19,,
2680,ウル,バックパッカー,8,ソード・シールド,,,,,,,,,,ガラル地方,バトルタワー,19,,
2681,ポッケ,バックパッカー,8,ソード・シールド,,,,,,,,,,ガラル地方,バトルタワー,19,,
2682,ケントウ,リーグスタッフ,8,ソード・シールド,,,,,,,,m,,ガラル地方,バトルタワー,19,,
2683,ミルキ,リーグスタッフ,8,ソード・シールド,,,,,,,,f,,ガラル地方,バトルタワー,19,,
2684,オワリ,たんぱんこぞう,8,ソード・シールド,,,,,,,02_tanpan.PNG,,,ガラル地方,バトルタワー,19,,
2685,ミココロ,ミニスカート,8,ソード・シールド,,,,,,,02_minisuka.PNG,,,ガラル地方,バトルタワー,19,,
2686,ナカバ,ポケモンごっこ,8,ソード・シールド,,,,,,,#N/A,m,,ガラル地方,バトルタワー,19,,
2687,オカワリ,ポケモンごっこ,8,ソード・シールド,,,,,,,,f,,ガラル地方,バトルタワー,19,,
2688,ジョウマエ,おまわりさん,8,ソード・シールド,,,,,,,,,,ガラル地方,バトルタワー,19,,
2689,モロボシ,おとなのおねえさん,8,ソード・シールド,,,,,,,08_onesan.PNG,,,ガラル地方,バトルタワー,19,,
2690,フジオ,はぐれけんきゅういん,2,金・銀,コイル,コイル,コイル,,,,02_kenkyu.PNG,,2000円,ジョウト地方,ロケットだんアジト,4,,
2691,ヤスフミ,はぐれけんきゅういん,2,金・銀,ドガース,ドガース,,,,,02_kenkyu.PNG,,2200円,ジョウト地方,ロケットだんアジト,4,,
2692,ノブヒロ,はぐれけんきゅういん,2,金・銀,メタモン,,,,,,02_kenkyu.PNG,,2400円,ジョウト地方,ロケットだんアジト,4,,
2693,カネオ,はぐれけんきゅういん,2,金・銀,コイル,コイル,コイル,,,,02_kenkyu.PNG,,2700円,ジョウト地方,ラジオとう,4,,
2694,シンタロウ,はぐれけんきゅういん,2,金・銀,ポリゴン,,,,,,02_kenkyu.PNG,,3000円,ジョウト地方,ラジオとう,4,,
2695,ヨシロー,はぐれけんきゅういん,2c,ハートゴールド・ソウルシルバー,ウインディ,,,,,,FRLG_kenkyu.PNG,,1600円,ジョウト地方,グレンジム,11,,
2696,ユウゴ,はぐれけんきゅういん,2c,ハートゴールド・ソウルシルバー,キュウコン,,,,,,FRLG_kenkyu.PNG,,1600円,ジョウト地方,グレンジム,11,,
2697,タケアキ,はぐれけんきゅういん,2c,ハートゴールド・ソウルシルバー,ブーバー,,,,,,FRLG_kenkyu.PNG,,1600円,ジョウト地方,グレンジム,11,,
2698,アックン,たんパンこぞう,4b,プラチナ,,,,,,,02_tanpan.PNG,,,シンオウ地方,バトルフロンティア,10,,
2699,カックン,たんパンこぞう,4b,プラチナ,,,,,,,02_tanpan.PNG,,,シンオウ地方,バトルフロンティア,10,,
2700,サックン,たんパンこぞう,4b,プラチナ,,,,,,,02_tanpan.PNG,,,シンオウ地方,バトルフロンティア,10,,
2701,アマナツ,ミニスカート,4b,プラチナ,,,,,,,04_minisuka.PNG,,,シンオウ地方,バトルフロンティア,10,,
2702,モンモ,ミニスカート,4b,プラチナ,,,,,,,04_minisuka.PNG,,,シンオウ地方,バトルフロンティア,10,,
2703,アスミン,ミニスカート,4b,プラチナ,,,,,,,04_minisuka.PNG,,,シンオウ地方,バトルフロンティア,10,,
2704,ヒロシゲ,じゅくがえり,4b,プラチナ,,,,,,,04_jukugaeri_m.PNG,m,,シンオウ地方,バトルフロンティア,10,,
2705,キルゴア,じゅくがえり,4b,プラチナ,,,,,,,04_jukugaeri_m.PNG,m,,シンオウ地方,バトルフロンティア,10,,
2706,ホクサイ,じゅくがえり,4b,プラチナ,,,,,,,04_jukugaeri_m.PNG,m,,シンオウ地方,バトルフロンティア,10,,
2707,マウジー,じゅくがえり,4b,プラチナ,,,,,,,04_jukugaeri_f.PNG,f,,シンオウ地方,バトルフロンティア,10,,
2708,シザーレ,じゅくがえり,4b,プラチナ,,,,,,,04_jukugaeri_f.PNG,f,,シンオウ地方,バトルフロンティア,10,,
2709,オリン,じゅくがえり,4b,プラチナ,,,,,,,04_jukugaeri_f.PNG,f,,シンオウ地方,バトルフロンティア,10,,
2710,ヘイハチ,おぼっちゃま,4b,プラチナ,,,,,,,05_obottyama.PNG,,,シンオウ地方,バトルフロンティア,10,,
2711,トルーマン,おぼっちゃま,4b,プラチナ,,,,,,,05_obottyama.PNG,,,シンオウ地方,バトルフロンティア,10,,
2712,アーサー,おぼっちゃま,4b,プラチナ,,,,,,,05_obottyama.PNG,,,シンオウ地方,バトルフロンティア,10,,
2713,リンギット,おじょうさま,4b,プラチナ,,,,,,,04_ojosama.PNG,,,シンオウ地方,バトルフロンティア,10,,
2714,シリング,おじょうさま,4b,プラチナ,,,,,,,04_ojosama.PNG,,,シンオウ地方,バトルフロンティア,10,,
2715,ウォン,おじょうさま,4b,プラチナ,,,,,,,04_ojosama.PNG,,,シンオウ地方,バトルフロンティア,10,,
2716,バーナード,キャンプボーイ,4b,プラチナ,,,,,,,02_campboy.PNG,,,シンオウ地方,バトルフロンティア,10,,
2717,ハーバード,キャンプボーイ,4b,プラチナ,,,,,,,02_campboy.PNG,,,シンオウ地方,バトルフロンティア,10,,
2718,カツシロウ,キャンプボーイ,4b,プラチナ,,,,,,,02_campboy.PNG,,,シンオウ地方,バトルフロンティア,10,,
2719,ハイラル,ピクニックガール,4b,プラチナ,,,,,,,02_picnicgirl.PNG,,,シンオウ地方,バトルフロンティア,10,,
2720,クロヒメ,ピクニックガール,4b,プラチナ,,,,,,,02_picnicgirl.PNG,,,シンオウ地方,バトルフロンティア,10,,
2721,アソ,ピクニックガール,4b,プラチナ,,,,,,,02_picnicgirl.PNG,,,シンオウ地方,バトルフロンティア,10,,
2722,マンゾウ,うきわボーイ,4b,プラチナ,,,,,,,,,,シンオウ地方,バトルフロンティア,10,,
2723,ハナウマ,うきわボーイ,4b,プラチナ,,,,,,,,,,シンオウ地方,バトルフロンティア,10,,
2724,ツバル,うきわボーイ,4b,プラチナ,,,,,,,,,,シンオウ地方,バトルフロンティア,10,,
2725,ドミニカ,うきわガール,4b,プラチナ,,,,,,,,,,シンオウ地方,バトルフロンティア,10,,
2726,ケラマ,うきわガール,4b,プラチナ,,,,,,,,,,シンオウ地方,バトルフロンティア,10,,
2727,オトミ,うきわガール,4b,プラチナ,,,,,,,,,,シンオウ地方,バトルフロンティア,10,,
2728,マル,ギタリスト,4b,プラチナ,,,,,,,02_guitarist.PNG,,,シンオウ地方,バトルフロンティア,10,,
2729,タダフミ,ギタリスト,4b,プラチナ,,,,,,,02_guitarist.PNG,,,シンオウ地方,バトルフロンティア,10,,
2730,カズヒロ,ギタリスト,4b,プラチナ,,,,,,,02_guitarist.PNG,,,シンオウ地方,バトルフロンティア,10,,
2731,ピンイン,アイドル,4b,プラチナ,,,,,,,,,,シンオウ地方,バトルフロンティア,10,,
2732,ランジ,アイドル,4b,プラチナ,,,,,,,,,,シンオウ地方,バトルフロンティア,10,,
2733,クリムゾン,アイドル,4b,プラチナ,,,,,,,,,,シンオウ地方,バトルフロンティア,10,,
2734,ウネ,だいすきクラブ,4b,プラチナ,,,,,,,02_daisukiclub.PNG,m,,シンオウ地方,バトルフロンティア,10,,
2735,カノコ,だいすきクラブ,4b,プラチナ,,,,,,,02_daisukiclub.PNG,m,,シンオウ地方,バトルフロンティア,10,,
2736,オノミ,だいすきクラブ,4b,プラチナ,,,,,,,02_daisukiclub.PNG,m,,シンオウ地方,バトルフロンティア,10,,
2737,フォボス,だいすきクラブ,4b,プラチナ,,,,,,,02_daisukiclub_f.PNG,f,,シンオウ地方,バトルフロンティア,10,,
2738,メチス,だいすきクラブ,4b,プラチナ,,,,,,,02_daisukiclub_f.PNG,f,,シンオウ地方,バトルフロンティア,10,,
2739,ガニメデ,だいすきクラブ,4b,プラチナ,,,,,,,02_daisukiclub_f.PNG,f,,シンオウ地方,バトルフロンティア,10,,
2740,ツケバ,ウエーター,4b,プラチナ,,,,,,,,,,シンオウ地方,バトルフロンティア,10,,
2741,ムラサキ,ウエーター,4b,プラチナ,,,,,,,,,,シンオウ地方,バトルフロンティア,10,,
2742,ツメ,ウエーター,4b,プラチナ,,,,,,,,,,シンオウ地方,バトルフロンティア,10,,
2743,アッシュ,ウエートレス,4b,プラチナ,,,,,,,,,,シンオウ地方,バトルフロンティア,10,,
2744,ノワゼット,ウエートレス,4b,プラチナ,,,,,,,,,,シンオウ地方,バトルフロンティア,10,,
2745,カヌレ,ウエートレス,4b,プラチナ,,,,,,,,,,シンオウ地方,バトルフロンティア,10,,
2746,ピンク,むしとりしょうねん,4b,プラチナ,,,,,,,02_mushitori.PNG,,,シンオウ地方,バトルフロンティア,10,,
2747,ホフマン,むしとりしょうねん,4b,プラチナ,,,,,,,02_mushitori.PNG,,,シンオウ地方,バトルフロンティア,10,,
2748,アマデウス,むしとりしょうねん,4b,プラチナ,,,,,,,02_mushitori.PNG,,,シンオウ地方,バトルフロンティア,10,,
2749,シガラク,にんじゃごっこ,4b,プラチナ,,,,,,,,,,シンオウ地方,バトルフロンティア,10,,
2750,ビゼン,にんじゃごっこ,4b,プラチナ,,,,,,,,,,シンオウ地方,バトルフロンティア,10,,
2751,ピエール,にんじゃごっこ,4b,プラチナ,,,,,,,,,,シンオウ地方,バトルフロンティア,10,,
2752,タカコ,ポケモンごっこ,4b,プラチナ,,,,,,,,,,シンオウ地方,バトルフロンティア,10,,
2753,タツコ,ポケモンごっこ,4b,プラチナ,,,,,,,,,,シンオウ地方,バトルフロンティア,10,,
2754,タマコ,ポケモンごっこ,4b,プラチナ,,,,,,,,,,シンオウ地方,バトルフロンティア,10,,
2755,キクチヨ,つりびと,4b,プラチナ,,,,,,,,,,シンオウ地方,バトルフロンティア,10,,
2756,バショウ,つりびと,4b,プラチナ,,,,,,,,,,シンオウ地方,バトルフロンティア,10,,
2757,メンカウラ,いせきマニア,4b,プラチナ,,,,,,,,,,シンオウ地方,バトルフロンティア,10,,
2758,クフ,いせきマニア,4b,プラチナ,,,,,,,,,,シンオウ地方,バトルフロンティア,10,,
2759,リシャール,ポケモンコレクター,4b,プラチナ,,,,,,,,,,シンオウ地方,バトルフロンティア,10,,
2760,デカダンス,ポケモンコレクター,4b,プラチナ,,,,,,,,,,シンオウ地方,バトルフロンティア,10,,
2761,ブリジット,パラソルおねえさん,4b,プラチナ,,,,,,,,,,シンオウ地方,バトルフロンティア,10,,
2762,ブランシュ,パラソルおねえさん,4b,プラチナ,,,,,,,,,,シンオウ地方,バトルフロンティア,10,,
2763,コレット,パラソルおねえさん,4b,プラチナ,,,,,,,,,,シンオウ地方,バトルフロンティア,10,,
2764,オウメ,おとなのおねえさん,4b,プラチナ,,,,,,,FRLG_onesan.PNG,,,シンオウ地方,バトルフロンティア,10,,
2765,オタケ,おとなのおねえさん,4b,プラチナ,,,,,,,FRLG_onesan.PNG,,,シンオウ地方,バトルフロンティア,10,,
2766,オマツ,おとなのおねえさん,4b,プラチナ,,,,,,,FRLG_onesan.PNG,,,シンオウ地方,バトルフロンティア,10,,
2767,リュウゼン,アロマなおねえさん,4b,プラチナ,,,,,,,,,,シンオウ地方,バトルフロンティア,10,,
2768,ジャコウ,アロマなおねえさん,4b,プラチナ,,,,,,,,,,シンオウ地方,バトルフロンティア,10,,
2769,キャラ,アロマなおねえさん,4b,プラチナ,,,,,,,,,,シンオウ地方,バトルフロンティア,10,,
2770,バーニー,ギタリスト,4b,プラチナ,,,,,,,02_guitarist.PNG,,,シンオウ地方,バトルフロンティア,10,,
2771,カーティス,ギタリスト,4b,プラチナ,,,,,,,02_guitarist.PNG,,,シンオウ地方,バトルフロンティア,10,,
2772,ナラシバ,とりつかい,4b,プラチナ,,,,,,,,,,シンオウ地方,バトルフロンティア,10,,
2773,ニッタ,とりつかい,4b,プラチナ,,,,,,,,,,シンオウ地方,バトルフロンティア,10,,
2774,ハツハナ,とりつかい,4b,プラチナ,,,,,,,,,,シンオウ地方,バトルフロンティア,10,,
2775,ヨヘイ,ふなのり,4b,プラチナ,,,,,,,,,,シンオウ地方,バトルフロンティア,10,,
2776,ゴサク,ふなのり,4b,プラチナ,,,,,,,,,,シンオウ地方,バトルフロンティア,10,,
2777,アマギ,やまおとこ,4b,プラチナ,,,,,,,,,,シンオウ地方,バトルフロンティア,10,,
2778,ヤツガ,やまおとこ,4b,プラチナ,,,,,,,,,,シンオウ地方,バトルフロンティア,10,,
2779,アドアド,アイドル,4b,プラチナ,,,,,,,,,,シンオウ地方,バトルフロンティア,10,,
2780,アニー,アイドル,4b,プラチナ,,,,,,,,,,シンオウ地方,バトルフロンティア,10,,
2781,ツボネ,アイドル,4b,プラチナ,,,,,,,,,,シンオウ地方,バトルフロンティア,10,,
2782,スレッド,ジョギング,4b,プラチナ,,,,,,,,,,シンオウ地方,バトルフロンティア,10,,
2783,バイト,ジョギング,4b,プラチナ,,,,,,,,,,シンオウ地方,バトルフロンティア,10,,
2784,ネジ,さぎょういん,4b,プラチナ,,,,,,,,,,シンオウ地方,バトルフロンティア,10,,
2785,ナグリ,さぎょういん,4b,プラチナ,,,,,,,,,,シンオウ地方,バトルフロンティア,10,,
2786,カサエル,ぼくじょうおじさん,4b,プラチナ,,,,,,,,,,シンオウ地方,バトルフロンティア,10,,
2787,ゴエモン,ぼくじょうおじさん,4b,プラチナ,,,,,,,,,,シンオウ地方,バトルフロンティア,10,,
2788,ボナパルト,ぼくじょうおじさん,4b,プラチナ,,,,,,,,,,シンオウ地方,バトルフロンティア,10,,
2789,オトラ,カウガール,4b,プラチナ,,,,,,,,,,シンオウ地方,バトルフロンティア,10,,
2790,ペイズリー,カウガール,4b,プラチナ,,,,,,,,,,シンオウ地方,バトルフロンティア,10,,
2791,レベッカ,カウガール,4b,プラチナ,,,,,,,,,,シンオウ地方,バトルフロンティア,10,,
2792,ドナルド,カメラマン,4b,プラチナ,,,,,,,,,,シンオウ地方,バトルフロンティア,10,,
2793,キンゴ,カメラマン,4b,プラチナ,,,,,,,,,,シンオウ地方,バトルフロンティア,10,,
2794,ハムレット,カメラマン,4b,プラチナ,,,,,,,,,,シンオウ地方,バトルフロンティア,10,,
2795,チェック,レポーター,4b,プラチナ,,,,,,,,,,シンオウ地方,バトルフロンティア,10,,
2796,マーブル,レポーター,4b,プラチナ,,,,,,,,,,シンオウ地方,バトルフロンティア,10,,
2797,ギンガム,レポーター,4b,プラチナ,,,,,,,,,,シンオウ地方,バトルフロンティア,10,,
2798,ガスパール,サイクリング,4b,プラチナ,,,,,,,,m,,シンオウ地方,バトルフロンティア,10,,
2799,イグナシオ,サイクリング,4b,プラチナ,,,,,,,,m,,シンオウ地方,バトルフロンティア,10,,
2800,ステム,サイクリング,4b,プラチナ,,,,,,,,f,,シンオウ地方,バトルフロンティア,10,,
2801,クランク,サイクリング,4b,プラチナ,,,,,,,,f,,シンオウ地方,バトルフロンティア,10,,
2802,ポンスケ,からておう,4b,プラチナ,,,,,,,,,,シンオウ地方,バトルフロンティア,10,,
2803,サンスケ,からておう,4b,プラチナ,,,,,,,,,,シンオウ地方,バトルフロンティア,10,,
2804,コッパ,バトルガール,4b,プラチナ,,,,,,,,,,シンオウ地方,バトルフロンティア,10,,
2805,ミジン,バトルガール,4b,プラチナ,,,,,,,,,,シンオウ地方,バトルフロンティア,10,,
2806,チョウコツ,からておう,4b,プラチナ,,,,,,,,,,シンオウ地方,バトルフロンティア,10,,
2807,ソウボウ,からておう,4b,プラチナ,,,,,,,,,,シンオウ地方,バトルフロンティア,10,,
2808,ショウエン,からておう,4b,プラチナ,,,,,,,,,,シンオウ地方,バトルフロンティア,10,,
2809,コウガ,バトルガール,4b,プラチナ,,,,,,,,,,シンオウ地方,バトルフロンティア,10,,
2810,アマゾン,バトルガール,4b,プラチナ,,,,,,,,,,シンオウ地方,バトルフロンティア,10,,
2811,ビーナス,バトルガール,4b,プラチナ,,,,,,,,,,シンオウ地方,バトルフロンティア,10,,
2812,ベック,ベテラントレーナー,4b,プラチナ,,,,,,,,,,シンオウ地方,バトルフロンティア,10,,
2813,エリック,ベテラントレーナー,4b,プラチナ,,,,,,,,,,シンオウ地方,バトルフロンティア,10,,
2814,ペイジ,ベテラントレーナー,4b,プラチナ,,,,,,,,,,シンオウ地方,バトルフロンティア,10,,
2815,バーバレラ,マダム,4b,プラチナ,,,,,,,,,,シンオウ地方,バトルフロンティア,10,,
2816,イザベル,マダム,4b,プラチナ,,,,,,,,,,シンオウ地方,バトルフロンティア,10,,
2817,カルメン,マダム,4b,プラチナ,,,,,,,,,,シンオウ地方,バトルフロンティア,10,,
2818,アルパ,サイキッカー,4b,プラチナ,,,,,,,02_psychic.PNG,m,,シンオウ地方,バトルフロンティア,10,,
2819,ベータ,サイキッカー,4b,プラチナ,,,,,,,02_psychic.PNG,m,,シンオウ地方,バトルフロンティア,10,,
2820,ガンマ,サイキッカー,4b,プラチナ,,,,,,,02_psychic.PNG,m,,シンオウ地方,バトルフロンティア,10,,
2821,ホヅミ,サイキッカー,4b,プラチナ,,,,,,,03_psychic_f.PNG,f,,シンオウ地方,バトルフロンティア,10,,
2822,カヅコ,サイキッカー,4b,プラチナ,,,,,,,03_psychic_f.PNG,f,,シンオウ地方,バトルフロンティア,10,,
2823,シヅ,サイキッカー,4b,プラチナ,,,,,,,03_psychic_f.PNG,f,,シンオウ地方,バトルフロンティア,10,,
2824,ドンペイ,ポケモンブリーダー,4b,プラチナ,,,,,,,,m,,シンオウ地方,バトルフロンティア,10,,
2825,チンペイ,ポケモンブリーダー,4b,プラチナ,,,,,,,,m,,シンオウ地方,バトルフロンティア,10,,
2826,カンペイ,ポケモンブリーダー,4b,プラチナ,,,,,,,,m,,シンオウ地方,バトルフロンティア,10,,
2827,アドリアナ,ポケモンブリーダー,4b,プラチナ,,,,,,,,f,,シンオウ地方,バトルフロンティア,10,,
2828,ソーニャ,ポケモンブリーダー,4b,プラチナ,,,,,,,,f,,シンオウ地方,バトルフロンティア,10,,
2829,タチヤーナ,ポケモンブリーダー,4b,プラチナ,,,,,,,,f,,シンオウ地方,バトルフロンティア,10,,
2830,ザンクロウ,ジェントルマン,4b,プラチナ,,,,,,,,,,シンオウ地方,バトルフロンティア,10,,
2831,ヘルムート,ジェントルマン,4b,プラチナ,,,,,,,,,,シンオウ地方,バトルフロンティア,10,,
2832,ロダン,スキンヘッズ,4b,プラチナ,,,,,,,,,,シンオウ地方,バトルフロンティア,10,,
2833,リルケ,スキンヘッズ,4b,プラチナ,,,,,,,,,,シンオウ地方,バトルフロンティア,10,,
2834,フーコー,けんきゅういん,4b,プラチナ,,,,,,,FRLG_kenkyu.PNG,m,,シンオウ地方,バトルフロンティア,10,,
2835,スキナー,けんきゅういん,4b,プラチナ,,,,,,,FRLG_kenkyu.PNG,m,,シンオウ地方,バトルフロンティア,10,,
2836,シジャク,ピエロ,4b,プラチナ,,,,,,,,,,シンオウ地方,バトルフロンティア,10,,
2837,エンショウ,ピエロ,4b,プラチナ,,,,,,,,,,シンオウ地方,バトルフロンティア,10,,
2838,ストク,エリートトレーナー,4b,プラチナ,,,,,,,04_elite_m.PNG,m,,シンオウ地方,バトルフロンティア,10,,
2839,マサカド,エリートトレーナー,4b,プラチナ,,,,,,,04_elite_m.PNG,m,,シンオウ地方,バトルフロンティア,10,,
2840,ミチザネ,エリートトレーナー,4b,プラチナ,,,,,,,04_elite_m.PNG,m,,シンオウ地方,バトルフロンティア,10,,
2841,キム,エリートトレーナー,4b,プラチナ,,,,,,,04_elite_f.PNG,f,,シンオウ地方,バトルフロンティア,10,,
2842,ヤン,エリートトレーナー,4b,プラチナ,,,,,,,04_elite_f.PNG,f,,シンオウ地方,バトルフロンティア,10,,
2843,パク,エリートトレーナー,4b,プラチナ,,,,,,,04_elite_f.PNG,f,,シンオウ地方,バトルフロンティア,10,,
2844,ダーク,ポケモンレンジャー,4b,プラチナ,,,,,,,,m,,シンオウ地方,バトルフロンティア,10,,
2845,デューク,ポケモンレンジャー,4b,プラチナ,,,,,,,,m,,シンオウ地方,バトルフロンティア,10,,
2846,ボニー,ポケモンレンジャー,4b,プラチナ,,,,,,,,m,,シンオウ地方,バトルフロンティア,10,,
2847,ガブリエラ,ポケモンレンジャー,4b,プラチナ,,,,,,,,f,,シンオウ地方,バトルフロンティア,10,,
2848,メルセデス,ポケモンレンジャー,4b,プラチナ,,,,,,,,f,,シンオウ地方,バトルフロンティア,10,,
2849,エビータ,ポケモンレンジャー,4b,プラチナ,,,,,,,,f,,シンオウ地方,バトルフロンティア,10,,
2850,アリババ,ドラゴンつかい,4b,プラチナ,,,,,,,,,,シンオウ地方,バトルフロンティア,10,,
2851,アブドゥル,ドラゴンつかい,4b,プラチナ,,,,,,,,,,シンオウ地方,バトルフロンティア,10,,
2852,バルザーン,ドラゴンつかい,4b,プラチナ,,,,,,,,,,シンオウ地方,バトルフロンティア,10,,
2853,チンネン,ドラゴンつかい,4b,プラチナ,,,,,,,,,,シンオウ地方,バトルフロンティア,10,,
2854,ゴロベエ,エリートトレーナー,4b,プラチナ,,,,,,,04s_elite_m.PNG,sm,,シンオウ地方,バトルフロンティア,10,,
2855,シチロウジ,エリートトレーナー,4b,プラチナ,,,,,,,04s_elite_m.PNG,sm,,シンオウ地方,バトルフロンティア,10,,
2856,ガリュウ,エリートトレーナー,4b,プラチナ,,,,,,,04s_elite_f.PNG,sf,,シンオウ地方,バトルフロンティア,10,,
2857,ホウスウ,エリートトレーナー,4b,プラチナ,,,,,,,04s_elite_f.PNG,sf,,シンオウ地方,バトルフロンティア,10,,
2858,タックン,たんパンこぞう,4b,プラチナ,,,,,,,02_tanpan.PNG,,,シンオウ地方,バトルフロンティア,10,,
2859,ナックン,たんパンこぞう,4b,プラチナ,,,,,,,02_tanpan.PNG,,,シンオウ地方,バトルフロンティア,10,,
2860,フランソワ,ミニスカート,4b,プラチナ,,,,,,,04_minisuka.PNG,,,シンオウ地方,バトルフロンティア,10,,
2861,ハサン,ミニスカート,4b,プラチナ,,,,,,,04_minisuka.PNG,,,シンオウ地方,バトルフロンティア,10,,
2862,ネオン,じゅくがえり,4b,プラチナ,,,,,,,04_jukugaeri_m.PNG,m,,シンオウ地方,バトルフロンティア,10,,
2863,モリブデン,じゅくがえり,4b,プラチナ,,,,,,,04_jukugaeri_m.PNG,m,,シンオウ地方,バトルフロンティア,10,,
2864,セリーヌ,じゅくがえり,4b,プラチナ,,,,,,,04_jukugaeri_f.PNG,f,,シンオウ地方,バトルフロンティア,10,,
2865,ゲラン,じゅくがえり,4b,プラチナ,,,,,,,04_jukugaeri_f.PNG,f,,シンオウ地方,バトルフロンティア,10,,
2866,ニクソン,おぼっちゃま,4b,プラチナ,,,,,,,05_obottyama.PNG,,,シンオウ地方,バトルフロンティア,10,,
2867,ハリソン,おぼっちゃま,4b,プラチナ,,,,,,,05_obottyama.PNG,,,シンオウ地方,バトルフロンティア,10,,
2868,ユーロ,おじょうさま,4b,プラチナ,,,,,,,04_ojosama.PNG,,,シンオウ地方,バトルフロンティア,10,,
2869,エン,おじょうさま,4b,プラチナ,,,,,,,04_ojosama.PNG,,,シンオウ地方,バトルフロンティア,10,,
2870,カミーユ,むしとりしょうねん,4b,プラチナ,,,,,,,02_mushitori.PNG,,,シンオウ地方,バトルフロンティア,10,,
2871,イゾウ,むしとりしょうねん,4b,プラチナ,,,,,,,02_mushitori.PNG,,,シンオウ地方,バトルフロンティア,10,,
2872,ウカガミ,にんじゃごっこ,4b,プラチナ,,,,,,,,,,シンオウ地方,バトルフロンティア,10,,
2873,ノキザル,にんじゃごっこ,4b,プラチナ,,,,,,,,,,シンオウ地方,バトルフロンティア,10,,
2874,ドウセツ,ポケモンごっこ,4b,プラチナ,,,,,,,,,,シンオウ地方,バトルフロンティア,10,,
2875,アテルイ,ポケモンごっこ,4b,プラチナ,,,,,,,,,,シンオウ地方,バトルフロンティア,10,,
2876,ナヨギク,アイドル,4b,プラチナ,,,,,,,,,,シンオウ地方,バトルフロンティア,10,,
2877,ヒグラシ,アイドル,4b,プラチナ,,,,,,,,,,シンオウ地方,バトルフロンティア,10,,
2878,コード,ジョギング,4b,プラチナ,,,,,,,,,,シンオウ地方,バトルフロンティア,10,,
2879,ビット,ジョギング,4b,プラチナ,,,,,,,,,,シンオウ地方,バトルフロンティア,10,,
2880,ホウサイ,つりびと,4b,プラチナ,,,,,,,,,,シンオウ地方,バトルフロンティア,10,,
2881,ブソン,つりびと,4b,プラチナ,,,,,,,,,,シンオウ地方,バトルフロンティア,10,,
2882,カフラー,いせきマニア,4b,プラチナ,,,,,,,,,,シンオウ地方,バトルフロンティア,10,,
2883,ホルス,いせきマニア,4b,プラチナ,,,,,,,,,,シンオウ地方,バトルフロンティア,10,,
2884,スタローン,ポケモンコレクター,4b,プラチナ,,,,,,,,,,シンオウ地方,バトルフロンティア,10,,
2885,シャルル,ポケモンコレクター,4b,プラチナ,,,,,,,,,,シンオウ地方,バトルフロンティア,10,,
2886,フェリーニ,ギタリスト,4b,プラチナ,,,,,,,02_guitarist.PNG,,,シンオウ地方,バトルフロンティア,10,,
2887,チェーザレ,ギタリスト,4b,プラチナ,,,,,,,02_guitarist.PNG,,,シンオウ地方,バトルフロンティア,10,,
2888,テレメトリ,とりつかい,4b,プラチナ,,,,,,,,,,シンオウ地方,バトルフロンティア,10,,
2889,レンジング,とりつかい,4b,プラチナ,,,,,,,,,,シンオウ地方,バトルフロンティア,10,,
2890,カスピ,ふなのり,4b,プラチナ,,,,,,,,,,シンオウ地方,バトルフロンティア,10,,
2891,エーゲ,ふなのり,4b,プラチナ,,,,,,,,,,シンオウ地方,バトルフロンティア,10,,
2892,モンブラン,やまおとこ,4b,プラチナ,,,,,,,,,,シンオウ地方,バトルフロンティア,10,,
2893,ロッキー,やまおとこ,4b,プラチナ,,,,,,,,,,シンオウ地方,バトルフロンティア,10,,
2894,エルク,おまわりさん,4b,プラチナ,,,,,,,,,,シンオウ地方,バトルフロンティア,10,,
2895,ホーク,おまわりさん,4b,プラチナ,,,,,,,,,,シンオウ地方,バトルフロンティア,10,,
2896,ノワール,ギャンブラー,4b,プラチナ,,,,,,,,,,シンオウ地方,バトルフロンティア,10,,
2897,ルージュ,ギャンブラー,4b,プラチナ,,,,,,,,,,シンオウ地方,バトルフロンティア,10,,
2898,ランタン,キャンプボーイ,4b,プラチナ,,,,,,,02_campboy.PNG,,,シンオウ地方,バトルフロンティア,10,,
2899,ビスマス,キャンプボーイ,4b,プラチナ,,,,,,,02_campboy.PNG,,,シンオウ地方,バトルフロンティア,10,,
2900,インガ,ピクニックガール,4b,プラチナ,,,,,,,02_picnicgirl.PNG,,,シンオウ地方,バトルフロンティア,10,,
2901,ターニャ,ピクニックガール,4b,プラチナ,,,,,,,02_picnicgirl.PNG,,,シンオウ地方,バトルフロンティア,10,,
2902,クワン,ギタリスト,4b,プラチナ,,,,,,,02_guitarist.PNG,,,シンオウ地方,バトルフロンティア,10,,
2903,モンクット,ギタリスト,4b,プラチナ,,,,,,,02_guitarist.PNG,,,シンオウ地方,バトルフロンティア,10,,
2904,モポ,アイドル,4b,プラチナ,,,,,,,,,,シンオウ地方,バトルフロンティア,10,,
2905,ヘレネ,アイドル,4b,プラチナ,,,,,,,,,,シンオウ地方,バトルフロンティア,10,,
2906,コロ,だいすきクラブ,4b,プラチナ,,,,,,,02_daisukiclub.PNG,m,,シンオウ地方,バトルフロンティア,10,,
2907,ウデモノ,だいすきクラブ,4b,プラチナ,,,,,,,02_daisukiclub.PNG,m,,シンオウ地方,バトルフロンティア,10,,
2908,エウロパ,だいすきクラブ,4b,プラチナ,,,,,,,02_daisukiclub_f.PNG,f,,シンオウ地方,バトルフロンティア,10,,
2909,パンドラ,だいすきクラブ,4b,プラチナ,,,,,,,02_daisukiclub_f.PNG,f,,シンオウ地方,バトルフロンティア,10,,
2910,ジムジロウ,ぼくじょうおじさん,4b,プラチナ,,,,,,,,,,シンオウ地方,バトルフロンティア,10,,
2911,ボブノスケ,ぼくじょうおじさん,4b,プラチナ,,,,,,,,,,シンオウ地方,バトルフロンティア,10,,
2912,アシュレイ,カウガール,4b,プラチナ,,,,,,,,,,シンオウ地方,バトルフロンティア,10,,
2913,ジンジャー,カウガール,4b,プラチナ,,,,,,,,,,シンオウ地方,バトルフロンティア,10,,
2914,ピーター,ポケモンブリーダー,4b,プラチナ,,,,,,,,m,,シンオウ地方,バトルフロンティア,10,,
2915,ヒデロウ,ポケモンブリーダー,4b,プラチナ,,,,,,,,m,,シンオウ地方,バトルフロンティア,10,,
2916,ゾーヤ,ポケモンブリーダー,4b,プラチナ,,,,,,,,f,,シンオウ地方,バトルフロンティア,10,,
2917,アントニナ,ポケモンブリーダー,4b,プラチナ,,,,,,,,f,,シンオウ地方,バトルフロンティア,10,,
2918,ゴウジン,エリートトレーナー,4b,プラチナ,,,,,,,04_elite_m.PNG,m,,シンオウ地方,バトルフロンティア,10,,
2919,トウジロウ,エリートトレーナー,4b,プラチナ,,,,,,,04_elite_m.PNG,m,,シンオウ地方,バトルフロンティア,10,,
2920,クロエ,エリートトレーナー,4b,プラチナ,,,,,,,04_elite_f.PNG,f,,シンオウ地方,バトルフロンティア,10,,
2921,ダフニス,エリートトレーナー,4b,プラチナ,,,,,,,04_elite_f.PNG,f,,シンオウ地方,バトルフロンティア,10,,
2922,キュウゾウ,エリートトレーナー,4b,プラチナ,,,,,,,04s_elite_m.PNG,sm,,シンオウ地方,バトルフロンティア,10,,
2923,ピアジェ,エリートトレーナー,4b,プラチナ,,,,,,,04s_elite_m.PNG,sm,,シンオウ地方,バトルフロンティア,10,,
2924,ショパール,エリートトレーナー,4b,プラチナ,,,,,,,04s_elite_f.PNG,sf,,シンオウ地方,バトルフロンティア,10,,
2925,ロンジン,エリートトレーナー,4b,プラチナ,,,,,,,04s_elite_f.PNG,sf,,シンオウ地方,バトルフロンティア,10,,
2926,スケロウ,ポケモンレンジャー,4b,プラチナ,,,,,,,,m,,シンオウ地方,バトルフロンティア,10,,
2927,スケキヨ,ポケモンレンジャー,4b,プラチナ,,,,,,,,m,,シンオウ地方,バトルフロンティア,10,,
2928,ピリカ,ポケモンレンジャー,4b,プラチナ,,,,,,,,f,,シンオウ地方,バトルフロンティア,10,,
2929,チュチュ,ポケモンレンジャー,4b,プラチナ,,,,,,,,f,,シンオウ地方,バトルフロンティア,10,,
2930,デンカ,ドラゴンつかい,4b,プラチナ,,,,,,,,,,シンオウ地方,バトルフロンティア,10,,
2931,カンベエ,ドラゴンつかい,4b,プラチナ,,,,,,,,,,シンオウ地方,バトルフロンティア,10,,
2932,ナイフク,からておう,4b,プラチナ,,,,,,,,,,シンオウ地方,バトルフロンティア,10,,
2933,ダイデン,からておう,4b,プラチナ,,,,,,,,,,シンオウ地方,バトルフロンティア,10,,
2934,イブ,バトルガール,4b,プラチナ,,,,,,,,,,シンオウ地方,バトルフロンティア,10,,
2935,マリアンヌ,バトルガール,4b,プラチナ,,,,,,,,,,シンオウ地方,バトルフロンティア,10,,
2936,ガッショウ,ベテラントレーナー,4b,プラチナ,,,,,,,,,,シンオウ地方,バトルフロンティア,10,,
2937,レイハイ,ベテラントレーナー,4b,プラチナ,,,,,,,,,,シンオウ地方,バトルフロンティア,10,,
2938,クララベル,マダム,4b,プラチナ,,,,,,,,,,シンオウ地方,バトルフロンティア,10,,
2939,エマニエル,マダム,4b,プラチナ,,,,,,,,,,シンオウ地方,バトルフロンティア,10,,
2940,ペル,サイキッカー,4b,プラチナ,,,,,,,02_psychic.PNG,m,,シンオウ地方,バトルフロンティア,10,,
2941,モモヒコ,サイキッカー,4b,プラチナ,,,,,,,02_psychic.PNG,m,,シンオウ地方,バトルフロンティア,10,,
2942,カシワ,サイキッカー,4b,プラチナ,,,,,,,03_psychic_f.PNG,f,,シンオウ地方,バトルフロンティア,10,,
2943,サツマ,サイキッカー,4b,プラチナ,,,,,,,03_psychic_f.PNG,f,,シンオウ地方,バトルフロンティア,10,,
2944,タネ,ウエーター,4b,プラチナ,,,,,,,,,,シンオウ地方,バトルフロンティア,10,,
2945,アガリ,ウエーター,4b,プラチナ,,,,,,,,,,シンオウ地方,バトルフロンティア,10,,
2946,ディアボロ,ウエートレス,4b,プラチナ,,,,,,,,,,シンオウ地方,バトルフロンティア,10,,
2947,サンレイ,ウエートレス,4b,プラチナ,,,,,,,,,,シンオウ地方,バトルフロンティア,10,,
2948,ジンパチ,カメラマン,4b,プラチナ,,,,,,,,,,シンオウ地方,バトルフロンティア,10,,
2949,ワカ,カメラマン,4b,プラチナ,,,,,,,,,,シンオウ地方,バトルフロンティア,10,,
2950,ハンゲツ,レポーター,4b,プラチナ,,,,,,,,,,シンオウ地方,バトルフロンティア,10,,
2951,マンゲツ,レポーター,4b,プラチナ,,,,,,,,,,シンオウ地方,バトルフロンティア,10,,
2952,ヨアキン,サイクリング,4b,プラチナ,,,,,,,,m,,シンオウ地方,バトルフロンティア,10,,
2953,モンジロウ,サイクリング,4b,プラチナ,,,,,,,,m,,シンオウ地方,バトルフロンティア,10,,
2954,フレーム,サイクリング,4b,プラチナ,,,,,,,,f,,シンオウ地方,バトルフロンティア,10,,
2955,スポーク,サイクリング,4b,プラチナ,,,,,,,,f,,シンオウ地方,バトルフロンティア,10,,
2956,ルーテー,ギャンブラー,4b,プラチナ,,,,,,,,,,シンオウ地方,バトルフロンティア,10,,
2957,ルバロン,ギャンブラー,4b,プラチナ,,,,,,,,,,シンオウ地方,バトルフロンティア,10,,
2958,シルル,アイドル,4b,プラチナ,,,,,,,,,,シンオウ地方,バトルフロンティア,10,,
2959,デボン,アイドル,4b,プラチナ,,,,,,,,,,シンオウ地方,バトルフロンティア,10,,
2960,アキレス,ジョギング,4b,プラチナ,,,,,,,,,,シンオウ地方,バトルフロンティア,10,,
2961,ジンタイ,ジョギング,4b,プラチナ,,,,,,,,,,シンオウ地方,バトルフロンティア,10,,
2962,アレックス,つりびと,4b,プラチナ,,,,,,,,,,シンオウ地方,バトルフロンティア,10,,
2963,ゴンザレス,つりびと,4b,プラチナ,,,,,,,,,,シンオウ地方,バトルフロンティア,10,,
2964,マリアナ,ふなのり,4b,プラチナ,,,,,,,,,,シンオウ地方,バトルフロンティア,10,,
2965,トンガ,ふなのり,4b,プラチナ,,,,,,,,,,シンオウ地方,バトルフロンティア,10,,
2966,ヒカゲ,やまおとこ,4b,プラチナ,,,,,,,,,,シンオウ地方,バトルフロンティア,10,,
2967,ゲンゴロウ,やまおとこ,4b,プラチナ,,,,,,,,,,シンオウ地方,バトルフロンティア,10,,
2968,トトメス,いせきマニア,4b,プラチナ,,,,,,,,,,シンオウ地方,バトルフロンティア,10,,
2969,ペル・アア,いせきマニア,4b,プラチナ,,,,,,,,,,シンオウ地方,バトルフロンティア,10,,
2970,レゾナンス,ギタリスト,4b,プラチナ,,,,,,,02_guitarist.PNG,,,シンオウ地方,バトルフロンティア,10,,
2971,カタバチ,ギタリスト,4b,プラチナ,,,,,,,02_guitarist.PNG,,,シンオウ地方,バトルフロンティア,10,,
2972,リー,ポケモンコレクター,4b,プラチナ,,,,,,,,,,シンオウ地方,バトルフロンティア,10,,
2973,ニューマン,ポケモンコレクター,4b,プラチナ,,,,,,,,,,シンオウ地方,バトルフロンティア,10,,
2974,ロウシ,スキンヘッズ,4b,プラチナ,,,,,,,,,,シンオウ地方,バトルフロンティア,10,,
2975,コウシ,スキンヘッズ,4b,プラチナ,,,,,,,,,,シンオウ地方,バトルフロンティア,10,,
2976,ゲンナイ,けんきゅういん,4b,プラチナ,,,,,,,FRLG_kenkyu.PNG,m,,シンオウ地方,バトルフロンティア,10,,
2977,ダーウィン,けんきゅういん,4b,プラチナ,,,,,,,FRLG_kenkyu.PNG,m,,シンオウ地方,バトルフロンティア,10,,
2978,ヨアヒム,ジェントルマン,4b,プラチナ,,,,,,,,,,シンオウ地方,バトルフロンティア,10,,
2979,ローレンツ,ジェントルマン,4b,プラチナ,,,,,,,,,,シンオウ地方,バトルフロンティア,10,,
2980,バイス,さぎょういん,4b,プラチナ,,,,,,,,,,シンオウ地方,バトルフロンティア,10,,
2981,カモイ,さぎょういん,4b,プラチナ,,,,,,,,,,シンオウ地方,バトルフロンティア,10,,
2982,ブンシ,ピエロ,4b,プラチナ,,,,,,,,,,シンオウ地方,バトルフロンティア,10,,
2983,エンゾウ,ピエロ,4b,プラチナ,,,,,,,,,,シンオウ地方,バトルフロンティア,10,,
2984,マンソン,おまわりさん,4b,プラチナ,,,,,,,,,,シンオウ地方,バトルフロンティア,10,,
2985,シンエモン,おまわりさん,4b,プラチナ,,,,,,,,,,シンオウ地方,バトルフロンティア,10,,
2986,ヘル,ギャンブラー,4b,プラチナ,,,,,,,,,,シンオウ地方,バトルフロンティア,10,,
2987,ジゴロウ,ギャンブラー,4b,プラチナ,,,,,,,,,,シンオウ地方,バトルフロンティア,10,,
2988,セキラン,とりつかい,4b,プラチナ,,,,,,,,,,シンオウ地方,バトルフロンティア,10,,
2989,ニュウドウ,とりつかい,4b,プラチナ,,,,,,,,,,シンオウ地方,バトルフロンティア,10,,
2990,ヒサメ,パラソルおねえさん,4b,プラチナ,,,,,,,,,,シンオウ地方,バトルフロンティア,10,,
2991,サミダレ,パラソルおねえさん,4b,プラチナ,,,,,,,,,,シンオウ地方,バトルフロンティア,10,,
2992,ウブメ,おとなのおねえさん,4b,プラチナ,,,,,,,FRLG_onesan.PNG,,,シンオウ地方,バトルフロンティア,10,,
2993,オイワ,おとなのおねえさん,4b,プラチナ,,,,,,,FRLG_onesan.PNG,,,シンオウ地方,バトルフロンティア,10,,
2994,キビヤック,アロマなおねえさん,4b,プラチナ,,,,,,,,,,シンオウ地方,バトルフロンティア,10,,
2995,ホンオフェ,アロマなおねえさん,4b,プラチナ,,,,,,,,,,シンオウ地方,バトルフロンティア,10,,
2996,ショコラ,アイドル,4b,プラチナ,,,,,,,,,,シンオウ地方,バトルフロンティア,10,,
2997,ロア,アイドル,4b,プラチナ,,,,,,,,,,シンオウ地方,バトルフロンティア,10,,
2998,ヒデオ,はぐれけんきゅういん,pv,Let's go!ピカチュウ・Let's go!イーブイ,エレブー,,,,,,02_kenkyu.PNG,,2100円,カントー地方,シルフカンパニー,18,,
2999,ユズル,はぐれけんきゅういん,pv,Let's go!ピカチュウ・Let's go!イーブイ,マタドガス,,,,,,02_kenkyu.PNG,,2100円,カントー地方,シルフカンパニー,18,,
3000,トモノリ,はぐれけんきゅういん,pv,Let's go!ピカチュウ・Let's go!イーブイ,ベトベター,ブーバー,,,,,02_kenkyu.PNG,,2100円,カントー地方,シルフカンパニー,18,,
3001,マサヒロ,はぐれけんきゅういん,pv,Let's go!ピカチュウ・Let's go!イーブイ,ベトベター,ブーバー,,,,,02_kenkyu.PNG,,2100円,カントー地方,シルフカンパニー,18,,
3002,カズユキ,はぐれけんきゅういん,pv,Let's go!ピカチュウ・Let's go!イーブイ,ベトベトン,,,,,,02_kenkyu.PNG,,2100円,カントー地方,シルフカンパニー,18,,
3003,ソウスケ,はぐれけんきゅういん,pv,Let's go!ピカチュウ・Let's go!イーブイ,コイル,コイル,ブーバー,,,,02_kenkyu.PNG,,2100円,カントー地方,シルフカンパニー,18,,
3004,シュウイチ,はぐれけんきゅういん,pv,Let's go!ピカチュウ・Let's go!イーブイ,ドガース,レアコイル,,,,,02_kenkyu.PNG,,2100円,カントー地方,シルフカンパニー,18,,
3005,ヒデキ,はぐれけんきゅういん,pv,Let's go!ピカチュウ・Let's go!イーブイ,マルマイン,ポリゴン,,,,,02_kenkyu.PNG,,2100円,カントー地方,シルフカンパニー,18,,
3006,スグル,はぐれけんきゅういん,pv,Let's go!ピカチュウ・Let's go!イーブイ,マタドガス,エレブー,マルマイン,,,,02_kenkyu.PNG,,2100円,カントー地方,シルフカンパニー,18,,
3007,ヨシヤ,はぐれけんきゅういん,pv,Let's go!ピカチュウ・Let's go!イーブイ,ベトベター,ベトベトン,,,,,02_kenkyu.PNG,,2100円,カントー地方,シルフカンパニー,18,,
3008,アオバ,はぐれけんきゅういん,pv,Let's go!ピカチュウ・Let's go!イーブイ,マタドガス,レアコイル,ブーバー,,,,02_kenkyu.PNG,,2700円,カントー地方,ポケモンやしき,18,,
3009,ノブヒサ,はぐれけんきゅういん,pv,Let's go!ピカチュウ・Let's go!イーブイ,マルマイン,ベトベトン,,,,,02_kenkyu.PNG,,2700円,カントー地方,ポケモンやしき,18,,
3010,ヨシタカ,はぐれけんきゅういん,pv,Let's go!ピカチュウ・Let's go!イーブイ,エレブー,,,,,,02_kenkyu.PNG,,2700円,カントー地方,ポケモンやしき,18,,
3011,キヨシ,はぐれけんきゅういん,pv,Let's go!ピカチュウ・Let's go!イーブイ,アーボ,,,,,,02_kenkyu.PNG,,,カントー地方,4ばんどうろ,18,,
3012,ガク,はぐれけんきゅういん,pv,Let's go!ピカチュウ・Let's go!イーブイ,アーボック,,,,,,02_kenkyu.PNG,,,カントー地方,ロケットだんアジト,18,,
3013,トキオ,はぐれけんきゅういん,pv,Let's go!ピカチュウ・Let's go!イーブイ,ズバット,,,,,,02_kenkyu.PNG,,,カントー地方,イワヤマトンネル,18,,
3014,ノリマサ,はぐれけんきゅういん,pv,Let's go!ピカチュウ・Let's go!イーブイ,ゴルバット,,,,,,02_kenkyu.PNG,,,カントー地方,チャンピオンロード,18,,
3015,トクマ,はぐれけんきゅういん,pv,Let's go!ピカチュウ・Let's go!イーブイ,メノクラゲ,,,,,,02_kenkyu.PNG,,,カントー地方,20ばんすいどう,18,,
3016,フミヒト,はぐれけんきゅういん,pv,Let's go!ピカチュウ・Let's go!イーブイ,ドククラゲ,,,,,,02_kenkyu.PNG,,,カントー地方,20ばんすいどう,18,,
3017,ユウイチロウ,はぐれけんきゅういん,pv,Let's go!ピカチュウ・Let's go!イーブイ,コイル,,,,,,02_kenkyu.PNG,,,カントー地方,ちかつうろ,18,,
3018,ユウタ,はぐれけんきゅういん,pv,Let's go!ピカチュウ・Let's go!イーブイ,レアコイル,,,,,,02_kenkyu.PNG,,,カントー地方,ちかつうろ,18,,
3019,トシカツ,はぐれけんきゅういん,pv,Let's go!ピカチュウ・Let's go!イーブイ,ベトベター,,,,,,02_kenkyu.PNG,,,カントー地方,タマムシシティ,18,,
3020,マサミ,はぐれけんきゅういん,pv,Let's go!ピカチュウ・Let's go!イーブイ,ベトベトン,,,,,,02_kenkyu.PNG,,,カントー地方,ポケモンやしき,18,,
3021,ヒデヒコ,はぐれけんきゅういん,pv,Let's go!ピカチュウ・Let's go!イーブイ,ビリリダマ,,,,,,02_kenkyu.PNG,,,カントー地方,むじんはつでんしょ,18,,
3022,ケンジロウ,はぐれけんきゅういん,pv,Let's go!ピカチュウ・Let's go!イーブイ,マルマイン,,,,,,02_kenkyu.PNG,,,カントー地方,17ばんどうろ,18,,
3023,セイジロウ,はぐれけんきゅういん,pv,Let's go!ピカチュウ・Let's go!イーブイ,ドガース,,,,,,02_kenkyu.PNG,,,カントー地方,17ばんどうろ,18,,
3024,コウジ,はぐれけんきゅういん,pv,Let's go!ピカチュウ・Let's go!イーブイ,マタドガス,,,,,,02_kenkyu.PNG,,,カントー地方,ロケットだんアジト,18,,
3025,ハルカ,はぐれけんきゅういん,pv,Let's go!ピカチュウ・Let's go!イーブイ,エレブー,,,,,,02_kenkyu.PNG,,,カントー地方,10ばんどうろ,18,,
3026,シモン,はぐれけんきゅういん,pv,Let's go!ピカチュウ・Let's go!イーブイ,サンダース,,,,,,02_kenkyu.PNG,,,カントー地方,タマムシデパート,18,,
3027,ジュンイチ,はぐれけんきゅういん,pv,Let's go!ピカチュウ・Let's go!イーブイ,ポリゴン,,,,,,02_kenkyu.PNG,,,カントー地方,ロケットゲームコーナー,18,,
3028,ヒデオ,けんきゅういん,1c,ファイアレッド・リーフグリーン,コイル,ビリリダマ,レアコイル,,,,FRLG_kenkyu.PNG,,1344円,カントー地方,シルフカンパニー,7,,
3029,ユヅル,けんきゅういん,1c,ファイアレッド・リーフグリーン,ベトベター,マタドガス,ドガース,マタドガス,,,FRLG_kenkyu.PNG,,1248円,カントー地方,シルフカンパニー,7,,
3030,トモノリ,けんきゅういん,1c,ファイアレッド・リーフグリーン,マルマイン,マタドガス,,,,,FRLG_kenkyu.PNG,,1392円,カントー地方,シルフカンパニー,7,,
3031,マサヒロ,けんきゅういん,1c,ファイアレッド・リーフグリーン,マルマイン,,,,,,FRLG_kenkyu.PNG,,1584円,カントー地方,シルフカンパニー,7,,
3032,カズユキ,けんきゅういん,1c,ファイアレッド・リーフグリーン,レアコイル,ドガース,マタドガス,コイル,,,FRLG_kenkyu.PNG,,1248円,カントー地方,シルフカンパニー,7,,
3033,ソウスケ,けんきゅういん,1c,ファイアレッド・リーフグリーン,ビリリダマ,ドガース,レアコイル,コイル,ドガース,,FRLG_kenkyu.PNG,,1200円,カントー地方,シルフカンパニー,7,,
3034,シュウイチ,けんきゅういん,1c,ファイアレッド・リーフグリーン,マルマイン,ベトベトン,,,,,FRLG_kenkyu.PNG,,1392円,カントー地方,シルフカンパニー,7,,
3035,ヒデキ,けんきゅういん,1c,ファイアレッド・リーフグリーン,ベトベター,マルマイン,,,,,FRLG_kenkyu.PNG,,1392円,カントー地方,シルフカンパニー,7,,
3036,スグル,けんきゅういん,1c,ファイアレッド・リーフグリーン,ビリリダマ,ドガース,レアコイル,,,,FRLG_kenkyu.PNG,,1344円,カントー地方,シルフカンパニー,7,,
3037,ヨシヤ,けんきゅういん,1c,ファイアレッド・リーフグリーン,コイル,ドガース,,,,,FRLG_kenkyu.PNG,,1392円,カントー地方,シルフカンパニー,7,,
3038,アオバ,けんきゅういん,1c,ファイアレッド・リーフグリーン,コイル,レアコイル,ビリリダマ,,,,FRLG_kenkyu.PNG,,1584円,カントー地方,ポケモンやしき,7,,
3039,ノブヒサ,けんきゅういん,1c,ファイアレッド・リーフグリーン,マルマイン,マタドガス,,,,,FRLG_kenkyu.PNG,,1392円,カントー地方,ポケモンやしき,7,,
3040,ヨシタカ,けんきゅういん,1c,ファイアレッド・リーフグリーン,コイル,マルマイン,,,,,FRLG_kenkyu.PNG,,1632円,カントー地方,ポケモンやしき,7,,
3041,スミオ,けんきゅういん,1c,ファイアレッド・リーフグリーン,ビリリダマ,マルマイン,コイル,レアコイル,ポリゴン,,FRLG_kenkyu.PNG,,2208円,カントー地方,ロケットだんそうこ,7,,
3042,ミツオ,けんきゅういん,1c,ファイアレッド・リーフグリーン,マタドガス,ベトベトン,ゲンガー,ムウマ,クロバット,ゴースト,FRLG_kenkyu.PNG,,,カントー地方,トレーナータワー,7,,
3043,ツネオ,けんきゅういん,4,ダイヤモンド・パール,ユンゲラー,,,,,,FRLG_kenkyu.PNG,,720円,シンオウ地方,ギンガハクタイビル,9,,
3044,トシアキ,けんきゅういん,4,ダイヤモンド・パール,ケーシィ（ユンゲラー、フーディン）,ユンゲラー（フーディン）,,,,,FRLG_kenkyu.PNG,,912円,シンオウ地方,212ばんどうろ,9,,
3045,ツトム,けんきゅういん,4,ダイヤモンド・パール,ユンゲラー,,,,,,FRLG_kenkyu.PNG,,1008円,シンオウ地方,212ばんどうろ,9,,
3046,イタル,けんきゅういん,4,ダイヤモンド・パール,ユンゲラー,,,,,,FRLG_kenkyu.PNG,,1104円,シンオウ地方,レストランななつぼし,9,,
3047,シュウジ,けんきゅういん,4,ダイヤモンド・パール,ユンゲラー,ユンゲラー,,,,,FRLG_kenkyu.PNG,,1680円,シンオウ地方,ギンガだんアジト,9,,
3048,アズマ,けんきゅういん,4,ダイヤモンド・パール,ユンゲラー,,,,,,FRLG_kenkyu.PNG,,1776円,シンオウ地方,ギンガだんアジト,9,,
3049,サトミ,けんきゅういん,5,ブラック・ホワイト,ハーデリア,,,,,,05_kenkyu_f.PNG,,816円,イッシュ地方,シッポウジム,12,,
3050,ナオユキ,けんきゅういん,5,ブラック・ホワイト,ダンゴロ,,,,,,02_kenkyu.PNG,m,912円,イッシュ地方,バトルカンパニー,12,,
3051,アカリ,けんきゅういん,5,ブラック・ホワイト,ムンナ,,,,,,05_kenkyu_f.PNG,f,960円,イッシュ地方,バトルカンパニー,12,,
3052,スティーブ,けんきゅういん,5,ブラック・ホワイト,クルミル,,,,,,02_kenkyu.PNG,m,960円,イッシュ地方,バトルカンパニー,12,,
3053,アキヒト,けんきゅういん,5,ブラック・ホワイト,シキジカ,,,,,,02_kenkyu.PNG,,1296円,イッシュ地方,6ばんどうろ,12,,
3054,ロン,けんきゅういん,5,ブラック・ホワイト,シキジカ,,,,,,02_kenkyu.PNG,,1296円,イッシュ地方,6ばんどうろ,12,,
3055,マリア,けんきゅういん,5,ブラック・ホワイト,シキジカ,,,,,,05_kenkyu_f.PNG,,1296円,イッシュ地方,6ばんどうろ,12,,
3056,ナガアキ,けんきゅういん,5,ブラック・ホワイト,ギアル,,,,,,02_kenkyu.PNG,,1392円,イッシュ地方,でんきいしのほらあな,12,,
3057,ナオコ,けんきゅういん,5,ブラック・ホワイト,ギアル,,,,,,05_kenkyu_f.PNG,,1392円,イッシュ地方,でんきいしのほらあな,12,,
3058,トモフミ,けんきゅういん,5,ブラック・ホワイト,ギアル,,,,,,02_kenkyu.PNG,,1392円,イッシュ地方,でんきいしのほらあな,12,,
3059,ヤスオ,けんきゅういん,5,ブラック・ホワイト,ダストダス,,,,,,02_kenkyu.PNG,,1680円,イッシュ地方,P2ラボ,12,,
3060,ケンジ,けんきゅういん,5,ブラック・ホワイト,ギアル,ギギアル,,,,,02_kenkyu.PNG,,1632円,イッシュ地方,P2ラボ,12,,
3061,カズホ,けんきゅういん,5,ブラック・ホワイト,ジバコイル,,,,,,05_kenkyu_f.PNG,,2400円,イッシュ地方,ブラックシティ,12,,
3062,チエ,けんきゅういん,5,ブラック・ホワイト,モロバレル,アーボ,ハブネーク,ベトベター,,,05_kenkyu_f.PNG,,2976円,イッシュ地方,ビレッジブリッジ,12,,
3063,ガクジ,けんきゅういん,5,ブラック・ホワイト,スリープ,ムシャーナ,スリーパー,,,,02_kenkyu.PNG,,3024円,イッシュ地方,ゆめのあとち,12,,
3064,チャン,けんきゅういん,5,ブラック・ホワイト,ニョロゾ,パラセクト,ムシャーナ,,,,02_kenkyu.PNG,,3024円,イッシュ地方,ゆめのあとち,12,,
3065,サエコ,けんきゅういん,5,ブラック・ホワイト,プリン,ムシャーナ,,,,,05_kenkyu_f.PNG,,3072円,イッシュ地方,ゆめのあとち,12,,
3066,シンペイ,けんきゅういん,5,ブラック・ホワイト,ムシャーナ,オドシシ,,,,,02_kenkyu.PNG,,3072円,イッシュ地方,ゆめのあとち,12,,
3067,ヨシノリ,けんきゅういん,5,ブラック・ホワイト,スカンプー,ベトベトン,,,,,02_kenkyu.PNG,,3072円,イッシュ地方,ビッグスタジアム、リトルコート,12,,
3068,イクミ,けんきゅういん,5,ブラック・ホワイト,スコルピ,マルノーム,,,,,05_kenkyu_f.PNG,,3072円,イッシュ地方,ビッグスタジアム、リトルコート,12,,
3069,タカアキ,けんきゅういん,5b,ブラック2・ホワイト2,コイル,,,,,,02_kenkyu.PNG,,816円,イッシュ地方,ヒウンげすいどう,13,,
3070,ユウコ,けんきゅういん,5b,ブラック2・ホワイト2,ベトベター,,,,,,05_kenkyu_f.PNG,,816円,イッシュ地方,ヒウンげすいどう,13,,
3071,ルミ,けんきゅういん,5b,ブラック2・ホワイト2,フシデ,ドガース,,,,,05_kenkyu_f.PNG,,816円,イッシュ地方,こだいのぬけみち,13,,
3072,ミキヒロ,けんきゅういん,5b,ブラック2・ホワイト2,ベトベター,,,,,,02_kenkyu.PNG,,864円,イッシュ地方,こだいのぬけみち,13,,
3073,サトル,けんきゅういん,5b,ブラック2・ホワイト2,シキジカ,,,,,,02_kenkyu.PNG,,1344円,イッシュ地方,6ばんどうろ,13,,
3074,マリサ,けんきゅういん,5b,ブラック2・ホワイト2,チョボマキ,カブルモ,,,,,05_kenkyu_f.PNG,,1296円,イッシュ地方,6ばんどうろ,13,,
3075,ナガアキ,けんきゅういん,5b,ブラック2・ホワイト2,レアコイル,,,,,,02_kenkyu.PNG,,1440円,イッシュ地方,でんきいしのほらあな,13,,
3076,ミユキ,けんきゅういん,5b,ブラック2・ホワイト2,バチュル,ゴルバット,,,,,05_kenkyu_f.PNG,,1536円,イッシュ地方,でんきいしのほらあな,13,,
3077,カズホ,けんきゅういん,5b,ブラック2・ホワイト2,ゴクリン,ダストダス,ジバコイル,,,,05_kenkyu_f.PNG,,2880円,イッシュ地方,15ばんどうろ,13,,
3078,リカコ,けんきゅういん,5b,ブラック2・ホワイト2,ゴース,スカタンク,,,,,05_kenkyu_f.PNG,,3024円,イッシュ地方,ゆめのあとち,13,,
3079,ヒデヨ,けんきゅういん,5b,ブラック2・ホワイト2,ギギアル,ポリゴン,,,,,02_kenkyu.PNG,,3024円,イッシュ地方,ゆめのあとち,13,,
3080,ポアンカレ,けんきゅういん,6,X・Y,リグレー,ギギギアル,,,,,06_kenkyu_f.PNG,,4320円,カロス地方,フラダリラボ,14,,
3081,クンマー,けんきゅういん,6,X・Y,マタドガス,エレザード,,,,,FRLG_kenkyu.PNG,,4248円,カロス地方,フラダリラボ,14,,
3082,ファラデー,けんきゅういん,6,X・Y,ベトベトン,,,,,,FRLG_kenkyu.PNG,,4464円,カロス地方,フラダリラボ,14,,
3083,フミタカ,けんきゅういん,7,サン・ムーン,アーケン,タテトプス,,,,,02_kenkyu.PNG,,960円,アローラ地方,8ばんどうろ,16,,
3084,ショウイチ,けんきゅういん,7,サン・ムーン,ポリゴン,レアコイル,,,,,02_kenkyu.PNG,,1392円,アローラ地方,12ばんどうろ,16,,
3085,リタロウ,けんきゅういん,7,サン・ムーン,デンヂムシ,ベトベトン（アローラのすがた）,,,,,02_kenkyu.PNG,,1584円,アローラ地方,16ばんどうろ,16,,
3086,ヒロユキ,けんきゅういん,7,サン・ムーン,ベトベトン,ジバコイル,,,,,02_kenkyu.PNG,,2112円,アローラ地方,ポニのだいきょうこく,16,,
3087,ケンイチ,けんきゅういん,7,サン・ムーン,メタモン,ポリゴンZ,,,,,02_kenkyu.PNG,,2832円,アローラ地方,ポニのけんろ,16,,
3088,アオト,けんきゅういん,9,スカーレット・バイオレット,ゴクリン,コイル,,,,,,,1564円,パルデア地方,西1番エリア,22,,
3089,オウジロウ,けんきゅういん,9,スカーレット・バイオレット,メタモン,,,,,,,,1564円,パルデア地方,西1番エリア,22,,
3090,タイシ,けんきゅういん,9,スカーレット・バイオレット,ベトベター,,,,,,,,2116円,パルデア地方,ロースト砂漠,22,,
3091,アツシ,けんきゅういん,9,スカーレット・バイオレット,モココ,,,,,,,,2208円,パルデア地方,西2番エリア,22,,
3092,タクヤ,けんきゅういん,9,スカーレット・バイオレット,レアコイル,,,,,,,,2760円,パルデア地方,西3番エリア,22,,
3093,オサム,けんきゅういん,9,スカーレット・バイオレット,サンダース,,,,,,,,3312円,パルデア地方,ナッペ山,22,,
3094,ヒデキ,けんきゅういん,9,スカーレット・バイオレット,マルマイン,,,,,,,,3588円,パルデア地方,ベイク空洞,22,,
3095,コウジ,けんきゅういん,9,スカーレット・バイオレット,ジバコイル,ベトベトン,スリーパー,,,,,,6720円,パルデア地方,ナッペ山,22,,
3096,イチロウタ,たんぱんこぞう,6,X・Y,,,,,,,02_tanpan.PNG,,,カロス地方,バトルハウス,14,,
3097,ロンドン,たんぱんこぞう,6,X・Y,,,,,,,02_tanpan.PNG,,,カロス地方,バトルハウス,14,,
3098,モモジ,たんぱんこぞう,6,X・Y,,,,,,,02_tanpan.PNG,,,カロス地方,バトルハウス,14,,
3099,スミス,たんぱんこぞう,6,X・Y,,,,,,,02_tanpan.PNG,,,カロス地方,バトルハウス,14,,
3100,アニョー,ミニスカート,6,X・Y,,,,,,,04_minisuka.PNG,,,カロス地方,バトルハウス,14,,
3101,クルベット,ミニスカート,6,X・Y,,,,,,,04_minisuka.PNG,,,カロス地方,バトルハウス,14,,
3102,シヅ,ミニスカート,6,X・Y,,,,,,,04_minisuka.PNG,,,カロス地方,バトルハウス,14,,
3103,クワン,ミニスカート,6,X・Y,,,,,,,04_minisuka.PNG,,,カロス地方,バトルハウス,14,,
3104,ムラマサ,スクールボーイ,6,X・Y,,,,,,,,,,カロス地方,バトルハウス,14,,
3105,セミマル,スクールボーイ,6,X・Y,,,,,,,,,,カロス地方,バトルハウス,14,,
3106,イチモンジ,スクールボーイ,6,X・Y,,,,,,,,,,カロス地方,バトルハウス,14,,
3107,ケビン,スクールボーイ,6,X・Y,,,,,,,,,,カロス地方,バトルハウス,14,,
3108,ハツ,スクールガール,6,X・Y,,,,,,,,,,カロス地方,バトルハウス,14,,
3109,チュチュ,スクールガール,6,X・Y,,,,,,,,,,カロス地方,バトルハウス,14,,
3110,モンモ,スクールガール,6,X・Y,,,,,,,,,,カロス地方,バトルハウス,14,,
3111,ウメチヨ,スクールガール,6,X・Y,,,,,,,,,,カロス地方,バトルハウス,14,,
3112,ポンド,おぼっちゃま,6,X・Y,,,,,,,06_obottyama.PNG,,,カロス地方,バトルハウス,14,,
3113,ルピー,おぼっちゃま,6,X・Y,,,,,,,06_obottyama.PNG,,,カロス地方,バトルハウス,14,,
3114,ドル,おぼっちゃま,6,X・Y,,,,,,,06_obottyama.PNG,,,カロス地方,バトルハウス,14,,
3115,ルーティ,おぼっちゃま,6,X・Y,,,,,,,06_obottyama.PNG,,,カロス地方,バトルハウス,14,,
3116,ウォン,おじょうさま,6,X・Y,,,,,,,06_ojosama.PNG,,,カロス地方,バトルハウス,14,,
3117,ペソ,おじょうさま,6,X・Y,,,,,,,06_ojosama.PNG,,,カロス地方,バトルハウス,14,,
3118,クローネ,おじょうさま,6,X・Y,,,,,,,06_ojosama.PNG,,,カロス地方,バトルハウス,14,,
3119,レアル,おじょうさま,6,X・Y,,,,,,,06_ojosama.PNG,,,カロス地方,バトルハウス,14,,
3120,ノブナガ,えんじ,6,X・Y,,,,,,,05_enji_m.PNG,m,,カロス地方,バトルハウス,14,,
3121,ノブヒデ,えんじ,6,X・Y,,,,,,,05_enji_m.PNG,m,,カロス地方,バトルハウス,14,,
3122,ノブヤス,えんじ,6,X・Y,,,,,,,05_enji_m.PNG,m,,カロス地方,バトルハウス,14,,
3123,ノブタダ,えんじ,6,X・Y,,,,,,,,f,,カロス地方,バトルハウス,14,,
3124,エマニエル,えんじ,6,X・Y,,,,,,,,f,,カロス地方,バトルハウス,14,,
3125,ドミニカ,えんじ,6,X・Y,,,,,,,,f,,カロス地方,バトルハウス,14,,
3126,モンロー,えんじ,6,X・Y,,,,,,,05_enji_m.PNG,m,,カロス地方,バトルハウス,14,,
3127,サンレイ,えんじ,6,X・Y,,,,,,,05_enji_m.PNG,m,,カロス地方,バトルハウス,14,,
3128,ゲンナイ,バックパッカー,6,X・Y,,,,,,,,,,カロス地方,バトルハウス,14,,
3129,アナンダ,バックパッカー,6,X・Y,,,,,,,,,,カロス地方,バトルハウス,14,,
3130,セルジブデ,バックパッカー,6,X・Y,,,,,,,,,,カロス地方,バトルハウス,14,,
3131,フッケン,ツアーきゃく,6,X・Y,,,,,,,#N/A,f1,,カロス地方,バトルハウス,14,,
3132,ウンナン,ツアーきゃく,6,X・Y,,,,,,,#N/A,m,,カロス地方,バトルハウス,14,,
3133,リョウネイ,ツアーきゃく,6,X・Y,,,,,,,#N/A,f1,,カロス地方,バトルハウス,14,,
3134,ゴウジン,ギャルソン,6,X・Y,,,,,,,,,,カロス地方,バトルハウス,14,,
3135,アブドゥル,ギャルソン,6,X・Y,,,,,,,,,,カロス地方,バトルハウス,14,,
3136,ジムジロウ,ギャルソン,6,X・Y,,,,,,,,,,カロス地方,バトルハウス,14,,
3137,アオヤギ,ウエイトレス,6,X・Y,,,,,,,#N/A,,,カロス地方,バトルハウス,14,,
3138,シャコ,ウエイトレス,6,X・Y,,,,,,,#N/A,,,カロス地方,バトルハウス,14,,
3139,イサキ,ウエイトレス,6,X・Y,,,,,,,#N/A,,,カロス地方,バトルハウス,14,,
3140,フツ,だいすきクラブ,6,X・Y,,,,,,,,m,,カロス地方,バトルハウス,14,,
3141,ムラクモ,だいすきクラブ,6,X・Y,,,,,,,,m,,カロス地方,バトルハウス,14,,
3142,トツカ,だいすきクラブ,6,X・Y,,,,,,,,m,,カロス地方,バトルハウス,14,,
3143,アマナツ,だいすきクラブ,6,X・Y,,,,,,,,f,,カロス地方,バトルハウス,14,,
3144,カレルレン,だいすきクラブ,6,X・Y,,,,,,,,f,,カロス地方,バトルハウス,14,,
3145,ファルナ,だいすきクラブ,6,X・Y,,,,,,,,f,,カロス地方,バトルハウス,14,,
3146,ガスパール,やまおとこ,6,X・Y,,,,,,,,,,カロス地方,バトルハウス,14,,
3147,ツルギ,やまおとこ,6,X・Y,,,,,,,,,,カロス地方,バトルハウス,14,,
3148,ディミトリ,ホープトレーナー,6,X・Y,,,,,,,#N/A,m,,カロス地方,バトルハウス,14,,
3149,リュシー,ホープトレーナー,6,X・Y,,,,,,,#N/A,f,,カロス地方,バトルハウス,14,,
3150,ココミ,メルヘンしょうじょ,6,X・Y,,,,,,,,,,カロス地方,バトルハウス,14,,
3151,サクラン,メルヘンしょうじょ,6,X・Y,,,,,,,,,,カロス地方,バトルハウス,14,,
3152,アイノ,メルヘンしょうじょ,6,X・Y,,,,,,,,,,カロス地方,バトルハウス,14,,
3153,ティウ,バッドガイ,6,X・Y,,,,,,,,,,カロス地方,バトルハウス,14,,
3154,アトラス,バッドガイ,6,X・Y,,,,,,,,,,カロス地方,バトルハウス,14,,
3155,カリスト,バッドガイ,6,X・Y,,,,,,,,,,カロス地方,バトルハウス,14,,
3156,ゾエ,バッドガール,6,X・Y,,,,,,,,,,カロス地方,バトルハウス,14,,
3157,ペシリテ,バッドガール,6,X・Y,,,,,,,,,,カロス地方,バトルハウス,14,,
3158,スュザンヌ,バッドガール,6,X・Y,,,,,,,,,,カロス地方,バトルハウス,14,,
3159,パリゴロウ,りょうりにん,6,X・Y,,,,,,,,,,カロス地方,バトルハウス,14,,
3160,パリノスケ,りょうりにん,6,X・Y,,,,,,,,,,カロス地方,バトルハウス,14,,
3161,パリマサ,りょうりにん,6,X・Y,,,,,,,,,,カロス地方,バトルハウス,14,,
3162,ブノワ,ホープトレーナー,6,X・Y,,,,,,,#N/A,m,,カロス地方,バトルハウス,14,,
3163,チボー,ホープトレーナー,6,X・Y,,,,,,,#N/A,m,,カロス地方,バトルハウス,14,,
3164,シャンタル,ホープトレーナー,6,X・Y,,,,,,,#N/A,f,,カロス地方,バトルハウス,14,,
3165,エリーズ,ホープトレーナー,6,X・Y,,,,,,,#N/A,f,,カロス地方,バトルハウス,14,,
3166,ダンキチ,しつじ,6,X・Y,,,,,,,,,,カロス地方,バトルハウス,14,,
3167,トラジロウ,しつじ,6,X・Y,,,,,,,,,,カロス地方,バトルハウス,14,,
3168,タイベエ,しつじ,6,X・Y,,,,,,,,,,カロス地方,バトルハウス,14,,
3169,ナヨギク,メイド,6,X・Y,,,,,,,,,,カロス地方,バトルハウス,14,,
3170,ヒグラシ,メイド,6,X・Y,,,,,,,,,,カロス地方,バトルハウス,14,,
3171,アイリーン,メイド,6,X・Y,,,,,,,,,,カロス地方,バトルハウス,14,,
3172,クリノスケ,げいじゅつか,6,X・Y,,,,,,,#N/A,m,,カロス地方,バトルハウス,14,,
3173,カキエモン,げいじゅつか,6,X・Y,,,,,,,#N/A,m,,カロス地方,バトルハウス,14,,
3174,モモタロウ,げいじゅつか,6,X・Y,,,,,,,#N/A,m,,カロス地方,バトルハウス,14,,
3175,マソオ,げいじゅつか,6,X・Y,,,,,,,#N/A,f,,カロス地方,バトルハウス,14,,
3176,コイネズ,げいじゅつか,6,X・Y,,,,,,,#N/A,f,,カロス地方,バトルハウス,14,,
3177,クリウメ,げいじゅつか,6,X・Y,,,,,,,#N/A,f,,カロス地方,バトルハウス,14,,
3178,メルセデス,さぎょういん,6,X・Y,,,,,,,,2,,カロス地方,バトルハウス,14,,
3179,ファビアン,さぎょういん,6,X・Y,,,,,,,,2,,カロス地方,バトルハウス,14,,
3180,ネタロウ,さぎょういん,6,X・Y,,,,,,,#N/A,3,,カロス地方,バトルハウス,14,,
3181,ピアジェ,さぎょういん,6,X・Y,,,,,,,#N/A,3,,カロス地方,バトルハウス,14,,
3182,ゼット,ローラースケート,6,X・Y,,,,,,,#N/A,m,,カロス地方,バトルハウス,14,,
3183,シーマ,ローラースケート,6,X・Y,,,,,,,#N/A,m,,カロス地方,バトルハウス,14,,
3184,オデッセイ,ローラースケート,6,X・Y,,,,,,,#N/A,f,,カロス地方,バトルハウス,14,,
3185,ミゼット,ローラースケート,6,X・Y,,,,,,,#N/A,f,,カロス地方,バトルハウス,14,,
3186,イナバゴウ,にわし,6,X・Y,,,,,,,,,,カロス地方,バトルハウス,14,,
3187,ヒザマル,にわし,6,X・Y,,,,,,,,,,カロス地方,バトルハウス,14,,
3188,シルク,りょうりにん,6,X・Y,,,,,,,,,,カロス地方,バトルハウス,14,,
3189,レーザー,おとなのおねえさん,6,X・Y,,,,,,,06_onesan.PNG,,,カロス地方,バトルハウス,14,,
3190,アーテー,オーナー,6,X・Y,,,,,,,,,,カロス地方,バトルハウス,14,,
3191,タウロース,オーナー,6,X・Y,,,,,,,,,,カロス地方,バトルハウス,14,,
3192,カナール,おとなのおねえさん,6,X・Y,,,,,,,06_onesan.PNG,,,カロス地方,バトルハウス,14,,
3193,サングリエ,おとなのおねえさん,6,X・Y,,,,,,,06_onesan.PNG,,,カロス地方,バトルハウス,14,,
3194,カガミマル,ツアーきゃく,6,X・Y,,,,,,,#N/A,m,,カロス地方,バトルハウス,14,,
3195,タゴサク,ツアーきゃく,6,X・Y,,,,,,,#N/A,m,,カロス地方,バトルハウス,14,,
3196,ポハン,ツアーきゃく,6,X・Y,,,,,,,#N/A,f,,カロス地方,バトルハウス,14,,
3197,マダケ,ツアーきゃく,6,X・Y,,,,,,,#N/A,f,,カロス地方,バトルハウス,14,,
3198,シンタロウ,ムッシュ,6,X・Y,,,,,,,,,,カロス地方,バトルハウス,14,,
3199,エンゾウ,ムッシュ,6,X・Y,,,,,,,,,,カロス地方,バトルハウス,14,,
3200,ディオーネ,マダム,6,X・Y,,,,,,,,,,カロス地方,バトルハウス,14,,
3201,ネレイド,マダム,6,X・Y,,,,,,,,,,カロス地方,バトルハウス,14,,
3202,アックン,ポケモンブリーダー,6,X・Y,,,,,,,,m,,カロス地方,バトルハウス,14,,
3203,カックン,ポケモンブリーダー,6,X・Y,,,,,,,,m,,カロス地方,バトルハウス,14,,
3204,ロアン,ポケモンブリーダー,6,X・Y,,,,,,,,f,,カロス地方,バトルハウス,14,,
3205,クロヒメ,ポケモンブリーダー,6,X・Y,,,,,,,,f,,カロス地方,バトルハウス,14,,
3206,テルモト,たんぱんこぞう,6,X・Y,,,,,,,02_tanpan.PNG,,,カロス地方,バトルハウス,14,,
3207,カネツグ,たんぱんこぞう,6,X・Y,,,,,,,02_tanpan.PNG,,,カロス地方,バトルハウス,14,,
3208,ユイットル,ミニスカート,6,X・Y,,,,,,,04_minisuka.PNG,,,カロス地方,バトルハウス,14,,
3209,パンタード,ミニスカート,6,X・Y,,,,,,,04_minisuka.PNG,,,カロス地方,バトルハウス,14,,
3210,フリッツ,スクールボーイ,6,X・Y,,,,,,,,,,カロス地方,バトルハウス,14,,
3211,ヨヘイ,スクールボーイ,6,X・Y,,,,,,,,,,カロス地方,バトルハウス,14,,
3212,ワカタケ,スクールガール,6,X・Y,,,,,,,,,,カロス地方,バトルハウス,14,,
3213,ツバル,スクールガール,6,X・Y,,,,,,,,,,カロス地方,バトルハウス,14,,
3214,カイン,おぼっちゃま,6,X・Y,,,,,,,06_obottyama.PNG,,,カロス地方,バトルハウス,14,,
3215,アベル,おぼっちゃま,6,X・Y,,,,,,,06_obottyama.PNG,,,カロス地方,バトルハウス,14,,
3216,ポワソン,おじょうさま,6,X・Y,,,,,,,06_ojosama.PNG,,,カロス地方,バトルハウス,14,,
3217,ユイトール,おじょうさま,6,X・Y,,,,,,,06_ojosama.PNG,,,カロス地方,バトルハウス,14,,
3218,ユーセフ,えんじ,6,X・Y,,,,,,,05_enji_m.PNG,m,,カロス地方,バトルハウス,14,,
3219,ザイド,えんじ,6,X・Y,,,,,,,05_enji_m.PNG,m,,カロス地方,バトルハウス,14,,
3220,ベティ,えんじ,6,X・Y,,,,,,,,f,,カロス地方,バトルハウス,14,,
3221,ヘレナ,えんじ,6,X・Y,,,,,,,,f,,カロス地方,バトルハウス,14,,
3222,クンヤ,バックパッカー,6,X・Y,,,,,,,,,,カロス地方,バトルハウス,14,,
3223,シャムス,バックパッカー,6,X・Y,,,,,,,,,,カロス地方,バトルハウス,14,,
3224,ビンロウ,ツアーきゃく,6,X・Y,,,,,,,#N/A,f1,,カロス地方,バトルハウス,14,,
3225,チヅカ,ツアーきゃく,6,X・Y,,,,,,,#N/A,f1,,カロス地方,バトルハウス,14,,
3226,レオナルト,ギャルソン,6,X・Y,,,,,,,,,,カロス地方,バトルハウス,14,,
3227,ローレンツ,ギャルソン,6,X・Y,,,,,,,,,,カロス地方,バトルハウス,14,,
3228,エンガワ,ウエイトレス,6,X・Y,,,,,,,#N/A,,,カロス地方,バトルハウス,14,,
3229,コハダ,ウエイトレス,6,X・Y,,,,,,,#N/A,,,カロス地方,バトルハウス,14,,
3230,セルジオ,だいすきクラブ,6,X・Y,,,,,,,#N/A,,,カロス地方,バトルハウス,14,,
3231,フェリペ,だいすきクラブ,6,X・Y,,,,,,,#N/A,,,カロス地方,バトルハウス,14,,
3232,ビージャル,だいすきクラブ,6,X・Y,,,,,,,#N/A,,,カロス地方,バトルハウス,14,,
3233,メリル,だいすきクラブ,6,X・Y,,,,,,,#N/A,,,カロス地方,バトルハウス,14,,
3234,タピオカ,やまおとこ,6,X・Y,,,,,,,,,,カロス地方,バトルハウス,14,,
3235,ゲンゴロウ,やまおとこ,6,X・Y,,,,,,,,,,カロス地方,バトルハウス,14,,
3236,ディディエ,ホープトレーナー,6,X・Y,,,,,,,#N/A,m,,カロス地方,バトルハウス,14,,
3237,マチルド,ホープトレーナー,6,X・Y,,,,,,,#N/A,f,,カロス地方,バトルハウス,14,,
3238,ウルミ,メルヘンしょうじょ,6,X・Y,,,,,,,,,,カロス地方,バトルハウス,14,,
3239,ルンナ,メルヘンしょうじょ,6,X・Y,,,,,,,,,,カロス地方,バトルハウス,14,,
3240,アイアイ,メルヘンしょうじょ,6,X・Y,,,,,,,,,,カロス地方,バトルハウス,14,,
3241,オベロン,バッドガイ,6,X・Y,,,,,,,,,,カロス地方,バトルハウス,14,,
3242,トリトン,バッドガイ,6,X・Y,,,,,,,,,,カロス地方,バトルハウス,14,,
3243,カロン,バッドガイ,6,X・Y,,,,,,,,,,カロス地方,バトルハウス,14,,
3244,ユーラリア,バッドガール,6,X・Y,,,,,,,,,,カロス地方,バトルハウス,14,,
3245,アガタ,バッドガール,6,X・Y,,,,,,,,,,カロス地方,バトルハウス,14,,
3246,ジャンヌ,バッドガール,6,X・Y,,,,,,,,,,カロス地方,バトルハウス,14,,
3247,ボブジロウ,りょうりにん,6,X・Y,,,,,,,,,,カロス地方,バトルハウス,14,,
3248,ボブノスケ,りょうりにん,6,X・Y,,,,,,,,,,カロス地方,バトルハウス,14,,
3249,ボブベエ,りょうりにん,6,X・Y,,,,,,,,,,カロス地方,バトルハウス,14,,
3250,マサ,しつじ,6,X・Y,,,,,,,,,,カロス地方,バトルハウス,14,,
3251,マルカミ,しつじ,6,X・Y,,,,,,,,,,カロス地方,バトルハウス,14,,
3252,テンジク,しつじ,6,X・Y,,,,,,,,,,カロス地方,バトルハウス,14,,
3253,テツ,メイド,6,X・Y,,,,,,,,,,カロス地方,バトルハウス,14,,
3254,ニッケイ,メイド,6,X・Y,,,,,,,,,,カロス地方,バトルハウス,14,,
3255,サビアサギ,メイド,6,X・Y,,,,,,,,,,カロス地方,バトルハウス,14,,
3256,シャンク,げいじゅつか,6,X・Y,,,,,,,#N/A,m,,カロス地方,バトルハウス,14,,
3257,アイアン,げいじゅつか,6,X・Y,,,,,,,#N/A,m,,カロス地方,バトルハウス,14,,
3258,ボギー,げいじゅつか,6,X・Y,,,,,,,#N/A,m,,カロス地方,バトルハウス,14,,
3259,シッコク,げいじゅつか,6,X・Y,,,,,,,#N/A,f,,カロス地方,バトルハウス,14,,
3260,マソボ,げいじゅつか,6,X・Y,,,,,,,#N/A,f,,カロス地方,バトルハウス,14,,
3261,カリヤス,げいじゅつか,6,X・Y,,,,,,,#N/A,f,,カロス地方,バトルハウス,14,,
3262,アントク,さぎょういん,6,X・Y,,,,,,,,2,,カロス地方,バトルハウス,14,,
3263,トキヒト,さぎょういん,6,X・Y,,,,,,,,2,,カロス地方,バトルハウス,14,,
3264,ユキムラ,さぎょういん,6,X・Y,,,,,,,#N/A,3,,カロス地方,バトルハウス,14,,
3265,ウジマサ,さぎょういん,6,X・Y,,,,,,,#N/A,3,,カロス地方,バトルハウス,14,,
3266,カブリオ,ローラースケート,6,X・Y,,,,,,,#N/A,m,,カロス地方,バトルハウス,14,,
3267,ミラジーノ,ローラースケート,6,X・Y,,,,,,,#N/A,m,,カロス地方,バトルハウス,14,,
3268,セリカ,ローラースケート,6,X・Y,,,,,,,#N/A,f,,カロス地方,バトルハウス,14,,
3269,アコード,ローラースケート,6,X・Y,,,,,,,#N/A,f,,カロス地方,バトルハウス,14,,
3270,ファブリス,ホープトレーナー,6,X・Y,,,,,,,#N/A,m,,カロス地方,バトルハウス,14,,
3271,フロリアン,ホープトレーナー,6,X・Y,,,,,,,#N/A,m,,カロス地方,バトルハウス,14,,
3272,カロル,ホープトレーナー,6,X・Y,,,,,,,#N/A,f,,カロス地方,バトルハウス,14,,
3273,リュシル,ホープトレーナー,6,X・Y,,,,,,,#N/A,f,,カロス地方,バトルハウス,14,,
3274,パリエ,おとなのおねえさん,6,X・Y,,,,,,,06_onesan.PNG,,,カロス地方,バトルハウス,14,,
3275,パリミ,おとなのおねえさん,6,X・Y,,,,,,,06_onesan.PNG,,,カロス地方,バトルハウス,14,,
3276,マティス,にわし,6,X・Y,,,,,,,,,,カロス地方,バトルハウス,14,,
3277,ルルー,にわし,6,X・Y,,,,,,,,,,カロス地方,バトルハウス,14,,
3278,アンゴラ,りょうりにん,6,X・Y,,,,,,,,,,カロス地方,バトルハウス,14,,
3279,パローデル,おとなのおねえさん,6,X・Y,,,,,,,06_onesan.PNG,,,カロス地方,バトルハウス,14,,
3280,ウォンポー,ツアーきゃく,6,X・Y,,,,,,,#N/A,m,,カロス地方,バトルハウス,14,,
3281,タイクーシン,ツアーきゃく,6,X・Y,,,,,,,#N/A,m,,カロス地方,バトルハウス,14,,
3282,カイタック,ツアーきゃく,6,X・Y,,,,,,,#N/A,m,,カロス地方,バトルハウス,14,,
3283,スタンレー,ツアーきゃく,6,X・Y,,,,,,,#N/A,f,,カロス地方,バトルハウス,14,,
3284,シャーティン,ツアーきゃく,6,X・Y,,,,,,,#N/A,f,,カロス地方,バトルハウス,14,,
3285,リャンガン,ツアーきゃく,6,X・Y,,,,,,,#N/A,f,,カロス地方,バトルハウス,14,,
3286,ダニイル,ポケモンブリーダー,6,X・Y,,,,,,,,m,,カロス地方,バトルハウス,14,,
3287,フョードル,ポケモンブリーダー,6,X・Y,,,,,,,,m,,カロス地方,バトルハウス,14,,
3288,マキエ,ポケモンブリーダー,6,X・Y,,,,,,,,f,,カロス地方,バトルハウス,14,,
3289,ウルシ,ポケモンブリーダー,6,X・Y,,,,,,,,f,,カロス地方,バトルハウス,14,,
3290,モリリン,ムッシュ,6,X・Y,,,,,,,,,,カロス地方,バトルハウス,14,,
3291,ミズノスケ,ムッシュ,6,X・Y,,,,,,,,,,カロス地方,バトルハウス,14,,
3292,ウソブキ,マダム,6,X・Y,,,,,,,,,,カロス地方,バトルハウス,14,,
3293,オタフク,マダム,6,X・Y,,,,,,,,,,カロス地方,バトルハウス,14,,
3294,ギャル,ふりそで,6,X・Y,,,,,,,#N/A,4,,カロス地方,バトルハウス,14,,
3295,マレマレ,ふりそで,6,X・Y,,,,,,,#N/A,5,,カロス地方,バトルハウス,14,,
3296,エーオース,オーナー,6,X・Y,,,,,,,,,,カロス地方,バトルハウス,14,,
3297,ヘーメラー,オーナー,6,X・Y,,,,,,,,,,カロス地方,バトルハウス,14,,
3298,ヤブサメ,けんきゅういん,6,X・Y,,,,,,,FRLG_kenkyu.PNG,m,,カロス地方,バトルハウス,14,,
3299,ウツケ,けんきゅういん,6,X・Y,,,,,,,FRLG_kenkyu.PNG,m,,カロス地方,バトルハウス,14,,
3300,フトコロ,けんきゅういん,6,X・Y,,,,,,,FRLG_kenkyu.PNG,m,,カロス地方,バトルハウス,14,,
3301,ロッテ,けんきゅういん,6,X・Y,,,,,,,06_kenkyu_f.PNG,f,,カロス地方,バトルハウス,14,,
3302,テレーゼ,けんきゅういん,6,X・Y,,,,,,,06_kenkyu_f.PNG,f,,カロス地方,バトルハウス,14,,
3303,ツヤコ,けんきゅういん,6,X・Y,,,,,,,06_kenkyu_f.PNG,f,,カロス地方,バトルハウス,14,,
3304,ボルドバト,サイキッカー,6,X・Y,,,,,,,#N/A,,,カロス地方,バトルハウス,14,,
3305,ソロンゴ,サイキッカー,6,X・Y,,,,,,,#N/A,,,カロス地方,バトルハウス,14,,
3306,ハーン,サイキッカー,6,X・Y,,,,,,,#N/A,,,カロス地方,バトルハウス,14,,
3307,ジャッキィ,オカルトマニア,6,X・Y,,,,,,,,,,カロス地方,バトルハウス,14,,
3308,ヘンリィ,オカルトマニア,6,X・Y,,,,,,,,,,カロス地方,バトルハウス,14,,
3309,マムー,オカルトマニア,6,X・Y,,,,,,,,,,カロス地方,バトルハウス,14,,
3310,ウンスー,カラテおう,6,X・Y,,,,,,,,,,カロス地方,バトルハウス,14,,
3311,ハリマオ,カラテおう,6,X・Y,,,,,,,,,,カロス地方,バトルハウス,14,,
3312,エンピ,カラテおう,6,X・Y,,,,,,,,,,カロス地方,バトルハウス,14,,
3313,テンホウ,バトルガール,6,X・Y,,,,,,,,,,カロス地方,バトルハウス,14,,
3314,チーホウ,バトルガール,6,X・Y,,,,,,,,,,カロス地方,バトルハウス,14,,
3315,スーカンツ,バトルガール,6,X・Y,,,,,,,,,,カロス地方,バトルハウス,14,,
3316,ススタケ,ポケモンレンジャー,6,X・Y,,,,,,,,m,,カロス地方,バトルハウス,14,,
3317,マウス,ポケモンレンジャー,6,X・Y,,,,,,,,m,,カロス地方,バトルハウス,14,,
3318,カメノゾキ,ポケモンレンジャー,6,X・Y,,,,,,,,m,,カロス地方,バトルハウス,14,,
3319,テラコッタ,ポケモンレンジャー,6,X・Y,,,,,,,,f,,カロス地方,バトルハウス,14,,
3320,バフ,ポケモンレンジャー,6,X・Y,,,,,,,,f,,カロス地方,バトルハウス,14,,
3321,ボルドー,ポケモンレンジャー,6,X・Y,,,,,,,,f,,カロス地方,バトルハウス,14,,
3322,マツウシ,エリートトレーナー,6,X・Y,,,,,,,06_elite_m.PNG,m,,カロス地方,バトルハウス,14,,
3323,ツルマツ,エリートトレーナー,6,X・Y,,,,,,,06_elite_m.PNG,m,,カロス地方,バトルハウス,14,,
3324,サエモン,エリートトレーナー,6,X・Y,,,,,,,06_elite_m.PNG,m,,カロス地方,バトルハウス,14,,
3325,グエン,エリートトレーナー,6,X・Y,,,,,,,06_elite_f.PNG,f,,カロス地方,バトルハウス,14,,
3326,ムーイ,エリートトレーナー,6,X・Y,,,,,,,06_elite_f.PNG,f,,カロス地方,バトルハウス,14,,
3327,パーム,エリートトレーナー,6,X・Y,,,,,,,06_elite_f.PNG,f,,カロス地方,バトルハウス,14,,
3328,ポンタ,ベテラントレーナー,6,X・Y,,,,,,,#N/A,m,,カロス地方,バトルハウス,14,,
3329,ドンタ,ベテラントレーナー,6,X・Y,,,,,,,#N/A,m,,カロス地方,バトルハウス,14,,
3330,マゴベエ,ベテラントレーナー,6,X・Y,,,,,,,#N/A,m,,カロス地方,バトルハウス,14,,
3331,シンマル,ベテラントレーナー,6,X・Y,,,,,,,#N/A,m,,カロス地方,バトルハウス,14,,
3332,ヤマウバ,ベテラントレーナー,6,X・Y,,,,,,,#N/A,f,,カロス地方,バトルハウス,14,,
3333,シンジャ,ベテラントレーナー,6,X・Y,,,,,,,#N/A,f,,カロス地方,バトルハウス,14,,
3334,ナマナリ,ベテラントレーナー,6,X・Y,,,,,,,#N/A,f,,カロス地方,バトルハウス,14,,
3335,ハンニャ,ベテラントレーナー,6,X・Y,,,,,,,#N/A,f,,カロス地方,バトルハウス,14,,
3336,セドリック,バックパッカー,6,X・Y,,,,,,,,,,カロス地方,バトルハウス,14,,
3337,シモン,バックパッカー,6,X・Y,,,,,,,,,,カロス地方,バトルハウス,14,,
3338,ヘイズ,ツアーきゃく,6,X・Y,,,,,,,#N/A,f1,,カロス地方,バトルハウス,14,,
3339,ミスティ,ツアーきゃく,6,X・Y,,,,,,,#N/A,f1,,カロス地方,バトルハウス,14,,
3340,ハイサム,ギャルソン,6,X・Y,,,,,,,,,,カロス地方,バトルハウス,14,,
3341,コンニョン,ギャルソン,6,X・Y,,,,,,,,,,カロス地方,バトルハウス,14,,
3342,ハマチ,ウエイトレス,6,X・Y,,,,,,,#N/A,,,カロス地方,バトルハウス,14,,
3343,イクラ,ウエイトレス,6,X・Y,,,,,,,#N/A,,,カロス地方,バトルハウス,14,,
3344,ジョルジュ,やまおとこ,6,X・Y,,,,,,,,,,カロス地方,バトルハウス,14,,
3345,サミュエル,やまおとこ,6,X・Y,,,,,,,,,,カロス地方,バトルハウス,14,,
3346,アンコ,エリートトレーナー,6,X・Y,,,,,,,06_elite_m.PNG,m,,カロス地方,バトルハウス,14,,
3347,ソップ,エリートトレーナー,6,X・Y,,,,,,,06_elite_f.PNG,f,,カロス地方,バトルハウス,14,,
3348,ベゾルブ,オカルトマニア,6,X・Y,,,,,,,,,,カロス地方,バトルハウス,14,,
3349,マリィー,オカルトマニア,6,X・Y,,,,,,,,,,カロス地方,バトルハウス,14,,
3350,ガニメデ,バッドガイ,6,X・Y,,,,,,,,,,カロス地方,バトルハウス,14,,
3351,プロテウス,バッドガイ,6,X・Y,,,,,,,,,,カロス地方,バトルハウス,14,,
3352,リリアン,バッドガール,6,X・Y,,,,,,,,,,カロス地方,バトルハウス,14,,
3353,モニック,バッドガール,6,X・Y,,,,,,,,,,カロス地方,バトルハウス,14,,
3354,パリノシン,りょうりにん,6,X・Y,,,,,,,,,,カロス地方,バトルハウス,14,,
3355,パリヘイタ,りょうりにん,6,X・Y,,,,,,,,,,カロス地方,バトルハウス,14,,
3356,ダイアズマ,しつじ,6,X・Y,,,,,,,,,,カロス地方,バトルハウス,14,,
3357,ガッツマン,しつじ,6,X・Y,,,,,,,,,,カロス地方,バトルハウス,14,,
3358,アンギーユ,メイド,6,X・Y,,,,,,,,,,カロス地方,バトルハウス,14,,
3359,フェザン,メイド,6,X・Y,,,,,,,,,,カロス地方,バトルハウス,14,,
3360,ヘチカン,げいじゅつか,6,X・Y,,,,,,,#N/A,m,,カロス地方,バトルハウス,14,,
3361,リキュウ,げいじゅつか,6,X・Y,,,,,,,#N/A,m,,カロス地方,バトルハウス,14,,
3362,カラスバ,げいじゅつか,6,X・Y,,,,,,,#N/A,f,,カロス地方,バトルハウス,14,,
3363,ロクショウ,げいじゅつか,6,X・Y,,,,,,,#N/A,f,,カロス地方,バトルハウス,14,,
3364,ロマン,さぎょういん,6,X・Y,,,,,,,,2,,カロス地方,バトルハウス,14,,
3365,バレリー,さぎょういん,6,X・Y,,,,,,,,2,,カロス地方,バトルハウス,14,,
3366,コレチカ,さぎょういん,6,X・Y,,,,,,,#N/A,3,,カロス地方,バトルハウス,14,,
3367,ノリカタ,さぎょういん,6,X・Y,,,,,,,#N/A,3,,カロス地方,バトルハウス,14,,
3368,スボシ,ローラースケート,6,X・Y,,,,,,,#N/A,m,,カロス地方,バトルハウス,14,,
3369,トミテ,ローラースケート,6,X・Y,,,,,,,#N/A,m,,カロス地方,バトルハウス,14,,
3370,エキエ,ローラースケート,6,X・Y,,,,,,,#N/A,f,,カロス地方,バトルハウス,14,,
3371,チリコ,ローラースケート,6,X・Y,,,,,,,#N/A,f,,カロス地方,バトルハウス,14,,
3372,エチエンヌ,ベテラントレーナー,6,X・Y,,,,,,,#N/A,m,,カロス地方,バトルハウス,14,,
3373,マクシム,ベテラントレーナー,6,X・Y,,,,,,,#N/A,m,,カロス地方,バトルハウス,14,,
3374,オディール,ベテラントレーナー,6,X・Y,,,,,,,#N/A,f,,カロス地方,バトルハウス,14,,
3375,ジゼール,ベテラントレーナー,6,X・Y,,,,,,,#N/A,f,,カロス地方,バトルハウス,14,,
3376,カルロス,りょうりにん,6,X・Y,,,,,,,,,,カロス地方,バトルハウス,14,,
3377,アンドレイ,りょうりにん,6,X・Y,,,,,,,,,,カロス地方,バトルハウス,14,,
3378,クラベス,おとなのおねえさん,6,X・Y,,,,,,,06_onesan.PNG,,,カロス地方,バトルハウス,14,,
3379,カバサ,おとなのおねえさん,6,X・Y,,,,,,,06_onesan.PNG,,,カロス地方,バトルハウス,14,,
3380,パリコ,おとなのおねえさん,6,X・Y,,,,,,,06_onesan.PNG,,,カロス地方,バトルハウス,14,,
3381,パリリ,おとなのおねえさん,6,X・Y,,,,,,,06_onesan.PNG,,,カロス地方,バトルハウス,14,,
3382,ジッカンジ,ツアーきゃく,6,X・Y,,,,,,,#N/A,m,,カロス地方,バトルハウス,14,,
3383,トミグスク,ツアーきゃく,6,X・Y,,,,,,,#N/A,m,,カロス地方,バトルハウス,14,,
3384,アガリヤマ,ツアーきゃく,6,X・Y,,,,,,,#N/A,f,,カロス地方,バトルハウス,14,,
3385,オドンジキ,ツアーきゃく,6,X・Y,,,,,,,#N/A,f,,カロス地方,バトルハウス,14,,
3386,マンゾウ,ポケモンブリーダー,6,X・Y,,,,,,,,m,,カロス地方,バトルハウス,14,,
3387,イエオン,ポケモンブリーダー,6,X・Y,,,,,,,,m,,カロス地方,バトルハウス,14,,
3388,ショウ,ポケモンブリーダー,6,X・Y,,,,,,,,f,,カロス地方,バトルハウス,14,,
3389,ツヅミ,ポケモンブリーダー,6,X・Y,,,,,,,,f,,カロス地方,バトルハウス,14,,
3390,カミュ,ムッシュ,6,X・Y,,,,,,,,,,カロス地方,バトルハウス,14,,
3391,リルケ,ムッシュ,6,X・Y,,,,,,,,,,カロス地方,バトルハウス,14,,
3392,サティー,マダム,6,X・Y,,,,,,,,,,カロス地方,バトルハウス,14,,
3393,アパルナ,マダム,6,X・Y,,,,,,,,,,カロス地方,バトルハウス,14,,
3394,カンノン,ふりそで,6,X・Y,,,,,,,#N/A,6,,カロス地方,バトルハウス,14,,
3395,ニグラウス,ふりそで,6,X・Y,,,,,,,#N/A,7,,カロス地方,バトルハウス,14,,
3396,イトウヅ,たんぱんこぞう,3c,オメガルビー・アルファサファイア,,,,,,,02_tanpan.PNG,,,ホウエン地方,バトルハウス,15,,
3397,モハラ,たんぱんこぞう,3c,オメガルビー・アルファサファイア,,,,,,,02_tanpan.PNG,,,ホウエン地方,バトルハウス,15,,
3398,モモジ,たんぱんこぞう,3c,オメガルビー・アルファサファイア,,,,,,,02_tanpan.PNG,,,ホウエン地方,バトルハウス,15,,
3399,ヤキガリ,たんぱんこぞう,3c,オメガルビー・アルファサファイア,,,,,,,02_tanpan.PNG,,,ホウエン地方,バトルハウス,15,,
3400,クホンジ,ミニスカート,3c,オメガルビー・アルファサファイア,,,,,,,03_minisuka.PNG,,,ホウエン地方,バトルハウス,15,,
3401,チコウヅ,ミニスカート,3c,オメガルビー・アルファサファイア,,,,,,,03_minisuka.PNG,,,ホウエン地方,バトルハウス,15,,
3402,シヅ,ミニスカート,3c,オメガルビー・アルファサファイア,,,,,,,03_minisuka.PNG,,,ホウエン地方,バトルハウス,15,,
3403,モウシギ,ミニスカート,3c,オメガルビー・アルファサファイア,,,,,,,03_minisuka.PNG,,,ホウエン地方,バトルハウス,15,,
3404,クサカベ,スクールボーイ,3c,オメガルビー・アルファサファイア,,,,,,,,,,ホウエン地方,バトルハウス,15,,
3405,ナカフクラ,スクールボーイ,3c,オメガルビー・アルファサファイア,,,,,,,,,,ホウエン地方,バトルハウス,15,,
3406,カブシノ,スクールボーイ,3c,オメガルビー・アルファサファイア,,,,,,,,,,ホウエン地方,バトルハウス,15,,
3407,ケビン,スクールボーイ,3c,オメガルビー・アルファサファイア,,,,,,,,,,ホウエン地方,バトルハウス,15,,
3408,ヒサギウチ,スクールガール,3c,オメガルビー・アルファサファイア,,,,,,,,,,ホウエン地方,バトルハウス,15,,
3409,ウガク,スクールガール,3c,オメガルビー・アルファサファイア,,,,,,,,,,ホウエン地方,バトルハウス,15,,
3410,モンモ,スクールガール,3c,オメガルビー・アルファサファイア,,,,,,,,,,ホウエン地方,バトルハウス,15,,
3411,ユウギ,スクールガール,3c,オメガルビー・アルファサファイア,,,,,,,,,,ホウエン地方,バトルハウス,15,,
3412,リマー,おぼっちゃま,3c,オメガルビー・アルファサファイア,,,,,,,03_obottyama.PNG,,,ホウエン地方,バトルハウス,15,,
3413,カレイガワ,おぼっちゃま,3c,オメガルビー・アルファサファイア,,,,,,,03_obottyama.PNG,,,ホウエン地方,バトルハウス,15,,
3414,イブスキ,おぼっちゃま,3c,オメガルビー・アルファサファイア,,,,,,,03_obottyama.PNG,,,ホウエン地方,バトルハウス,15,,
3415,ルーティ,おぼっちゃま,3c,オメガルビー・アルファサファイア,,,,,,,03_obottyama.PNG,,,ホウエン地方,バトルハウス,15,,
3416,モッテ,おじょうさま,3c,オメガルビー・アルファサファイア,,,,,,,03_ojosama.PNG,,,ホウエン地方,バトルハウス,15,,
3417,アゲナ,おじょうさま,3c,オメガルビー・アルファサファイア,,,,,,,03_ojosama.PNG,,,ホウエン地方,バトルハウス,15,,
3418,アグニ,おじょうさま,3c,オメガルビー・アルファサファイア,,,,,,,03_ojosama.PNG,,,ホウエン地方,バトルハウス,15,,
3419,イナンセ,おじょうさま,3c,オメガルビー・アルファサファイア,,,,,,,03_ojosama.PNG,,,ホウエン地方,バトルハウス,15,,
3420,ヨシヒサ,えんじ,3c,オメガルビー・アルファサファイア,,,,,,,,m,,ホウエン地方,バトルハウス,15,,
3421,タカヒサ,えんじ,3c,オメガルビー・アルファサファイア,,,,,,,,m,,ホウエン地方,バトルハウス,15,,
3422,タダツネ,えんじ,3c,オメガルビー・アルファサファイア,,,,,,,,m,,ホウエン地方,バトルハウス,15,,
3423,ヨシヒロ,えんじ,3c,オメガルビー・アルファサファイア,,,,,,,,f,,ホウエン地方,バトルハウス,15,,
3424,マシュウ,えんじ,3c,オメガルビー・アルファサファイア,,,,,,,,f,,ホウエン地方,バトルハウス,15,,
3425,キラ,えんじ,3c,オメガルビー・アルファサファイア,,,,,,,,f,,ホウエン地方,バトルハウス,15,,
3426,グリム,えんじ,3c,オメガルビー・アルファサファイア,,,,,,,,m,,ホウエン地方,バトルハウス,15,,
3427,サンレイ,えんじ,3c,オメガルビー・アルファサファイア,,,,,,,,m,,ホウエン地方,バトルハウス,15,,
3428,グレゴリー,バックパッカー,3c,オメガルビー・アルファサファイア,,,,,,,,,,ホウエン地方,バトルハウス,15,,
3429,パク,バックパッカー,3c,オメガルビー・アルファサファイア,,,,,,,,,,ホウエン地方,バトルハウス,15,,
3430,ロマノフ,バックパッカー,3c,オメガルビー・アルファサファイア,,,,,,,,,,ホウエン地方,バトルハウス,15,,
3431,フッケン,ツアーきゃく,3c,オメガルビー・アルファサファイア,,,,,,,#N/A,f1,,ホウエン地方,バトルハウス,15,,
3432,ウンナン,ツアーきゃく,3c,オメガルビー・アルファサファイア,,,,,,,#N/A,m,,ホウエン地方,バトルハウス,15,,
3433,リョウネイ,ツアーきゃく,3c,オメガルビー・アルファサファイア,,,,,,,#N/A,f1,,ホウエン地方,バトルハウス,15,,
3434,ウンゼン,ギャルソン,3c,オメガルビー・アルファサファイア,,,,,,,,,,ホウエン地方,バトルハウス,15,,
3435,サセボ,ギャルソン,3c,オメガルビー・アルファサファイア,,,,,,,,,,ホウエン地方,バトルハウス,15,,
3436,ベップ,ギャルソン,3c,オメガルビー・アルファサファイア,,,,,,,,,,ホウエン地方,バトルハウス,15,,
3437,アオヤギ,ウエイトレス,3c,オメガルビー・アルファサファイア,,,,,,,#N/A,,,ホウエン地方,バトルハウス,15,,
3438,シャコ,ウエイトレス,3c,オメガルビー・アルファサファイア,,,,,,,#N/A,,,ホウエン地方,バトルハウス,15,,
3439,イサキ,ウエイトレス,3c,オメガルビー・アルファサファイア,,,,,,,#N/A,,,ホウエン地方,バトルハウス,15,,
3440,シラカワ,だいすきクラブ,3c,オメガルビー・アルファサファイア,,,,,,,02_daisukiclub.PNG,m,,ホウエン地方,バトルハウス,15,,
3441,ヒロセ,だいすきクラブ,3c,オメガルビー・アルファサファイア,,,,,,,02_daisukiclub.PNG,m,,ホウエン地方,バトルハウス,15,,
3442,オオノ,だいすきクラブ,3c,オメガルビー・アルファサファイア,,,,,,,02_daisukiclub.PNG,m,,ホウエン地方,バトルハウス,15,,
3443,アマナツ,だいすきクラブ,3c,オメガルビー・アルファサファイア,,,,,,,02_daisukiclub_f.PNG,f,,ホウエン地方,バトルハウス,15,,
3444,マリヒメ,だいすきクラブ,3c,オメガルビー・アルファサファイア,,,,,,,02_daisukiclub_f.PNG,f,,ホウエン地方,バトルハウス,15,,
3445,セトカ,だいすきクラブ,3c,オメガルビー・アルファサファイア,,,,,,,02_daisukiclub_f.PNG,f,,ホウエン地方,バトルハウス,15,,
3446,ニシ,やまおとこ,3c,オメガルビー・アルファサファイア,,,,,,,,,,ホウエン地方,バトルハウス,15,,
3447,セブリ,やまおとこ,3c,オメガルビー・アルファサファイア,,,,,,,,,,ホウエン地方,バトルハウス,15,,
3448,ディミトリ,ホープトレーナー,3c,オメガルビー・アルファサファイア,,,,,,,#N/A,m,,ホウエン地方,バトルハウス,15,,
3449,リュシー,ホープトレーナー,3c,オメガルビー・アルファサファイア,,,,,,,#N/A,f,,ホウエン地方,バトルハウス,15,,
3450,ココミ,メルヘンしょうじょ,3c,オメガルビー・アルファサファイア,,,,,,,,,,ホウエン地方,バトルハウス,15,,
3451,サクラン,メルヘンしょうじょ,3c,オメガルビー・アルファサファイア,,,,,,,,,,ホウエン地方,バトルハウス,15,,
3452,アイノ,メルヘンしょうじょ,3c,オメガルビー・アルファサファイア,,,,,,,,,,ホウエン地方,バトルハウス,15,,
3453,ゲンボウ,バッドガイ,3c,オメガルビー・アルファサファイア,,,,,,,,,,ホウエン地方,バトルハウス,15,,
3454,エンサイ,バッドガイ,3c,オメガルビー・アルファサファイア,,,,,,,,,,ホウエン地方,バトルハウス,15,,
3455,ホウネン,バッドガイ,3c,オメガルビー・アルファサファイア,,,,,,,,,,ホウエン地方,バトルハウス,15,,
3456,ミヅコ,バッドガール,3c,オメガルビー・アルファサファイア,,,,,,,,,,ホウエン地方,バトルハウス,15,,
3457,ルルミ,バッドガール,3c,オメガルビー・アルファサファイア,,,,,,,,,,ホウエン地方,バトルハウス,15,,
3458,サノヨ,バッドガール,3c,オメガルビー・アルファサファイア,,,,,,,,,,ホウエン地方,バトルハウス,15,,
3459,アジヨシ,りょうりにん,3c,オメガルビー・アルファサファイア,,,,,,,,,,ホウエン地方,バトルハウス,15,,
3460,アジノスケ,りょうりにん,3c,オメガルビー・アルファサファイア,,,,,,,,,,ホウエン地方,バトルハウス,15,,
3461,アジマサ,りょうりにん,3c,オメガルビー・アルファサファイア,,,,,,,,,,ホウエン地方,バトルハウス,15,,
3462,ブノワ,ホープトレーナー,3c,オメガルビー・アルファサファイア,,,,,,,#N/A,m,,ホウエン地方,バトルハウス,15,,
3463,チボー,ホープトレーナー,3c,オメガルビー・アルファサファイア,,,,,,,#N/A,m,,ホウエン地方,バトルハウス,15,,
3464,シャンタル,ホープトレーナー,3c,オメガルビー・アルファサファイア,,,,,,,#N/A,f,,ホウエン地方,バトルハウス,15,,
3465,エリーズ,ホープトレーナー,3c,オメガルビー・アルファサファイア,,,,,,,#N/A,f,,ホウエン地方,バトルハウス,15,,
3466,ダンキチ,しつじ,3c,オメガルビー・アルファサファイア,,,,,,,,,,ホウエン地方,バトルハウス,15,,
3467,トラジロウ,しつじ,3c,オメガルビー・アルファサファイア,,,,,,,,,,ホウエン地方,バトルハウス,15,,
3468,タイベエ,しつじ,3c,オメガルビー・アルファサファイア,,,,,,,,,,ホウエン地方,バトルハウス,15,,
3469,キリュウ,メイド,3c,オメガルビー・アルファサファイア,,,,,,,,,,ホウエン地方,バトルハウス,15,,
3470,オカリエ,メイド,3c,オメガルビー・アルファサファイア,,,,,,,,,,ホウエン地方,バトルハウス,15,,
3471,カヅキ,メイド,3c,オメガルビー・アルファサファイア,,,,,,,,,,ホウエン地方,バトルハウス,15,,
3472,クリノスケ,げいじゅつか,3c,オメガルビー・アルファサファイア,,,,,,,#N/A,m,,ホウエン地方,バトルハウス,15,,
3473,カキエモン,げいじゅつか,3c,オメガルビー・アルファサファイア,,,,,,,#N/A,m,,ホウエン地方,バトルハウス,15,,
3474,モモタロウ,げいじゅつか,3c,オメガルビー・アルファサファイア,,,,,,,#N/A,m,,ホウエン地方,バトルハウス,15,,
3475,マソオ,げいじゅつか,3c,オメガルビー・アルファサファイア,,,,,,,#N/A,f,,ホウエン地方,バトルハウス,15,,
3476,コイネズ,げいじゅつか,3c,オメガルビー・アルファサファイア,,,,,,,#N/A,f,,ホウエン地方,バトルハウス,15,,
3477,クリウメ,げいじゅつか,3c,オメガルビー・アルファサファイア,,,,,,,#N/A,f,,ホウエン地方,バトルハウス,15,,
3478,タテタロウ,さぎょういん,3c,オメガルビー・アルファサファイア,,,,,,,,2,,ホウエン地方,バトルハウス,15,,
3479,タテル,さぎょういん,3c,オメガルビー・アルファサファイア,,,,,,,,2,,ホウエン地方,バトルハウス,15,,
3480,タテシゲ,さぎょういん,3c,オメガルビー・アルファサファイア,,,,,,,#N/A,3,,ホウエン地方,バトルハウス,15,,
3481,タテタカ,さぎょういん,3c,オメガルビー・アルファサファイア,,,,,,,#N/A,3,,ホウエン地方,バトルハウス,15,,
3482,ゼット,ローラースケート,3c,オメガルビー・アルファサファイア,,,,,,,#N/A,m,,ホウエン地方,バトルハウス,15,,
3483,シーマ,ローラースケート,3c,オメガルビー・アルファサファイア,,,,,,,#N/A,m,,ホウエン地方,バトルハウス,15,,
3484,オデッセイ,ローラースケート,3c,オメガルビー・アルファサファイア,,,,,,,#N/A,f,,ホウエン地方,バトルハウス,15,,
3485,ミゼット,ローラースケート,3c,オメガルビー・アルファサファイア,,,,,,,#N/A,f,,ホウエン地方,バトルハウス,15,,
3486,イナバゴウ,にわし,3c,オメガルビー・アルファサファイア,,,,,,,,,,ホウエン地方,バトルハウス,15,,
3487,ヒザマル,にわし,3c,オメガルビー・アルファサファイア,,,,,,,,,,ホウエン地方,バトルハウス,15,,
3488,サバヨシ,りょうりにん,3c,オメガルビー・アルファサファイア,,,,,,,,,,ホウエン地方,バトルハウス,15,,
3489,カワキ,おとなのおねえさん,3c,オメガルビー・アルファサファイア,,,,,,,ORAS_onesan.PNG,,,ホウエン地方,バトルハウス,15,,
3490,アーテー,オーナー,3c,オメガルビー・アルファサファイア,,,,,,,,,,ホウエン地方,バトルハウス,15,,
3491,タウロース,オーナー,3c,オメガルビー・アルファサファイア,,,,,,,,,,ホウエン地方,バトルハウス,15,,
3492,クスミ,おとなのおねえさん,3c,オメガルビー・アルファサファイア,,,,,,,ORAS_onesan.PNG,,,ホウエン地方,バトルハウス,15,,
3493,タルミ,おとなのおねえさん,3c,オメガルビー・アルファサファイア,,,,,,,ORAS_onesan.PNG,,,ホウエン地方,バトルハウス,15,,
3494,カガミマル,ツアーきゃく,3c,オメガルビー・アルファサファイア,,,,,,,#N/A,m,,ホウエン地方,バトルハウス,15,,
3495,タゴサク,ツアーきゃく,3c,オメガルビー・アルファサファイア,,,,,,,#N/A,m,,ホウエン地方,バトルハウス,15,,
3496,ポハン,ツアーきゃく,3c,オメガルビー・アルファサファイア,,,,,,,#N/A,f,,ホウエン地方,バトルハウス,15,,
3497,マダケ,ツアーきゃく,3c,オメガルビー・アルファサファイア,,,,,,,#N/A,f,,ホウエン地方,バトルハウス,15,,
3498,シンタロウ,ムッシュ,3c,オメガルビー・アルファサファイア,,,,,,,,,,ホウエン地方,バトルハウス,15,,
3499,エンゾウ,ムッシュ,3c,オメガルビー・アルファサファイア,,,,,,,,,,ホウエン地方,バトルハウス,15,,
3500,ヒマリ,マダム,3c,オメガルビー・アルファサファイア,,,,,,,,,,ホウエン地方,バトルハウス,15,,
3501,リオ,マダム,3c,オメガルビー・アルファサファイア,,,,,,,,,,ホウエン地方,バトルハウス,15,,
3502,アックン,ポケモンブリーダー,3c,オメガルビー・アルファサファイア,,,,,,,,m,,ホウエン地方,バトルハウス,15,,
3503,カックン,ポケモンブリーダー,3c,オメガルビー・アルファサファイア,,,,,,,,m,,ホウエン地方,バトルハウス,15,,
3504,ロアン,ポケモンブリーダー,3c,オメガルビー・アルファサファイア,,,,,,,,f,,ホウエン地方,バトルハウス,15,,
3505,クロヒメ,ポケモンブリーダー,3c,オメガルビー・アルファサファイア,,,,,,,,f,,ホウエン地方,バトルハウス,15,,
3506,ツチバミ,たんぱんこぞう,3c,オメガルビー・アルファサファイア,,,,,,,02_tanpan.PNG,,,ホウエン地方,バトルハウス,15,,
3507,クワミズ,たんぱんこぞう,3c,オメガルビー・アルファサファイア,,,,,,,02_tanpan.PNG,,,ホウエン地方,バトルハウス,15,,
3508,オトガナ,ミニスカート,3c,オメガルビー・アルファサファイア,,,,,,,03_minisuka.PNG,,,ホウエン地方,バトルハウス,15,,
3509,カシノミネ,ミニスカート,3c,オメガルビー・アルファサファイア,,,,,,,03_minisuka.PNG,,,ホウエン地方,バトルハウス,15,,
3510,ロクロ,スクールボーイ,3c,オメガルビー・アルファサファイア,,,,,,,,,,ホウエン地方,バトルハウス,15,,
3511,ヨヘイ,スクールボーイ,3c,オメガルビー・アルファサファイア,,,,,,,,,,ホウエン地方,バトルハウス,15,,
3512,ワカタケ,スクールガール,3c,オメガルビー・アルファサファイア,,,,,,,,,,ホウエン地方,バトルハウス,15,,
3513,ツバル,スクールガール,3c,オメガルビー・アルファサファイア,,,,,,,,,,ホウエン地方,バトルハウス,15,,
3514,カミノゲ,おぼっちゃま,3c,オメガルビー・アルファサファイア,,,,,,,03_obottyama.PNG,,,ホウエン地方,バトルハウス,15,,
3515,ミソウズ,おぼっちゃま,3c,オメガルビー・アルファサファイア,,,,,,,03_obottyama.PNG,,,ホウエン地方,バトルハウス,15,,
3516,オギリハタ,おじょうさま,3c,オメガルビー・アルファサファイア,,,,,,,03_ojosama.PNG,,,ホウエン地方,バトルハウス,15,,
3517,カチユキ,おじょうさま,3c,オメガルビー・アルファサファイア,,,,,,,03_ojosama.PNG,,,ホウエン地方,バトルハウス,15,,
3518,ショウジン,えんじ,3c,オメガルビー・アルファサファイア,,,,,,,,m,,ホウエン地方,バトルハウス,15,,
3519,ショウノスケ,えんじ,3c,オメガルビー・アルファサファイア,,,,,,,,m,,ホウエン地方,バトルハウス,15,,
3520,ミニミ,えんじ,3c,オメガルビー・アルファサファイア,,,,,,,,f,,ホウエン地方,バトルハウス,15,,
3521,ミニエ,えんじ,3c,オメガルビー・アルファサファイア,,,,,,,,f,,ホウエン地方,バトルハウス,15,,
3522,ハルベルト,バックパッカー,3c,オメガルビー・アルファサファイア,,,,,,,,,,ホウエン地方,バトルハウス,15,,
3523,ヨタロウ,バックパッカー,3c,オメガルビー・アルファサファイア,,,,,,,,,,ホウエン地方,バトルハウス,15,,
3524,ビンロウ,ツアーきゃく,3c,オメガルビー・アルファサファイア,,,,,,,#N/A,f1,,ホウエン地方,バトルハウス,15,,
3525,チヅカ,ツアーきゃく,3c,オメガルビー・アルファサファイア,,,,,,,#N/A,f1,,ホウエン地方,バトルハウス,15,,
3526,ミツナリ,ギャルソン,3c,オメガルビー・アルファサファイア,,,,,,,,,,ホウエン地方,バトルハウス,15,,
3527,カタツネ,ギャルソン,3c,オメガルビー・アルファサファイア,,,,,,,,,,ホウエン地方,バトルハウス,15,,
3528,エンガワ,ウエイトレス,3c,オメガルビー・アルファサファイア,,,,,,,#N/A,,,ホウエン地方,バトルハウス,15,,
3529,コハダ,ウエイトレス,3c,オメガルビー・アルファサファイア,,,,,,,#N/A,,,ホウエン地方,バトルハウス,15,,
3530,チヂ,だいすきクラブ,3c,オメガルビー・アルファサファイア,,,,,,,#N/A,,,ホウエン地方,バトルハウス,15,,
3531,キモツキ,だいすきクラブ,3c,オメガルビー・アルファサファイア,,,,,,,#N/A,,,ホウエン地方,バトルハウス,15,,
3532,コチンダ,だいすきクラブ,3c,オメガルビー・アルファサファイア,,,,,,,#N/A,,,ホウエン地方,バトルハウス,15,,
3533,ガネコ,だいすきクラブ,3c,オメガルビー・アルファサファイア,,,,,,,#N/A,,,ホウエン地方,バトルハウス,15,,
3534,カバオ,やまおとこ,3c,オメガルビー・アルファサファイア,,,,,,,,,,ホウエン地方,バトルハウス,15,,
3535,ゲンゴロウ,やまおとこ,3c,オメガルビー・アルファサファイア,,,,,,,,,,ホウエン地方,バトルハウス,15,,
3536,ディディエ,ホープトレーナー,3c,オメガルビー・アルファサファイア,,,,,,,#N/A,m,,ホウエン地方,バトルハウス,15,,
3537,マチルド,ホープトレーナー,3c,オメガルビー・アルファサファイア,,,,,,,#N/A,f,,ホウエン地方,バトルハウス,15,,
3538,ウルミ,メルヘンしょうじょ,3c,オメガルビー・アルファサファイア,,,,,,,,,,ホウエン地方,バトルハウス,15,,
3539,ルンナ,メルヘンしょうじょ,3c,オメガルビー・アルファサファイア,,,,,,,,,,ホウエン地方,バトルハウス,15,,
3540,アイアイ,メルヘンしょうじょ,3c,オメガルビー・アルファサファイア,,,,,,,,,,ホウエン地方,バトルハウス,15,,
3541,ラクヤ,バッドガイ,3c,オメガルビー・アルファサファイア,,,,,,,,,,ホウエン地方,バトルハウス,15,,
3542,ロッカク,バッドガイ,3c,オメガルビー・アルファサファイア,,,,,,,,,,ホウエン地方,バトルハウス,15,,
3543,テッシン,バッドガイ,3c,オメガルビー・アルファサファイア,,,,,,,,,,ホウエン地方,バトルハウス,15,,
3544,ユーラリア,バッドガール,3c,オメガルビー・アルファサファイア,,,,,,,,,,ホウエン地方,バトルハウス,15,,
3545,アガタ,バッドガール,3c,オメガルビー・アルファサファイア,,,,,,,,,,ホウエン地方,バトルハウス,15,,
3546,ジャンヌ,バッドガール,3c,オメガルビー・アルファサファイア,,,,,,,,,,ホウエン地方,バトルハウス,15,,
3547,ボブジロウ,りょうりにん,3c,オメガルビー・アルファサファイア,,,,,,,,,,ホウエン地方,バトルハウス,15,,
3548,ボブノスケ,りょうりにん,3c,オメガルビー・アルファサファイア,,,,,,,,,,ホウエン地方,バトルハウス,15,,
3549,ボブベエ,りょうりにん,3c,オメガルビー・アルファサファイア,,,,,,,,,,ホウエン地方,バトルハウス,15,,
3550,マサ,しつじ,3c,オメガルビー・アルファサファイア,,,,,,,,,,ホウエン地方,バトルハウス,15,,
3551,マルカミ,しつじ,3c,オメガルビー・アルファサファイア,,,,,,,,,,ホウエン地方,バトルハウス,15,,
3552,テンジク,しつじ,3c,オメガルビー・アルファサファイア,,,,,,,,,,ホウエン地方,バトルハウス,15,,
3553,テツ,メイド,3c,オメガルビー・アルファサファイア,,,,,,,,,,ホウエン地方,バトルハウス,15,,
3554,ニッケイ,メイド,3c,オメガルビー・アルファサファイア,,,,,,,,,,ホウエン地方,バトルハウス,15,,
3555,サビアサギ,メイド,3c,オメガルビー・アルファサファイア,,,,,,,,,,ホウエン地方,バトルハウス,15,,
3556,シャンク,げいじゅつか,3c,オメガルビー・アルファサファイア,,,,,,,#N/A,m,,ホウエン地方,バトルハウス,15,,
3557,アイアン,げいじゅつか,3c,オメガルビー・アルファサファイア,,,,,,,#N/A,m,,ホウエン地方,バトルハウス,15,,
3558,ボギー,げいじゅつか,3c,オメガルビー・アルファサファイア,,,,,,,#N/A,m,,ホウエン地方,バトルハウス,15,,
3559,シッコク,げいじゅつか,3c,オメガルビー・アルファサファイア,,,,,,,#N/A,f,,ホウエン地方,バトルハウス,15,,
3560,マソボ,げいじゅつか,3c,オメガルビー・アルファサファイア,,,,,,,#N/A,f,,ホウエン地方,バトルハウス,15,,
3561,カリヤス,げいじゅつか,3c,オメガルビー・アルファサファイア,,,,,,,#N/A,f,,ホウエン地方,バトルハウス,15,,
3562,アントク,さぎょういん,3c,オメガルビー・アルファサファイア,,,,,,,,2,,ホウエン地方,バトルハウス,15,,
3563,トキヒト,さぎょういん,3c,オメガルビー・アルファサファイア,,,,,,,,2,,ホウエン地方,バトルハウス,15,,
3564,ユキムラ,さぎょういん,3c,オメガルビー・アルファサファイア,,,,,,,#N/A,3,,ホウエン地方,バトルハウス,15,,
3565,ウジマサ,さぎょういん,3c,オメガルビー・アルファサファイア,,,,,,,#N/A,3,,ホウエン地方,バトルハウス,15,,
3566,カブリオ,ローラースケート,3c,オメガルビー・アルファサファイア,,,,,,,#N/A,m,,ホウエン地方,バトルハウス,15,,
3567,ミラジーノ,ローラースケート,3c,オメガルビー・アルファサファイア,,,,,,,#N/A,m,,ホウエン地方,バトルハウス,15,,
3568,セリカ,ローラースケート,3c,オメガルビー・アルファサファイア,,,,,,,#N/A,f,,ホウエン地方,バトルハウス,15,,
3569,アコード,ローラースケート,3c,オメガルビー・アルファサファイア,,,,,,,#N/A,f,,ホウエン地方,バトルハウス,15,,
3570,ファブリス,ホープトレーナー,3c,オメガルビー・アルファサファイア,,,,,,,#N/A,m,,ホウエン地方,バトルハウス,15,,
3571,フロリアン,ホープトレーナー,3c,オメガルビー・アルファサファイア,,,,,,,#N/A,m,,ホウエン地方,バトルハウス,15,,
3572,カロル,ホープトレーナー,3c,オメガルビー・アルファサファイア,,,,,,,#N/A,f,,ホウエン地方,バトルハウス,15,,
3573,リュシル,ホープトレーナー,3c,オメガルビー・アルファサファイア,,,,,,,#N/A,f,,ホウエン地方,バトルハウス,15,,
3574,パリエ,おとなのおねえさん,3c,オメガルビー・アルファサファイア,,,,,,,ORAS_onesan.PNG,,,ホウエン地方,バトルハウス,15,,
3575,パリミ,おとなのおねえさん,3c,オメガルビー・アルファサファイア,,,,,,,ORAS_onesan.PNG,,,ホウエン地方,バトルハウス,15,,
3576,マティス,にわし,3c,オメガルビー・アルファサファイア,,,,,,,,,,ホウエン地方,バトルハウス,15,,
3577,ルルー,にわし,3c,オメガルビー・アルファサファイア,,,,,,,,,,ホウエン地方,バトルハウス,15,,
3578,タイジン,りょうりにん,3c,オメガルビー・アルファサファイア,,,,,,,,,,ホウエン地方,バトルハウス,15,,
3579,ウサギ,おとなのおねえさん,3c,オメガルビー・アルファサファイア,,,,,,,ORAS_onesan.PNG,,,ホウエン地方,バトルハウス,15,,
3580,ウォンポー,ツアーきゃく,3c,オメガルビー・アルファサファイア,,,,,,,#N/A,m,,ホウエン地方,バトルハウス,15,,
3581,タイクーシン,ツアーきゃく,3c,オメガルビー・アルファサファイア,,,,,,,#N/A,m,,ホウエン地方,バトルハウス,15,,
3582,カイタック,ツアーきゃく,3c,オメガルビー・アルファサファイア,,,,,,,#N/A,m,,ホウエン地方,バトルハウス,15,,
3583,スタンレー,ツアーきゃく,3c,オメガルビー・アルファサファイア,,,,,,,#N/A,f,,ホウエン地方,バトルハウス,15,,
3584,シャーティン,ツアーきゃく,3c,オメガルビー・アルファサファイア,,,,,,,#N/A,f,,ホウエン地方,バトルハウス,15,,
3585,リャンガン,ツアーきゃく,3c,オメガルビー・アルファサファイア,,,,,,,#N/A,f,,ホウエン地方,バトルハウス,15,,
3586,ダニイル,ポケモンブリーダー,3c,オメガルビー・アルファサファイア,,,,,,,,m,,ホウエン地方,バトルハウス,15,,
3587,フョードル,ポケモンブリーダー,3c,オメガルビー・アルファサファイア,,,,,,,,m,,ホウエン地方,バトルハウス,15,,
3588,マキエ,ポケモンブリーダー,3c,オメガルビー・アルファサファイア,,,,,,,,f,,ホウエン地方,バトルハウス,15,,
3589,ウルシ,ポケモンブリーダー,3c,オメガルビー・アルファサファイア,,,,,,,,f,,ホウエン地方,バトルハウス,15,,
3590,モリリン,ムッシュ,3c,オメガルビー・アルファサファイア,,,,,,,,,,ホウエン地方,バトルハウス,15,,
3591,ミズノスケ,ムッシュ,3c,オメガルビー・アルファサファイア,,,,,,,,,,ホウエン地方,バトルハウス,15,,
3592,ウソブキ,マダム,3c,オメガルビー・アルファサファイア,,,,,,,,,,ホウエン地方,バトルハウス,15,,
3593,オタフク,マダム,3c,オメガルビー・アルファサファイア,,,,,,,,,,ホウエン地方,バトルハウス,15,,
3594,ギャル,ふりそで,3c,オメガルビー・アルファサファイア,,,,,,,#N/A,4,,ホウエン地方,バトルハウス,15,,
3595,マレマレ,ふりそで,3c,オメガルビー・アルファサファイア,,,,,,,#N/A,5,,ホウエン地方,バトルハウス,15,,
3596,エーオース,オーナー,3c,オメガルビー・アルファサファイア,,,,,,,,,,ホウエン地方,バトルハウス,15,,
3597,ヘーメラー,オーナー,3c,オメガルビー・アルファサファイア,,,,,,,,,,ホウエン地方,バトルハウス,15,,
3598,ヤブサメ,けんきゅういん,3c,オメガルビー・アルファサファイア,,,,,,,,m,,ホウエン地方,バトルハウス,15,,
3599,ウツケ,けんきゅういん,3c,オメガルビー・アルファサファイア,,,,,,,,m,,ホウエン地方,バトルハウス,15,,
3600,フトコロ,けんきゅういん,3c,オメガルビー・アルファサファイア,,,,,,,,m,,ホウエン地方,バトルハウス,15,,
3601,ロッテ,けんきゅういん,3c,オメガルビー・アルファサファイア,,,,,,,,f,,ホウエン地方,バトルハウス,15,,
3602,テレーゼ,けんきゅういん,3c,オメガルビー・アルファサファイア,,,,,,,,f,,ホウエン地方,バトルハウス,15,,
3603,ツヤコ,けんきゅういん,3c,オメガルビー・アルファサファイア,,,,,,,,f,,ホウエン地方,バトルハウス,15,,
3604,ボルドバト,サイキッカー,3c,オメガルビー・アルファサファイア,,,,,,,#N/A,,,ホウエン地方,バトルハウス,15,,
3605,ソロンゴ,サイキッカー,3c,オメガルビー・アルファサファイア,,,,,,,#N/A,,,ホウエン地方,バトルハウス,15,,
3606,ハーン,サイキッカー,3c,オメガルビー・アルファサファイア,,,,,,,#N/A,,,ホウエン地方,バトルハウス,15,,
3607,ジャッキィ,オカルトマニア,3c,オメガルビー・アルファサファイア,,,,,,,,,,ホウエン地方,バトルハウス,15,,
3608,ヘンリィ,オカルトマニア,3c,オメガルビー・アルファサファイア,,,,,,,,,,ホウエン地方,バトルハウス,15,,
3609,マムー,オカルトマニア,3c,オメガルビー・アルファサファイア,,,,,,,,,,ホウエン地方,バトルハウス,15,,
3610,ウンスー,カラテおう,3c,オメガルビー・アルファサファイア,,,,,,,,,,ホウエン地方,バトルハウス,15,,
3611,ハリマオ,カラテおう,3c,オメガルビー・アルファサファイア,,,,,,,,,,ホウエン地方,バトルハウス,15,,
3612,エンピ,カラテおう,3c,オメガルビー・アルファサファイア,,,,,,,,,,ホウエン地方,バトルハウス,15,,
3613,テンホウ,バトルガール,3c,オメガルビー・アルファサファイア,,,,,,,,,,ホウエン地方,バトルハウス,15,,
3614,チーホウ,バトルガール,3c,オメガルビー・アルファサファイア,,,,,,,,,,ホウエン地方,バトルハウス,15,,
3615,スーカンツ,バトルガール,3c,オメガルビー・アルファサファイア,,,,,,,,,,ホウエン地方,バトルハウス,15,,
3616,ススタケ,ポケモンレンジャー,3c,オメガルビー・アルファサファイア,,,,,,,,m,,ホウエン地方,バトルハウス,15,,
3617,マウス,ポケモンレンジャー,3c,オメガルビー・アルファサファイア,,,,,,,,m,,ホウエン地方,バトルハウス,15,,
3618,カメノゾキ,ポケモンレンジャー,3c,オメガルビー・アルファサファイア,,,,,,,,m,,ホウエン地方,バトルハウス,15,,
3619,テラコッタ,ポケモンレンジャー,3c,オメガルビー・アルファサファイア,,,,,,,,f,,ホウエン地方,バトルハウス,15,,
3620,バフ,ポケモンレンジャー,3c,オメガルビー・アルファサファイア,,,,,,,,f,,ホウエン地方,バトルハウス,15,,
3621,ボルドー,ポケモンレンジャー,3c,オメガルビー・アルファサファイア,,,,,,,,f,,ホウエン地方,バトルハウス,15,,
3622,マツウシ,エリートトレーナー,3c,オメガルビー・アルファサファイア,,,,,,,02_elite_m.PNG,m,,ホウエン地方,バトルハウス,15,,
3623,ツルマツ,エリートトレーナー,3c,オメガルビー・アルファサファイア,,,,,,,02_elite_m.PNG,m,,ホウエン地方,バトルハウス,15,,
3624,サエモン,エリートトレーナー,3c,オメガルビー・アルファサファイア,,,,,,,02_elite_m.PNG,m,,ホウエン地方,バトルハウス,15,,
3625,グエン,エリートトレーナー,3c,オメガルビー・アルファサファイア,,,,,,,04_elite_f.PNG,f,,ホウエン地方,バトルハウス,15,,
3626,ムーイ,エリートトレーナー,3c,オメガルビー・アルファサファイア,,,,,,,04_elite_f.PNG,f,,ホウエン地方,バトルハウス,15,,
3627,パーム,エリートトレーナー,3c,オメガルビー・アルファサファイア,,,,,,,04_elite_f.PNG,f,,ホウエン地方,バトルハウス,15,,
3628,ポンタ,ベテラントレーナー,3c,オメガルビー・アルファサファイア,,,,,,,#N/A,m,,ホウエン地方,バトルハウス,15,,
3629,ドンタ,ベテラントレーナー,3c,オメガルビー・アルファサファイア,,,,,,,#N/A,m,,ホウエン地方,バトルハウス,15,,
3630,マゴベエ,ベテラントレーナー,3c,オメガルビー・アルファサファイア,,,,,,,#N/A,m,,ホウエン地方,バトルハウス,15,,
3631,シンマル,ベテラントレーナー,3c,オメガルビー・アルファサファイア,,,,,,,#N/A,m,,ホウエン地方,バトルハウス,15,,
3632,ヤマウバ,ベテラントレーナー,3c,オメガルビー・アルファサファイア,,,,,,,#N/A,f,,ホウエン地方,バトルハウス,15,,
3633,シンジャ,ベテラントレーナー,3c,オメガルビー・アルファサファイア,,,,,,,#N/A,f,,ホウエン地方,バトルハウス,15,,
3634,ナマナリ,ベテラントレーナー,3c,オメガルビー・アルファサファイア,,,,,,,#N/A,f,,ホウエン地方,バトルハウス,15,,
3635,ハンニャ,ベテラントレーナー,3c,オメガルビー・アルファサファイア,,,,,,,#N/A,f,,ホウエン地方,バトルハウス,15,,
3636,セドリック,バックパッカー,3c,オメガルビー・アルファサファイア,,,,,,,,,,ホウエン地方,バトルハウス,15,,
3637,シモン,バックパッカー,3c,オメガルビー・アルファサファイア,,,,,,,,,,ホウエン地方,バトルハウス,15,,
3638,ヘイズ,ツアーきゃく,3c,オメガルビー・アルファサファイア,,,,,,,#N/A,f1,,ホウエン地方,バトルハウス,15,,
3639,ミスティ,ツアーきゃく,3c,オメガルビー・アルファサファイア,,,,,,,#N/A,f1,,ホウエン地方,バトルハウス,15,,
3640,ハイサム,ギャルソン,3c,オメガルビー・アルファサファイア,,,,,,,,,,ホウエン地方,バトルハウス,15,,
3641,コンニョン,ギャルソン,3c,オメガルビー・アルファサファイア,,,,,,,,,,ホウエン地方,バトルハウス,15,,
3642,ハマチ,ウエイトレス,3c,オメガルビー・アルファサファイア,,,,,,,#N/A,,,ホウエン地方,バトルハウス,15,,
3643,イクラ,ウエイトレス,3c,オメガルビー・アルファサファイア,,,,,,,#N/A,,,ホウエン地方,バトルハウス,15,,
3644,ジョルジュ,やまおとこ,3c,オメガルビー・アルファサファイア,,,,,,,,,,ホウエン地方,バトルハウス,15,,
3645,サミュエル,やまおとこ,3c,オメガルビー・アルファサファイア,,,,,,,,,,ホウエン地方,バトルハウス,15,,
3646,アンコ,エリートトレーナー,3c,オメガルビー・アルファサファイア,,,,,,,02_elite_m.PNG,m,,ホウエン地方,バトルハウス,15,,
3647,ソップ,エリートトレーナー,3c,オメガルビー・アルファサファイア,,,,,,,04_elite_f.PNG,f,,ホウエン地方,バトルハウス,15,,
3648,ベゾルブ,オカルトマニア,3c,オメガルビー・アルファサファイア,,,,,,,,,,ホウエン地方,バトルハウス,15,,
3649,マリィー,オカルトマニア,3c,オメガルビー・アルファサファイア,,,,,,,,,,ホウエン地方,バトルハウス,15,,
3650,ナンゼン,バッドガイ,3c,オメガルビー・アルファサファイア,,,,,,,,,,ホウエン地方,バトルハウス,15,,
3651,フドウ,バッドガイ,3c,オメガルビー・アルファサファイア,,,,,,,,,,ホウエン地方,バトルハウス,15,,
3652,ワルエ,バッドガール,3c,オメガルビー・アルファサファイア,,,,,,,,,,ホウエン地方,バトルハウス,15,,
3653,ワルミ,バッドガール,3c,オメガルビー・アルファサファイア,,,,,,,,,,ホウエン地方,バトルハウス,15,,
3654,ブリキチ,りょうりにん,3c,オメガルビー・アルファサファイア,,,,,,,,,,ホウエン地方,バトルハウス,15,,
3655,ブリノリ,りょうりにん,3c,オメガルビー・アルファサファイア,,,,,,,,,,ホウエン地方,バトルハウス,15,,
3656,ダイアズマ,しつじ,3c,オメガルビー・アルファサファイア,,,,,,,,,,ホウエン地方,バトルハウス,15,,
3657,ガッツマン,しつじ,3c,オメガルビー・アルファサファイア,,,,,,,,,,ホウエン地方,バトルハウス,15,,
3658,アム,メイド,3c,オメガルビー・アルファサファイア,,,,,,,,,,ホウエン地方,バトルハウス,15,,
3659,ニコル,メイド,3c,オメガルビー・アルファサファイア,,,,,,,,,,ホウエン地方,バトルハウス,15,,
3660,ヘチカン,げいじゅつか,3c,オメガルビー・アルファサファイア,,,,,,,#N/A,m,,ホウエン地方,バトルハウス,15,,
3661,リキュウ,げいじゅつか,3c,オメガルビー・アルファサファイア,,,,,,,#N/A,m,,ホウエン地方,バトルハウス,15,,
3662,カラスバ,げいじゅつか,3c,オメガルビー・アルファサファイア,,,,,,,#N/A,f,,ホウエン地方,バトルハウス,15,,
3663,ロクショウ,げいじゅつか,3c,オメガルビー・アルファサファイア,,,,,,,#N/A,f,,ホウエン地方,バトルハウス,15,,
3664,ロマン,さぎょういん,3c,オメガルビー・アルファサファイア,,,,,,,,2,,ホウエン地方,バトルハウス,15,,
3665,バレリー,さぎょういん,3c,オメガルビー・アルファサファイア,,,,,,,,2,,ホウエン地方,バトルハウス,15,,
3666,コレチカ,さぎょういん,3c,オメガルビー・アルファサファイア,,,,,,,#N/A,3,,ホウエン地方,バトルハウス,15,,
3667,ノリカタ,さぎょういん,3c,オメガルビー・アルファサファイア,,,,,,,#N/A,3,,ホウエン地方,バトルハウス,15,,
3668,スボシ,ローラースケート,3c,オメガルビー・アルファサファイア,,,,,,,#N/A,m,,ホウエン地方,バトルハウス,15,,
3669,トミテ,ローラースケート,3c,オメガルビー・アルファサファイア,,,,,,,#N/A,m,,ホウエン地方,バトルハウス,15,,
3670,エキエ,ローラースケート,3c,オメガルビー・アルファサファイア,,,,,,,#N/A,f,,ホウエン地方,バトルハウス,15,,
3671,チリコ,ローラースケート,3c,オメガルビー・アルファサファイア,,,,,,,#N/A,f,,ホウエン地方,バトルハウス,15,,
3672,エチエンヌ,ベテラントレーナー,3c,オメガルビー・アルファサファイア,,,,,,,#N/A,m,,ホウエン地方,バトルハウス,15,,
3673,マクシム,ベテラントレーナー,3c,オメガルビー・アルファサファイア,,,,,,,#N/A,m,,ホウエン地方,バトルハウス,15,,
3674,オディール,ベテラントレーナー,3c,オメガルビー・アルファサファイア,,,,,,,#N/A,f,,ホウエン地方,バトルハウス,15,,
3675,ジゼール,ベテラントレーナー,3c,オメガルビー・アルファサファイア,,,,,,,#N/A,f,,ホウエン地方,バトルハウス,15,,
3676,カルロスベエ,りょうりにん,3c,オメガルビー・アルファサファイア,,,,,,,,,,ホウエン地方,バトルハウス,15,,
3677,ワン,りょうりにん,3c,オメガルビー・アルファサファイア,,,,,,,,,,ホウエン地方,バトルハウス,15,,
3678,ミリ,おとなのおねえさん,3c,オメガルビー・アルファサファイア,,,,,,,ORAS_onesan.PNG,,,ホウエン地方,バトルハウス,15,,
3679,ナチ,おとなのおねえさん,3c,オメガルビー・アルファサファイア,,,,,,,ORAS_onesan.PNG,,,ホウエン地方,バトルハウス,15,,
3680,コトリ,おとなのおねえさん,3c,オメガルビー・アルファサファイア,,,,,,,ORAS_onesan.PNG,,,ホウエン地方,バトルハウス,15,,
3681,ヒヨコ,おとなのおねえさん,3c,オメガルビー・アルファサファイア,,,,,,,ORAS_onesan.PNG,,,ホウエン地方,バトルハウス,15,,
3682,ジッカンジ,ツアーきゃく,3c,オメガルビー・アルファサファイア,,,,,,,#N/A,m,,ホウエン地方,バトルハウス,15,,
3683,トミグスク,ツアーきゃく,3c,オメガルビー・アルファサファイア,,,,,,,#N/A,m,,ホウエン地方,バトルハウス,15,,
3684,アガリヤマ,ツアーきゃく,3c,オメガルビー・アルファサファイア,,,,,,,#N/A,f,,ホウエン地方,バトルハウス,15,,
3685,オドンジキ,ツアーきゃく,3c,オメガルビー・アルファサファイア,,,,,,,#N/A,f,,ホウエン地方,バトルハウス,15,,
3686,マンタロウ,ポケモンブリーダー,3c,オメガルビー・アルファサファイア,,,,,,,,m,,ホウエン地方,バトルハウス,15,,
3687,チョウジロウ,ポケモンブリーダー,3c,オメガルビー・アルファサファイア,,,,,,,,m,,ホウエン地方,バトルハウス,15,,
3688,センコ,ポケモンブリーダー,3c,オメガルビー・アルファサファイア,,,,,,,,f,,ホウエン地方,バトルハウス,15,,
3689,ジュウ,ポケモンブリーダー,3c,オメガルビー・アルファサファイア,,,,,,,,f,,ホウエン地方,バトルハウス,15,,
3690,カミュ,ムッシュ,3c,オメガルビー・アルファサファイア,,,,,,,,,,ホウエン地方,バトルハウス,15,,
3691,リルケ,ムッシュ,3c,オメガルビー・アルファサファイア,,,,,,,,,,ホウエン地方,バトルハウス,15,,
3692,モユ,マダム,3c,オメガルビー・アルファサファイア,,,,,,,,,,ホウエン地方,バトルハウス,15,,
3693,ルイカ,マダム,3c,オメガルビー・アルファサファイア,,,,,,,,,,ホウエン地方,バトルハウス,15,,
3694,カンノン,ふりそで,3c,オメガルビー・アルファサファイア,,,,,,,#N/A,6,,ホウエン地方,バトルハウス,15,,
3695,ニグラウス,ふりそで,3c,オメガルビー・アルファサファイア,,,,,,,#N/A,7,,ホウエン地方,バトルハウス,15,,
3696,ハナオ,たんぱんこぞう,7,サン・ムーン,,,,,,,02_tanpan.PNG,,,アローラ地方,バトルツリー,16,,
3697,ロビン,たんぱんこぞう,7,サン・ムーン,,,,,,,02_tanpan.PNG,,,アローラ地方,バトルツリー,16,,
3698,パネ,たんぱんこぞう,7,サン・ムーン,,,,,,,02_tanpan.PNG,,,アローラ地方,バトルツリー,16,,
3699,サヘイジ,たんぱんこぞう,7,サン・ムーン,,,,,,,02_tanpan.PNG,,,アローラ地方,バトルツリー,16,,
3700,セツコ,ミニスカート,7,サン・ムーン,,,,,,,04_minisuka.PNG,,,アローラ地方,バトルツリー,16,,
3701,マルベル,ミニスカート,7,サン・ムーン,,,,,,,04_minisuka.PNG,,,アローラ地方,バトルツリー,16,,
3702,ラパパ,ミニスカート,7,サン・ムーン,,,,,,,04_minisuka.PNG,,,アローラ地方,バトルツリー,16,,
3703,チャン,ミニスカート,7,サン・ムーン,,,,,,,04_minisuka.PNG,,,アローラ地方,バトルツリー,16,,
3704,サダハル,えんじ,7,サン・ムーン,,,,,,,05_enji_m.PNG,m,,アローラ地方,バトルツリー,16,,
3705,リコ,えんじ,7,サン・ムーン,,,,,,,05_enji_m.PNG,m,,アローラ地方,バトルツリー,16,,
3706,ロッキー,えんじ,7,サン・ムーン,,,,,,,05_enji_m.PNG,m,,アローラ地方,バトルツリー,16,,
3707,カン,えんじ,7,サン・ムーン,,,,,,,05_enji_m.PNG,m,,アローラ地方,バトルツリー,16,,
3708,チロル,えんじ,7,サン・ムーン,,,,,,,,f,,アローラ地方,バトルツリー,16,,
3709,マニマニ,えんじ,7,サン・ムーン,,,,,,,,f,,アローラ地方,バトルツリー,16,,
3710,ヘレン,えんじ,7,サン・ムーン,,,,,,,,f,,アローラ地方,バトルツリー,16,,
3711,ヨン,えんじ,7,サン・ムーン,,,,,,,,f,,アローラ地方,バトルツリー,16,,
3712,ツキカ,バックパッカー,7,サン・ムーン,,,,,,,,,,アローラ地方,バトルツリー,16,,
3713,カデラ,バックパッカー,7,サン・ムーン,,,,,,,,,,アローラ地方,バトルツリー,16,,
3714,カズコ,バックパッカー,7,サン・ムーン,,,,,,,,,,アローラ地方,バトルツリー,16,,
3715,コーリャン,バックパッカー,7,サン・ムーン,,,,,,,,,,アローラ地方,バトルツリー,16,,
3716,ジンゴロウ,やまおとこ,7,サン・ムーン,,,,,,,,,,アローラ地方,バトルツリー,16,,
3717,ハナホー,やまおとこ,7,サン・ムーン,,,,,,,,,,アローラ地方,バトルツリー,16,,
3718,ヒルノヤマ,やまおとこ,7,サン・ムーン,,,,,,,,,,アローラ地方,バトルツリー,16,,
3719,レヴィン,やまおとこ,7,サン・ムーン,,,,,,,,,,アローラ地方,バトルツリー,16,,
3720,ペルシャ,ビジネスマン,7,サン・ムーン,,,,,,,,,,アローラ地方,バトルツリー,16,,
3721,カナカ,ビジネスマン,7,サン・ムーン,,,,,,,,,,アローラ地方,バトルツリー,16,,
3722,カンナヅキ,ビジネスマン,7,サン・ムーン,,,,,,,,,,アローラ地方,バトルツリー,16,,
3723,セリコ,OL,7,サン・ムーン,,,,,,,,,,アローラ地方,バトルツリー,16,,
3724,ビビコ,OL,7,サン・ムーン,,,,,,,,,,アローラ地方,バトルツリー,16,,
3725,ドミニカ,OL,7,サン・ムーン,,,,,,,,,,アローラ地方,バトルツリー,16,,
3726,セイギ,バッドガイ,7,サン・ムーン,,,,,,,,,,アローラ地方,バトルツリー,16,,
3727,サンレイタ,バッドガイ,7,サン・ムーン,,,,,,,,,,アローラ地方,バトルツリー,16,,
3728,ドロン,バッドガイ,7,サン・ムーン,,,,,,,,,,アローラ地方,バトルツリー,16,,
3729,サブタロウ,バッドガイ,7,サン・ムーン,,,,,,,,,,アローラ地方,バトルツリー,16,,
3730,キャリーコ,バッドガール,7,サン・ムーン,,,,,,,,,,アローラ地方,バトルツリー,16,,
3731,ハウピア,バッドガール,7,サン・ムーン,,,,,,,,,,アローラ地方,バトルツリー,16,,
3732,チヨギク,バッドガール,7,サン・ムーン,,,,,,,,,,アローラ地方,バトルツリー,16,,
3733,アワビ,バッドガール,7,サン・ムーン,,,,,,,,,,アローラ地方,バトルツリー,16,,
3734,ヤスキヨ,スポーツしょうねん,7,サン・ムーン,,,,,,,,,,アローラ地方,バトルツリー,16,,
3735,フナ,スポーツしょうねん,7,サン・ムーン,,,,,,,,,,アローラ地方,バトルツリー,16,,
3736,ヨヘイ,スポーツしょうねん,7,サン・ムーン,,,,,,,,,,アローラ地方,バトルツリー,16,,
3737,チスヅ,スポーツしょうじょ,7,サン・ムーン,,,,,,,,,,アローラ地方,バトルツリー,16,,
3738,カイウラニ,スポーツしょうじょ,7,サン・ムーン,,,,,,,,,,アローラ地方,バトルツリー,16,,
3739,グリップ,スポーツしょうじょ,7,サン・ムーン,,,,,,,,,,アローラ地方,バトルツリー,16,,
3740,ティロー,ホープトレーナー,7,サン・ムーン,,,,,,,#N/A,m,,アローラ地方,バトルツリー,16,,
3741,ケパノ,ホープトレーナー,7,サン・ムーン,,,,,,,#N/A,m,,アローラ地方,バトルツリー,16,,
3742,リョウタイ,ホープトレーナー,7,サン・ムーン,,,,,,,#N/A,m,,アローラ地方,バトルツリー,16,,
3743,エヅ,ホープトレーナー,7,サン・ムーン,,,,,,,#N/A,f,,アローラ地方,バトルツリー,16,,
3744,キロハナ,ホープトレーナー,7,サン・ムーン,,,,,,,#N/A,f,,アローラ地方,バトルツリー,16,,
3745,ココミ,ホープトレーナー,7,サン・ムーン,,,,,,,#N/A,f,,アローラ地方,バトルツリー,16,,
3746,イクタンク,かんこうきゃく,7,サン・ムーン,,,,,,,#N/A,m,,アローラ地方,バトルツリー,16,,
3747,ソウソウ,かんこうきゃく,7,サン・ムーン,,,,,,,#N/A,m,,アローラ地方,バトルツリー,16,,
3748,フー,かんこうきゃく,7,サン・ムーン,,,,,,,#N/A,m,,アローラ地方,バトルツリー,16,,
3749,ガンリョウ,かんこうきゃく,7,サン・ムーン,,,,,,,#N/A,f,,アローラ地方,バトルツリー,16,,
3750,リョモウ,かんこうきゃく,7,サン・ムーン,,,,,,,#N/A,f,,アローラ地方,バトルツリー,16,,
3751,ロ,かんこうきゃく,7,サン・ムーン,,,,,,,#N/A,f,,アローラ地方,バトルツリー,16,,
3752,ヒラツカ,せいそういん,7,サン・ムーン,,,,,,,,,,アローラ地方,バトルツリー,16,,
3753,マー,せいそういん,7,サン・ムーン,,,,,,,,,,アローラ地方,バトルツリー,16,,
3754,ペクチュン,せいそういん,7,サン・ムーン,,,,,,,,,,アローラ地方,バトルツリー,16,,
3755,アオクー,さぎょういん,7,サン・ムーン,,,,,,,,,,アローラ地方,バトルツリー,16,,
3756,マロニエ,さぎょういん,7,サン・ムーン,,,,,,,,,,アローラ地方,バトルツリー,16,,
3757,ベンハミン,さぎょういん,7,サン・ムーン,,,,,,,,,,アローラ地方,バトルツリー,16,,
3758,ヒコスケ,ジェントルマン,7,サン・ムーン,,,,,,,,,,アローラ地方,バトルツリー,16,,
3759,ジョセフ,ジェントルマン,7,サン・ムーン,,,,,,,,,,アローラ地方,バトルツリー,16,,
3760,ウハネ,ジェントルマン,7,サン・ムーン,,,,,,,,,,アローラ地方,バトルツリー,16,,
3761,ココハ,マダム,7,サン・ムーン,,,,,,,,,,アローラ地方,バトルツリー,16,,
3762,クリスティ,マダム,7,サン・ムーン,,,,,,,,,,アローラ地方,バトルツリー,16,,
3763,ヴェリナ,マダム,7,サン・ムーン,,,,,,,,,,アローラ地方,バトルツリー,16,,
3764,デッドマン,ポケモンコレクター,7,サン・ムーン,,,,,,,,,,アローラ地方,バトルツリー,16,,
3765,ノブナガ,ポケモンコレクター,7,サン・ムーン,,,,,,,,,,アローラ地方,バトルツリー,16,,
3766,キンジロウ,ゴルファー,7,サン・ムーン,,,,,,,#N/A,m,,アローラ地方,バトルツリー,16,,
3767,ハウマーナ,ゴルファー,7,サン・ムーン,,,,,,,#N/A,m,,アローラ地方,バトルツリー,16,,
3768,イエヤス,ゴルファー,7,サン・ムーン,,,,,,,#N/A,m,,アローラ地方,バトルツリー,16,,
3769,デパルマ,ゴルファー,7,サン・ムーン,,,,,,,#N/A,f,,アローラ地方,バトルツリー,16,,
3770,シノノメ,ゴルファー,7,サン・ムーン,,,,,,,#N/A,f,,アローラ地方,バトルツリー,16,,
3771,キララ,ゴルファー,7,サン・ムーン,,,,,,,#N/A,f,,アローラ地方,バトルツリー,16,,
3772,ネドリ,ポケモンブリーダー,7,サン・ムーン,,,,,,,,m,,アローラ地方,バトルツリー,16,,
3773,クーリー,ポケモンブリーダー,7,サン・ムーン,,,,,,,,m,,アローラ地方,バトルツリー,16,,
3774,キンタロウ,ポケモンブリーダー,7,サン・ムーン,,,,,,,,m,,アローラ地方,バトルツリー,16,,
3775,レタ,ポケモンブリーダー,7,サン・ムーン,,,,,,,,f,,アローラ地方,バトルツリー,16,,
3776,イヅミ,ポケモンブリーダー,7,サン・ムーン,,,,,,,,f,,アローラ地方,バトルツリー,16,,
3777,エイヴァ,ポケモンブリーダー,7,サン・ムーン,,,,,,,,f,,アローラ地方,バトルツリー,16,,
3778,ダイソン,ベルボーイ,7,サン・ムーン,,,,,,,,,,アローラ地方,バトルツリー,16,,
3779,パーケー,ベルボーイ,7,サン・ムーン,,,,,,,,,,アローラ地方,バトルツリー,16,,
3780,ゼロ,ベルボーイ,7,サン・ムーン,,,,,,,,,,アローラ地方,バトルツリー,16,,
3781,イリコダシ,コック,7,サン・ムーン,,,,,,,,,,アローラ地方,バトルツリー,16,,
3782,アゴダシ,コック,7,サン・ムーン,,,,,,,,,,アローラ地方,バトルツリー,16,,
3783,フォン,コック,7,サン・ムーン,,,,,,,,,,アローラ地方,バトルツリー,16,,
3784,デンシチ,ファイヤーマン,7,サン・ムーン,,,,,,,,,,アローラ地方,バトルツリー,16,,
3785,カオナ,ファイヤーマン,7,サン・ムーン,,,,,,,,,,アローラ地方,バトルツリー,16,,
3786,オウモウ,おまわりさん,7,サン・ムーン,,,,,,,,,,アローラ地方,バトルツリー,16,,
3787,ルパン,おまわりさん,7,サン・ムーン,,,,,,,,,,アローラ地方,バトルツリー,16,,
3788,ベンゾー,おまわりさん,7,サン・ムーン,,,,,,,,,,アローラ地方,バトルツリー,16,,
3789,メス,けんきゅういん,7,サン・ムーン,,,,,,,#N/A,,,アローラ地方,バトルツリー,16,,
3790,パフル,けんきゅういん,7,サン・ムーン,,,,,,,02_kenkyu.PNG,m,,アローラ地方,バトルツリー,16,,
3791,ボルト,けんきゅういん,7,サン・ムーン,,,,,,,02_kenkyu.PNG,m,,アローラ地方,バトルツリー,16,,
3792,チャッキー,カラテおう,7,サン・ムーン,,,,,,,,,,アローラ地方,バトルツリー,16,,
3793,バリー,カラテおう,7,サン・ムーン,,,,,,,,,,アローラ地方,バトルツリー,16,,
3794,ヒリナイ,カラテおう,7,サン・ムーン,,,,,,,,,,アローラ地方,バトルツリー,16,,
3795,キャリー,ダンサー,7,サン・ムーン,,,,,,,#N/A,,,アローラ地方,バトルツリー,16,,
3796,ホホノ,ダンサー,7,サン・ムーン,,,,,,,#N/A,,,アローラ地方,バトルツリー,16,,
3797,シイタケオ,ダンサー,7,サン・ムーン,,,,,,,#N/A,,,アローラ地方,バトルツリー,16,,
3798,カンタロウ,エーテルざいだん,7,サン・ムーン,,,,,,,#N/A,m,,アローラ地方,バトルツリー,16,,
3799,ルシフェル,エーテルざいだん,7,サン・ムーン,,,,,,,#N/A,m,,アローラ地方,バトルツリー,16,,
3800,イカイカ,エリートトレーナー,7,サン・ムーン,,,,,,,07_elite_m.PNG,m,,アローラ地方,バトルツリー,16,,
3801,タケナオ,エリートトレーナー,7,サン・ムーン,,,,,,,07_elite_m.PNG,m,,アローラ地方,バトルツリー,16,,
3802,ハイジ,エーテルざいだん,7,サン・ムーン,,,,,,,#N/A,f,,アローラ地方,バトルツリー,16,,
3803,ヒアポ,エーテルざいだん,7,サン・ムーン,,,,,,,#N/A,f,,アローラ地方,バトルツリー,16,,
3804,ラウラウ,エリートトレーナー,7,サン・ムーン,,,,,,,07_elite_f.PNG,f,,アローラ地方,バトルツリー,16,,
3805,シリンダ,エリートトレーナー,7,サン・ムーン,,,,,,,07_elite_f.PNG,f,,アローラ地方,バトルツリー,16,,
3806,フランケン,けんきゅういん,7,サン・ムーン,,,,,,,02_kenkyu.PNG,m,,アローラ地方,バトルツリー,16,,
3807,カダ,けんきゅういん,7,サン・ムーン,,,,,,,02_kenkyu.PNG,m,,アローラ地方,バトルツリー,16,,
3808,ピッキー,カラテおう,7,サン・ムーン,,,,,,,,,,アローラ地方,バトルツリー,16,,
3809,バスター,カラテおう,7,サン・ムーン,,,,,,,,,,アローラ地方,バトルツリー,16,,
3810,ジョーバン,ダンサー,7,サン・ムーン,,,,,,,#N/A,,,アローラ地方,バトルツリー,16,,
3811,ポーロリ,ダンサー,7,サン・ムーン,,,,,,,#N/A,,,アローラ地方,バトルツリー,16,,
3812,カガヤキ,エリートトレーナー,7,サン・ムーン,,,,,,,07_elite_m.PNG,m,,アローラ地方,バトルツリー,16,,
3813,ケヤキ,エリートトレーナー,7,サン・ムーン,,,,,,,07_elite_m.PNG,m,,アローラ地方,バトルツリー,16,,
3814,コンシャス,エリートトレーナー,7,サン・ムーン,,,,,,,07_elite_m.PNG,m,,アローラ地方,バトルツリー,16,,
3815,プープー,エリートトレーナー,7,サン・ムーン,,,,,,,07_elite_f.PNG,f,,アローラ地方,バトルツリー,16,,
3816,クーニャ,エリートトレーナー,7,サン・ムーン,,,,,,,07_elite_f.PNG,f,,アローラ地方,バトルツリー,16,,
3817,イロハ,エリートトレーナー,7,サン・ムーン,,,,,,,07_elite_f.PNG,f,,アローラ地方,バトルツリー,16,,
3818,キクジロウ,ベテラントレーナー,7,サン・ムーン,,,,,,,#N/A,m,,アローラ地方,バトルツリー,16,,
3819,レリック,ベテラントレーナー,7,サン・ムーン,,,,,,,#N/A,m,,アローラ地方,バトルツリー,16,,
3820,アヒ,ベテラントレーナー,7,サン・ムーン,,,,,,,#N/A,m,,アローラ地方,バトルツリー,16,,
3821,バラン,ベテラントレーナー,7,サン・ムーン,,,,,,,#N/A,m,,アローラ地方,バトルツリー,16,,
3822,チグチグ,ベテラントレーナー,7,サン・ムーン,,,,,,,#N/A,f,,アローラ地方,バトルツリー,16,,
3823,ミレー,ベテラントレーナー,7,サン・ムーン,,,,,,,#N/A,f,,アローラ地方,バトルツリー,16,,
3824,リケケ,ベテラントレーナー,7,サン・ムーン,,,,,,,#N/A,f,,アローラ地方,バトルツリー,16,,
3825,キャンディ,ベテラントレーナー,7,サン・ムーン,,,,,,,#N/A,f,,アローラ地方,バトルツリー,16,,
3826,ナポレオン,たんぱんこぞう,7,サン・ムーン,,,,,,,02_tanpan.PNG,,,アローラ地方,バトルツリー,16,,
3827,ムジナ,たんぱんこぞう,7,サン・ムーン,,,,,,,02_tanpan.PNG,,,アローラ地方,バトルツリー,16,,
3828,サムエ,ミニスカート,7,サン・ムーン,,,,,,,04_minisuka.PNG,,,アローラ地方,バトルツリー,16,,
3829,ボブエ,ミニスカート,7,サン・ムーン,,,,,,,04_minisuka.PNG,,,アローラ地方,バトルツリー,16,,
3830,ニーオイ,えんじ,7,サン・ムーン,,,,,,,05_enji_m.PNG,m,,アローラ地方,バトルツリー,16,,
3831,ジュウジ,えんじ,7,サン・ムーン,,,,,,,05_enji_m.PNG,m,,アローラ地方,バトルツリー,16,,
3832,ヘリコパ,えんじ,7,サン・ムーン,,,,,,,,f,,アローラ地方,バトルツリー,16,,
3833,メリコ,えんじ,7,サン・ムーン,,,,,,,,f,,アローラ地方,バトルツリー,16,,
3834,アラワイ,バックパッカー,7,サン・ムーン,,,,,,,,,,アローラ地方,バトルツリー,16,,
3835,ミヅエ,バックパッカー,7,サン・ムーン,,,,,,,,,,アローラ地方,バトルツリー,16,,
3836,カエデタン,やまおとこ,7,サン・ムーン,,,,,,,,,,アローラ地方,バトルツリー,16,,
3837,ボブヒコ,やまおとこ,7,サン・ムーン,,,,,,,,,,アローラ地方,バトルツリー,16,,
3838,ヤマシロ,ビジネスマン,7,サン・ムーン,,,,,,,,,,アローラ地方,バトルツリー,16,,
3839,ネジノスケ,ビジネスマン,7,サン・ムーン,,,,,,,,,,アローラ地方,バトルツリー,16,,
3840,ダル,OL,7,サン・ムーン,,,,,,,,,,アローラ地方,バトルツリー,16,,
3841,イヅナ,OL,7,サン・ムーン,,,,,,,,,,アローラ地方,バトルツリー,16,,
3842,ヒーメニ,バッドガイ,7,サン・ムーン,,,,,,,,,,アローラ地方,バトルツリー,16,,
3843,デウス,バッドガイ,7,サン・ムーン,,,,,,,,,,アローラ地方,バトルツリー,16,,
3844,キリヒト,バッドガール,7,サン・ムーン,,,,,,,,,,アローラ地方,バトルツリー,16,,
3845,キャンサミ,バッドガール,7,サン・ムーン,,,,,,,,,,アローラ地方,バトルツリー,16,,
3846,ヴィラン,スポーツしょうねん,7,サン・ムーン,,,,,,,,,,アローラ地方,バトルツリー,16,,
3847,ババ,スポーツしょうねん,7,サン・ムーン,,,,,,,,,,アローラ地方,バトルツリー,16,,
3848,ラーラー,スポーツしょうじょ,7,サン・ムーン,,,,,,,,,,アローラ地方,バトルツリー,16,,
3849,オマッティ,スポーツしょうじょ,7,サン・ムーン,,,,,,,,,,アローラ地方,バトルツリー,16,,
3850,ナオナオ,ホープトレーナー,7,サン・ムーン,,,,,,,#N/A,m,,アローラ地方,バトルツリー,16,,
3851,バベロ,ホープトレーナー,7,サン・ムーン,,,,,,,#N/A,m,,アローラ地方,バトルツリー,16,,
3852,ウェー,ホープトレーナー,7,サン・ムーン,,,,,,,#N/A,f,,アローラ地方,バトルツリー,16,,
3853,コウテイ,ホープトレーナー,7,サン・ムーン,,,,,,,#N/A,f,,アローラ地方,バトルツリー,16,,
3854,アラミス,かんこうきゃく,7,サン・ムーン,,,,,,,#N/A,m,,アローラ地方,バトルツリー,16,,
3855,チェン,かんこうきゃく,7,サン・ムーン,,,,,,,#N/A,m,,アローラ地方,バトルツリー,16,,
3856,チョウカク,かんこうきゃく,7,サン・ムーン,,,,,,,#N/A,f,,アローラ地方,バトルツリー,16,,
3857,テイレイ,かんこうきゃく,7,サン・ムーン,,,,,,,#N/A,f,,アローラ地方,バトルツリー,16,,
3858,カンユ,せいそういん,7,サン・ムーン,,,,,,,,,,アローラ地方,バトルツリー,16,,
3859,オーパラ,せいそういん,7,サン・ムーン,,,,,,,,,,アローラ地方,バトルツリー,16,,
3860,タワシ,さぎょういん,7,サン・ムーン,,,,,,,,,,アローラ地方,バトルツリー,16,,
3861,ウヌヒ,さぎょういん,7,サン・ムーン,,,,,,,,,,アローラ地方,バトルツリー,16,,
3862,メカタロウ,ジェントルマン,7,サン・ムーン,,,,,,,,,,アローラ地方,バトルツリー,16,,
3863,ユーロ,ジェントルマン,7,サン・ムーン,,,,,,,,,,アローラ地方,バトルツリー,16,,
3864,マンキチ,マダム,7,サン・ムーン,,,,,,,,,,アローラ地方,バトルツリー,16,,
3865,ランチャン,マダム,7,サン・ムーン,,,,,,,,,,アローラ地方,バトルツリー,16,,
3866,アサカワ,ベルボーイ,7,サン・ムーン,,,,,,,,,,アローラ地方,バトルツリー,16,,
3867,ゴンゾウ,ベルボーイ,7,サン・ムーン,,,,,,,,,,アローラ地方,バトルツリー,16,,
3868,パッア,ゴルファー,7,サン・ムーン,,,,,,,#N/A,m,,アローラ地方,バトルツリー,16,,
3869,モエタ,ゴルファー,7,サン・ムーン,,,,,,,#N/A,m,,アローラ地方,バトルツリー,16,,
3870,ボキーマン,ゴルファー,7,サン・ムーン,,,,,,,#N/A,f,,アローラ地方,バトルツリー,16,,
3871,アマツカ,ゴルファー,7,サン・ムーン,,,,,,,#N/A,f,,アローラ地方,バトルツリー,16,,
3872,パーコ,ポケモンブリーダー,7,サン・ムーン,,,,,,,,m,,アローラ地方,バトルツリー,16,,
3873,マーチャン,ポケモンブリーダー,7,サン・ムーン,,,,,,,,m,,アローラ地方,バトルツリー,16,,
3874,パフポヘ,ポケモンブリーダー,7,サン・ムーン,,,,,,,,f,,アローラ地方,バトルツリー,16,,
3875,カジミ,ポケモンブリーダー,7,サン・ムーン,,,,,,,,f,,アローラ地方,バトルツリー,16,,
3876,キロハナ,ファイヤーマン,7,サン・ムーン,,,,,,,,,,アローラ地方,バトルツリー,16,,
3877,ガソリン,ファイヤーマン,7,サン・ムーン,,,,,,,,,,アローラ地方,バトルツリー,16,,
3878,ローレイ,コック,7,サン・ムーン,,,,,,,,,,アローラ地方,バトルツリー,16,,
3879,コンブダシ,コック,7,サン・ムーン,,,,,,,,,,アローラ地方,バトルツリー,16,,
3880,カツオダシ,ポケモンコレクター,7,サン・ムーン,,,,,,,,,,アローラ地方,バトルツリー,16,,
3881,ナクト,ポケモンコレクター,7,サン・ムーン,,,,,,,,,,アローラ地方,バトルツリー,16,,
3882,クロノス,エリートトレーナー,7,サン・ムーン,,,,,,,07_elite_m.PNG,m,,アローラ地方,バトルツリー,16,,
3883,カマロリ,PCおねえさん,7,サン・ムーン,,,,,,,,,,アローラ地方,バトルツリー,16,,
3884,メンヒル,ベテラントレーナー,7,サン・ムーン,,,,,,,#N/A,m,,アローラ地方,バトルツリー,16,,
3885,デミアテナ,ベテラントレーナー,7,サン・ムーン,,,,,,,#N/A,f,,アローラ地方,バトルツリー,16,,
3886,ノリオ,かじばドロボウ,2,金・銀,ガーディ,ドガース,,,,,02_dorobou.PNG,,2112円,ジョウト地方,ちかつうろ,4,,
3887,ヤスジ,かじばドロボウ,2,金・銀,ドガース,ブーバー,ドガース,,,,02_dorobou.PNG,,2024円,ジョウト地方,ちかつうろ,4,,
3888,ツヨシ,かじばドロボウ,2,金・銀,ドガース,ブーバー,ドガース,ドガース,,,02_dorobou.PNG,,2640円,ジョウト地方,アクアごう,4,,
3889,ゴロゾー,かじばどろぼう,2c,ハートゴールド・ソウルシルバー,ガーディ,ドガース,,,,,02_dorobou.PNG,,384円,ジョウト地方,ちかつうろ,11,,
3890,トヨジ,どろぼう,1c,ファイアレッド・リーフグリーン,ヒトカゲ,リザード,,,,,,,2992円,カントー地方,ポケモンやしき,7,,
3891,ヤスノブ,どろぼう,1c,ファイアレッド・リーフグリーン,キュウコン,,,,,,,,3344円,カントー地方,ポケモンやしき,7,,
3892,エイタ,どろぼう,1c,ファイアレッド・リーフグリーン,カーディ,ポニータ,,,,,,,2992円,カントー地方,ポケモンやしき,7,,
3893,ミノブ,どろぼう,1c,ファイアレッド・リーフグリーン,カーディ,ロコン,キュウコン,,,,,,3168円,カントー地方,グレンジム,7,,
3894,ジンパチ,どろぼう,1c,ファイアレッド・リーフグリーン,ポニータ,,,,,,,,3608円,カントー地方,グレンジム,7,,
3895,ノブオ,どろぼう,1c,ファイアレッド・リーフグリーン,ロコン,ガーディ,,,,,,,3256円,カントー地方,グレンジム,7,,
3896,ジュウゾウ,どろぼう,1c,ファイアレッド・リーフグリーン,ブースター,ニャース（色違い）,ポリゴン,カモネギ（色違い）,バリヤード（色違い）,ラッキー,,,,カントー地方,トレーナータワー,7,,
3897,トヨジ,かじばどろぼう,pv,Let's go!ピカチュウ・Let's go!イーブイ,ギャロップ,,,,,,02_dorobou.PNG,,3520円、モンスターボール3個,カントー地方,ポケモンやしき,18,,
3898,ヤスノブ,かじばどろぼう,pv,Let's go!ピカチュウ・Let's go!イーブイ,ブーバー,ベトベトン,,,,,02_dorobou.PNG,,3520円、モンスターボール3個,カントー地方,ポケモンやしき,18,,
3899,エイタ,かじばどろぼう,pv,Let's go!ピカチュウ・Let's go!イーブイ,ドガース,ドガース,ドガース,マタドガス,,,02_dorobou.PNG,,3520円、モンスターボール3個,カントー地方,ポケモンやしき,18,,
3900,ミノブ,かじばどろぼう,pv,Let's go!ピカチュウ・Let's go!イーブイ,キュウコン,,,,,,02_dorobou.PNG,,3520円,カントー地方,グレンジム,18,,
3901,ノブオ,かじばどろぼう,pv,Let's go!ピカチュウ・Let's go!イーブイ,ガーディ,ギャロップ,,,,,02_dorobou.PNG,,3520円,カントー地方,グレンジム,18,,
3902,キョウヘイ,ギタリスト,2,金・銀,エレブー,,,,,,02_guitarist.PNG,,1088円,ジョウト地方,アクアごう,4,,
3903,ジュンイチ,ギタリスト,2,金・銀,コイル,ビリリダマ,コイル,コイル,,,02_guitarist.PNG,,1024円,ジョウト地方,クチバジム,4,,
3904,テリー,ギタリスト,3,ルビー・サファイア,コイル（レアコイル）,コイル（レアコイル）,ゴニョニョ（ドゴーム、バクオング）,,,,,,480円、800円、896円、992円、1088円,ホウエン地方,118ばんどうろ,6,,
3905,ジョージ,ギタリスト,3,ルビー・サファイア,ラクライ,コイル,,,,,,,576円,ホウエン地方,キンセツジム,6,,
3906,マイク,ギタリスト,3,ルビー・サファイア,ビリリダマ,ビリリダマ,ビリリダマ,,,,,,544円,ホウエン地方,キンセツジム,6,,
3907,ポール,ギタリスト,3b,エメラルド,ラクライ,ビリリダマ,,,,,,,448円,ホウエン地方,110ばんどうろ,8,,
3908,エリック,ギタリスト,3b,エメラルド,ビリリダマ,,,,,,,,480円,ホウエン地方,103ばんどうろ,8,,
3909,ジミー,ギタリスト,3b,エメラルド,ライボルト,,,,,,,,832円,ホウエン地方,119ばんどうろ,8,,
3910,ジョー,ギタリスト,3b,エメラルド,ラクライ（ライボルト）,ラクライ（ライボルト）,ドゴーム（バクオング）,,,,,,960円、1120円、1184円、1248円、1312円,ホウエン地方,123ばんどうろ,8,,
3911,リュウジ,ギタリスト,3b,エメラルド,レアコイル,マルマイン,マタドガス,クロバット,バクオング,ノズパス 他,,,,ホウエン地方,バトルタワー,8,,
3912,ネオ,ギタリスト,3b,エメラルド,バネブー,ネイティオ,ヤルキモノ,チリーン,ヤミカラス,ベロリンガ,,,,ホウエン地方,トレーナーヒル,8,,
3913,ポール,ギタリスト,4,ダイヤモンド・パール,ズバット,ズバット,,,,,02_guitarist.PNG,,384円,シンオウ地方,テレビコトブキ,9,,
3914,ジョニー,ギタリスト,4,ダイヤモンド・パール,ルクシオ,,,,,,02_guitarist.PNG,,744円、1320円,シンオウ地方,218ばんどうろ,9,,
3915,ミック,ギタリスト,4,ダイヤモンド・パール,ルクシオ,,,,,,02_guitarist.PNG,,1056円,シンオウ地方,ナギサジム,9,,
3916,マイク,ギタリスト,4,ダイヤモンド・パール,ライチュウ,,,,,,02_guitarist.PNG,,1056円,シンオウ地方,ナギサジム,9,,
3917,ゲイリー,ギタリスト,4,ダイヤモンド・パール,ルクシオ,ビーダル,,,,,02_guitarist.PNG,,1008円,シンオウ地方,ナギサジム,9,,
3918,ルー,ギタリスト,5b,ブラック2・ホワイト2,フシデ,ドガース,,,,,,,448円,イッシュ地方,タチワキジム,13,,
3919,フユミ,ギタリスト,5b,ブラック2・ホワイト2,ホイーガ,,,,,,,,768円,イッシュ地方,ライモンシティ,13,,
3920,アンナ,ギタリスト,5b,ブラック2・ホワイト2,エモンガ,,,,,,,,960円,イッシュ地方,でんきいしのほらあな,13,,
3921,メグミ,ギタリスト,5b,ブラック2・ホワイト2,ゼブライカ,,,,,,,,1056円,イッシュ地方,でんきいしのほらあな,13,,
3922,ティナ,ギタリスト,5b,ブラック2・ホワイト2,ワルビル,レパルダス,,,,,,,1056円,イッシュ地方,ヒウンシティ空き地,13,,
3923,ノリカ,せんせい,2,金・銀,プリン,,,,,,02_teacher.PNG,,2520円,ジョウト地方,アクアごう,4,,
3924,ヨシコ,せんせい,2,金・銀,ピッピ,,,,,,02_teacher.PNG,,2592円,ジョウト地方,15ばんどうろ,4,,
3925,キョウコ,せんせい,2,金・銀,エイパム,カラカラ,,,,,02_teacher.PNG,,2592円,ジョウト地方,15ばんどうろ,4,,
3926,ノリカ,せんせい,2c,ハートゴールド・ソウルシルバー,ペラップ,プリン,,,,,02_teacher.PNG,,2064円,ジョウト地方,アクアごう,11,,
3927,モモカ,せんせい,2c,ハートゴールド・ソウルシルバー,ジグザグマ,ロゼリア,,,,,02_teacher.PNG,,2064円,ジョウト地方,14ばんどうろ,11,,
3928,キョウコ,せんせい,2c,ハートゴールド・ソウルシルバー,ヒマナッツ（キマワリ）,エイパム（エテボース）,,,,,02_teacher.PNG,,1488円,ジョウト地方,15ばんどうろ,11,,
3929,ヨシコ,せんせい,2c,ハートゴールド・ソウルシルバー,ピッピ,,,,,,02_teacher.PNG,,2160円,ジョウト地方,15ばんどうろ,11,,
3930,エリコ,せんせい,7,サン・ムーン,コイル,ニャース（アローラのすがた）,,,,,02_teacher.PNG,,432円,アローラ地方,1ばんどうろ,16,,
3931,ケイゴ,ぼうそうぞく,2,金・銀,ドガース,ドガース,ドガース,ドガース,,,02_bousozoku.PNG,,960円,ジョウト地方,8ばんどうろ,4,,
3932,ナオアキ,ぼうそうぞく,2,金・銀,ブースター,,,,,,02_bousozoku.PNG,,1088円,ジョウト地方,8ばんどうろ,4,,
3933,キョウジ,ぼうそうぞく,2,金・銀,ドガース,ドガース,,,,,02_bousozoku.PNG,,1024円,ジョウト地方,8ばんどうろ,4,,
3934,リュウジ,ぼうそうぞく,2,金・銀,マタドガス,,,,,,02_bousozoku.PNG,,1088円,ジョウト地方,17ばんどうろ,4,,
3935,シュウ,ぼうそうぞく,2,金・銀,ブーバー,ブーバー,,,,,02_bousozoku.PNG,,1024円,ジョウト地方,17ばんどうろ,4,,
3936,ヒデト,ぼうそうぞく,2,金・銀,ドガース,ブーバー,マタドガス,,,,02_bousozoku.PNG,,1024円,ジョウト地方,17ばんどうろ,4,,
3937,テツヤ,ぼうそうぞく,2,金・銀,ドガース,リザード,マタドガス,,,,02_bousozoku.PNG,,960円,ジョウト地方,17ばんどうろ,4,,
3938,ケイゴ,ぼうそうぞく,2c,ハートゴールド・ソウルシルバー,ドガース,ドガース,ドガース,ドガース,,,02_bousozoku.PNG,,656円,ジョウト地方,8ばんどうろ,11,,
3939,ナオアキ,ぼうそうぞく,2c,ハートゴールド・ソウルシルバー,ブースター,,,,,,02_bousozoku.PNG,,720円,ジョウト地方,8ばんどうろ,11,,
3940,キョウジ,ぼうそうぞく,2c,ハートゴールド・ソウルシルバー,ドガース,ドガース,,,,,02_bousozoku.PNG,,688円,ジョウト地方,8ばんどうろ,11,,
3941,カンゴ,ぼうそうぞく,2c,ハートゴールド・ソウルシルバー,ゴクリン,,,,,,02_bousozoku.PNG,,752円,ジョウト地方,17ばんどうろ,11,,
3942,リュウジ,ぼうそうぞく,2c,ハートゴールド・ソウルシルバー,アーボック,マタドガス,,,,,02_bousozoku.PNG,,720円、768円、800円、880円,ジョウト地方,17ばんどうろ,11,,
3943,シュウ,ぼうそうぞく,2c,ハートゴールド・ソウルシルバー,ブーバー,ブーバー,,,,,02_bousozoku.PNG,,688円,ジョウト地方,17ばんどうろ,11,,
3944,ケンエイ,ぼうそうぞく,2c,ハートゴールド・ソウルシルバー,ブーバー,ドククラゲ,,,,,02_bousozoku.PNG,,688円,ジョウト地方,17ばんどうろ,11,,
3945,トラゾウ,ぼうそうぞく,2c,ハートゴールド・ソウルシルバー,ドククラゲ,スリーパー,ドククラゲ,,,,02_bousozoku.PNG,,720円、784円、880円、928円,ジョウト地方,17ばんどうろ,11,,
3946,ゴウケン,ぼうそうぞく,2c,ハートゴールド・ソウルシルバー,ゴクリン,マタドガス,マタドガス,,,,02_bousozoku.PNG,,592円,ジョウト地方,17ばんどうろ,11,,
3947,ラリー,ぼうそうぞく,2c,ハートゴールド・ソウルシルバー,グレッグル,,,,,,02_bousozoku.PNG,,720円,ジョウト地方,17ばんどうろ,11,,
3948,ヒデト,ぼうそうぞく,2c,ハートゴールド・ソウルシルバー,ドガース,ブーバー,マタドガス,,,,02_bousozoku.PNG,,688円,ジョウト地方,17ばんどうろ,11,,
3949,テディ,ぼうそうぞく,2c,ハートゴールド・ソウルシルバー,ハブネーク,,,,,,02_bousozoku.PNG,,736円,ジョウト地方,17ばんどうろ,11,,
3950,マーキー,ぼうそうぞく,2c,ハートゴールド・ソウルシルバー,スコルピ,,,,,,02_bousozoku.PNG,,752円,ジョウト地方,17ばんどうろ,11,,
3951,ジュンヤ,ぼうそうぞく,2c,ハートゴールド・ソウルシルバー,ヒメグマ（リングマ）,マリル（マリルリ）,,,,,02_bousozoku.PNG,,704円、752円、784円、864円,ジョウト地方,17ばんどうろ,11,,
3952,テツヤ,ぼうそうぞく,2c,ハートゴールド・ソウルシルバー,ドガース,リザード,マタドガス,,,,02_bousozoku.PNG,,672円,ジョウト地方,18ばんどうろ,11,,
3953,リョウ,ぼうそうぞく,1c,ファイアレッド・リーフグリーン,ベトベター（ベトベトン）,ベトベター（ベトベトン）,,,,,02_bousozoku.PNG,,480円、600円,カントー地方,8ばんどうろ,7,,
3954,ヤスキ,ぼうそうぞく,1c,ファイアレッド・リーフグリーン,ドガース,ドガース,ベトベター,,,,02_bousozoku.PNG,,460円,カントー地方,8ばんどうろ,7,,
3955,エイジ,ぼうそうぞく,1c,ファイアレッド・リーフグリーン,ドガース,ドガース,ドガース,,,,02_bousozoku.PNG,,560円,カントー地方,13ばんどうろ,7,,
3956,キョウスケ,ぼうそうぞく,1c,ファイアレッド・リーフグリーン,ドガース,ドガース,ベトベター（ベトベトン）,ドガース（マタドガス）,,,02_bousozoku.PNG,,520円、940円,カントー地方,14ばんどうろ,7,,
3957,トキヤ,ぼうそうぞく,1c,ファイアレッド・リーフグリーン,ドガース,ベトベター,,,,,02_bousozoku.PNG,,580円,カントー地方,14ばんどうろ,7,,
3958,セイジ,ぼうそうぞく,1c,ファイアレッド・リーフグリーン,ベトベター,ベトベター,ドガース,,,,02_bousozoku.PNG,,560円,カントー地方,14ばんどうろ,7,,
3959,タクロウ,ぼうそうぞく,1c,ファイアレッド・リーフグリーン,ドガース,ベトベトン,,,,,02_bousozoku.PNG,,580円,カントー地方,14ばんどうろ,7,,
3960,マサツグ,ぼうそうぞく,1c,ファイアレッド・リーフグリーン,ドガース,ベトベター,マタドガス,,,,02_bousozoku.PNG,,560円,カントー地方,15ばんどうろ,7,,
3961,ジロウ,ぼうそうぞく,1c,ファイアレッド・リーフグリーン,ドガース,ドガース,マタドガス,ドガース,ベトベター,,02_bousozoku.PNG,,500円,カントー地方,15ばんどうろ,7,,
3962,キンジ,ぼうそうぞく,1c,ファイアレッド・リーフグリーン,ベトベター,ドガース,,,,,02_bousozoku.PNG,,580円,カントー地方,16ばんどうろ,7,,
3963,カツハル,ぼうそうぞく,1c,ファイアレッド・リーフグリーン,マタドガス,,,,,,02_bousozoku.PNG,,660円,カントー地方,16ばんどうろ,7,,
3964,ジュン,ぼうそうぞく,1c,ファイアレッド・リーフグリーン,マタドガス,ドガース（マタドガス）,マタドガス,,,,02_bousozoku.PNG,,560円、960円,カントー地方,16ばんどうろ,7,,
3965,ユウヤ,ぼうそうぞく,1c,ファイアレッド・リーフグリーン,マタドガス,ドガース,マタドガス,,,,02_bousozoku.PNG,,560円,カントー地方,17ばんどうろ,7,,
3966,ケイタ,ぼうそうぞく,1c,ファイアレッド・リーフグリーン,ベトベトン,,,,,,02_bousozoku.PNG,,660円,カントー地方,17ばんどうろ,7,,
3967,ショウジ,ぼうそうぞく,1c,ファイアレッド・リーフグリーン,ビリリダマ,ビリリダマ,,,,,02_bousozoku.PNG,,580円,カントー地方,17ばんどうろ,7,,
3968,トモアキ,ぼうそうぞく,1c,ファイアレッド・リーフグリーン,マタドガス,ベトベトン,,,,,02_bousozoku.PNG,,580円、980円,カントー地方,17ばんどうろ,7,,
3969,テツヤ,ぼうそうぞく,1c,ファイアレッド・リーフグリーン,ドガース,ドガース,ドガース,マタドガス,マタドガス,,02_bousozoku.PNG,,500円,カントー地方,17ばんどうろ,7,,
3970,こぶん,ぼうそうぞく,1c,ファイアレッド・リーフグリーン,ドガース,ベトベター,,,,,02_bousozoku.PNG,,740円,カントー地方,3のしま,7,,
3971,こぶん,ぼうそうぞく,1c,ファイアレッド・リーフグリーン,ドガース,,,,,,02_bousozoku.PNG,,760円,カントー地方,3のしま,7,,
3972,こぶん,ぼうそうぞく,1c,ファイアレッド・リーフグリーン,ベトベター,,,,,,02_bousozoku.PNG,,760円,カントー地方,3のしま,7,,
3973,リュウ,ぼうそうぞく,1c,ファイアレッド・リーフグリーン,ブビィ,ピィ,ププリン,ムチュール,トゲピー,ピチュー,02_bousozoku.PNG,,,カントー地方,トレーナータワー,7,,
3974,ジロウ,ぼうそうぞく,1c,ファイアレッド・リーフグリーン,ピィ,ブビィ,トゲピー,ムチュール,ププリン,ピチュー,02_bousozoku.PNG,,,カントー地方,トレーナータワー,7,,
3975,モーガン,ぼうそうぞく,5,ブラック・ホワイト,バッフロン,,,,,,05_bousozoku.PNG,,1184円,イッシュ地方,シリンダーブリッジ,12,,
3976,ヒデアキ,ぼうそうぞく,5,ブラック・ホワイト,ワルビル,ズルッグ,バチュル,,,,05_bousozoku.PNG,,1120円,イッシュ地方,シリンダーブリッジ,12,,
3977,フィリップ,ぼうそうぞく,5,ブラック・ホワイト,ワルビル,ズルッグ,,,,,05_bousozoku.PNG,,1152円,イッシュ地方,9ばんどうろ,12,,
3978,キョウジ,ぼうそうぞく,5,ブラック・ホワイト,コマタナ,,,,,,05_bousozoku.PNG,,1184円,イッシュ地方,9ばんどうろ,12,,
3979,スタンリー,ぼうそうぞく,5b,ブラック2・ホワイト2,ズバット,ドッコラー,,,,,05_bousozoku.PNG,,672円,イッシュ地方,4ばんどうろ,13,,
3980,フィリップ,ぼうそうぞく,5b,ブラック2・ホワイト2,スコルピ,,,,,,05_bousozoku.PNG,,1376円,イッシュ地方,9ばんどうろ,13,,
3981,ミナキ,なぞのせいねん,2b,クリスタル,スリープ,ゴースト,マルマイン,,,,02_nazo_minaki.PNG,,2500円,ジョウト地方,,5,,
3982,ランス,ロケットだんかんぶ,2c,ハートゴールド・ソウルシルバー,ズバット（ゴルバット）,ドガース（マタドガス）,,,,,,,480円、1320円,ジョウト地方,ヤドンのいど、ラジオとう,11,,
3983,ラムダ,ロケットだんかんぶ,2c,ハートゴールド・ソウルシルバー,ズバット,ドガース,ラッタ,ドガース,ドガース,マタドガス,,,880円、1200円,ジョウト地方,ロケットだんアジト、ラジオとう,11,,
3984,アテナ,ロケットだんかんぶ,2c,ハートゴールド・ソウルシルバー,アーボック,クサイハナ（ラフレシア）,ヤミカラス,,,,,,2160円、2560円,ジョウト地方,ロケットだんアジト、ラジオとう,11,,
3985,アポロ,ロケットだんかんぶ,2c,ハートゴールド・ソウルシルバー,デルビル,ドガース,ヘルガー,,,,,,3040円,ジョウト地方,ラジオとう,11,,
3986,ムサシ,ロケットだんのしたっぱ ラブリーチャーミーなかたきやく,a1,アニメ ポケットモンスター,,,,,,,,,,アニメ ポケットモンスター,,,,
3987,コジロウ,ロケットだんのしたっぱ ラブリーチャーミーなかたきやく,a1,アニメ ポケットモンスター,,,,,,,,,,アニメ ポケットモンスター,,,,
3988,ハナコ,サトシのママ,a1,アニメ ポケットモンスター,,,,,,,,,,アニメ ポケットモンスター,,,,
3989,バリバリ,バリヤード,1,赤・緑,*,,,,,,,,,カントー地方,2ばんどうろ,1,,にがいきのみ
3990,チャッピー,ニドラン♂,1,赤・緑,*,,,,,,,,,カントー地方,ちかつうろ,1,,わざマシン43
3991,テリー,ニドリーナ,1,赤・緑,*,,,,,,,,,カントー地方,11ばんどうろ,1,,きのみ
3992,なめぞう,ベロリンガ,1,赤・緑,*,,,,,,,,,カントー地方,18ばんどうろ,1,,にがいきのみ
3993,まさこ,ルージュラ,1,赤・緑,*,,,,,,,,,カントー地方,ハナダシティ,1,,にがいきのみ
3994,おしょう,カモネギ,1,赤・緑,*,,,,,,,,,カントー地方,クチバシティ,1,,にがいきのみ
3995,おマル,マルマイン,1,赤・緑,*,,,,,,,,,カントー地方,グレンタウン,1,,ぎんのはっぱ
3996,リンダ,モンジャラ,1,赤・緑,*,,,,,,,,,カントー地方,グレンタウン,1,,にがいきのみ
3997,パウーン,パウワウ,1,赤・緑,*,,,,,,,,,カントー地方,グレンタウン,1,,きのみ
3998,まさる,バリヤード,1b,青,*,,,,,,,,,カントー地方,2ばんどうろ,2,,にがいきのみ
3999,ロモたん,ニョロモ,1b,青,*,,,,,,,,,カントー地方,ちかつうろ,2,,きのみ
4000,ロダン,ガルーラ,1b,青,*,,,,,,,,,カントー地方,11ばんどうろ,2,,にがいきのみ
4001,ぎゅうた,ケンタロス,1b,青,*,,,,,,,,,カントー地方,18ばんどうろ,2,,にがいきのみ
4002,ゴーすけ,ゴースト（ゲンガー）,1b,青,*,,,,,,,,,カントー地方,ハナダシティ,2,,にがいきのみ
4003,アッカ,カモネギ,1b,青,*,,,,,,,,,カントー地方,クチバシティ,2,,にがいきのみ
4004,さぶろう,ゴローン（ゴローニャ）,1b,青,*,,,,,,,,,カントー地方,グレンタウン,2,,にがいきのみ
4005,オスカル,ヤドン,1b,青,*,,,,,,,,,カントー地方,グレンタウン,2,,きのみ
4006,どうらく,クラブ,1b,青,*,,,,,,,,,カントー地方,グレンタウン,2,,わざマシン33
4007,マイム,バリヤード,1p,ピカチュウ,*,,,,,,,,,カントー地方,2ばんどうろ,3,,にがいきのみ
4008,リッキー,ゴーリキー（カイリキー）,1p,ピカチュウ,*,,,,,,,,,カントー地方,ちかつうろ,3,,にがいきのみ
4009,ぐりお,ダグトリオ,1p,ピカチュウ,*,,,,,,,,,カントー地方,11ばんどうろ,3,,おうごんのみ
4010,つんつん,パラセクト,1p,ピカチュウ,*,,,,,,,,,カントー地方,18ばんどうろ,3,,きんのはっぱ
4011,ごんすけ,サイドン,1p,ピカチュウ,*,,,,,,,,,カントー地方,グレンタウン,3,,ぎんのはっぱ
4012,セザンヌ,ジュゴン,1p,ピカチュウ,*,,,,,,,,,カントー地方,グレンタウン,3,,きんのはっぱ
4013,ベタぼう,ベトベトン,1p,ピカチュウ,*,,,,,,,,,カントー地方,グレンタウン,3,,きんのはっぱ
4014,ブルブル,イワーク,2,金・銀,*,,,,,,,,,ジョウト地方,キキョウシティ,4,,にがいきのみ
4015,きんにく,ワンリキー,2,金・銀,*,,,,,,,,,ジョウト地方,コガネシティ,4,,おうごんのみ
4016,ビリー,ビリリダマ,2,金・銀,*,,,,,,,,,ジョウト地方,アサギシティ,4,,まひなおしのみ
4017,ドンドコ,サイドン,2,金・銀,*,,,,,,,,,ジョウト地方,フスベシティ,4,,にんがいきのみ
4018,ドンドコ,ドードリオ,2c,ハートゴールド・ソウルシルバー,*,,,,,,,,,ジョウト地方,フスベシティ,11,,けむりだま
4019,プッチー,プテラ,2,金・銀,*,,,,,,,,,ジョウト地方,14ばんどうろ,4,,おうごんのみ
4020,カケアシ,ギャロップ,2,金・銀,*,,,,,,,,,ジョウト地方,ニビシティ,4,,やけたきのみ
4021,ひきゃく,オニスズメ,2,金・銀,*,,,,,,,,,ジョウト地方,35ばんどうろ,4,,はながらメール
4022,ネッシー,ツボツボ,2,金・銀,*,,,,,,,,,ジョウト地方,タンバシティ,4,,きのみ
4023,ドリス,ドードリオ,2b,クリスタル,*,,,,,,,,,ジョウト地方,フスベシティ,5,,けむりだま
4024,ポール,ネイティオ,2b,クリスタル,*,,,,,,,,,ジョウト地方,ニビシティ,5,,ふしぎなきのみ
4025,てつまる,レアコイル,2b,クリスタル,*,,,,,,,,,ジョウト地方,カントーはつでんしょ,5,,メタルコート
4026,コンタ,ブルブル の おや,2,金・銀,,,,,,,,,ポケモン,ジョウト地方,キキョウシティ,4,,
4027,ナオキ,きんにく の おや,2,金・銀,,,,,,,,,ポケモン,ジョウト地方,コガネシティ,4,,
4028,ゲン,ビリー の おや,2,金・銀,,,,,,,,,ポケモン,ジョウト地方,アサギシティ,4,,
4029,ジン,ビリー の おや,2c,ハートゴールド・ソウルシルバー,,,,,,,,,ポケモン,ジョウト地方,アサギシティ,11,,
4030,ミサコ,ドンドコ、ドリス の おや,2,金・銀,,,,,,,,,ポケモン,ジョウト地方,フスベシティ,4,,
4031,キヨミ,プッチー の おや,2,金・銀,,,,,,,,,ポケモン,ジョウト地方,14ばんどうろ,4,,
4032,デンジ,カケアシ、ポール の おや,2,金・銀,,,,,,,,,ポケモン,ジョウト地方,ニビシティ,4,,
4033,モリオ,てつまる の おや,2b,クリスタル,,,,,,,,,ポケモン,ジョウト地方,カントーはつでんしょ,5,,
4034,ユウジ,ひきゃく の おや,2,金・銀,,,,,,,,,,ジョウト地方,35ばんどうろ,4,,
4035,マニア,ネッシー の おや,2,金・銀,,,,,,,,,,ジョウト地方,タンバシティ,4,,
4036,セイジ,ネッシー の おや,2c,ハートゴールド・ソウルシルバー,,,,,,,,,,ジョウト地方,タンバシティ,11,,
4037,ポテマル,マクノシタ,3,ルビー・サファイア,*,,,,,,,,,ホウエン地方,カナズミシティ,6,,プラスパワー
4038,ベル,エネコ,3,ルビー・サファイア,*,,,,,,,,,ホウエン地方,ヒワマキシティ,6,,キラキラメール
4039,ベルベル,エネコ,3c,オメガルビー・アルファサファイア,,,,,,,,,,ホウエン地方,ヒワマキシティ,15,,ゴスのみ
4040,モモちゃん,サニーゴ,3,ルビー・サファイア,*,,,,,,,,,ホウエン地方,キナギタウン,6,,トロピカルメール
4041,モーリン,ポテマル の おや,3,ルビー・サファイア,,,,,,,,,ポケモン,ホウエン地方,カナズミシティ,6,,
4042,ユキポン,ベル の おや,3,ルビー・サファイア,,,,,,,,,ポケモン,ホウエン地方,ヒワマキシティ,6,,
4043,サトチン,モモちゃん の おや,3,ルビー・サファイア,,,,,,,,,ポケモン,ホウエン地方,キナギタウン,6,,
4044,バリヤン,バリヤード,1c,ファイアレッド・リーフグリーン,*,,,,,,,,,カントー地方,2ばんどうろ,7,,
4045,ニドちゃん,ニドラン♀,1c,ファイアレッド・リーフグリーン,*,,,,,,,,,カントー地方,ちかつうろ,7,,ちいさなキノコ
4046,ニドくん,ニドラン♂,1c,ファイアレッド・リーフグリーン,*,,,,,,,,,カントー地方,ちかつうろ,7,,ちいさなキノコ
4047,ニーナ,ニドリーナ,1c,ファイアレッド・リーフグリーン,*,,,,,,,,,カントー地方,11ばんどうろ,7,,
4048,ニーノ,ニドリーノ,1c,ファイアレッド・リーフグリーン,*,,,,,,,,,カントー地方,11ばんどうろ,7,,
4049,なめぞう,ベロリンガ,1c,ファイアレッド・リーフグリーン,*,,,,,,,,,カントー地方,18ばんどうろ,7,,
4050,コリンダ,ルージュラ,1c,ファイアレッド・リーフグリーン,*,,,,,,,,,カントー地方,ハナダシティ,7,,ミラクルメール
4051,じんすけ,カモネギ,1c,ファイアレッド・リーフグリーン,*,,,,,,,,,カントー地方,クチバシティ,7,,ながねぎ
4052,デンマル,マルマイン,1c,ファイアレッド・リーフグリーン,*,,,,,,,,,カントー地方,グレンタウン,7,,
4053,じゃじゃお,モンジャラ,1c,ファイアレッド・リーフグリーン,*,,,,,,,,,カントー地方,グレンタウン,7,,ほしのすな
4054,ぱたろー,パウワウ,1c,ファイアレッド・リーフグリーン,*,,,,,,,,,カントー地方,グレンタウン,7,,
4055,ひとまろ,バリヤン の おや,1c,ファイアレッド・リーフグリーン,,,,,,,,,ポケモン,カントー地方,2ばんどうろ,7,,
4056,めぐっぺ,ニドちゃん、ニドくん の おや,1c,ファイアレッド・リーフグリーン,,,,,,,,,ポケモン,カントー地方,ちかつうろ,7,,
4057,とーたん,ニーナ、ニーノ の おや,1c,ファイアレッド・リーフグリーン,,,,,,,,,ポケモン,カントー地方,11ばんどうろ,7,,
4058,みちはる,なめぞう の おや,1c,ファイアレッド・リーフグリーン,,,,,,,,,ポケモン,カントー地方,18ばんどうろ,7,,
4059,もりべー,コリンダ の おや,1c,ファイアレッド・リーフグリーン,,,,,,,,,ポケモン,カントー地方,ハナダシティ,7,,
4060,みどりん,じんすけ の おや,1c,ファイアレッド・リーフグリーン,,,,,,,,,ポケモン,カントー地方,クチバシティ,7,,
4061,タナーカ,デンマル の おや,1c,ファイアレッド・リーフグリーン,,,,,,,,,ポケモン,カントー地方,グレンタウン,7,,
4062,なっつん,じゃじゃお の おや,1c,ファイアレッド・リーフグリーン,,,,,,,,,ポケモン,カントー地方,グレンタウン,7,,
4063,よしもつ,ぱたろー の おや,1c,ファイアレッド・リーフグリーン,,,,,,,,,ポケモン,カントー地方,グレンタウン,7,,
4064,セブン,タネボー,3b,エメラルド,*,,,,,,,,,ホウエン地方,カナズミシティ,8,,カゴのみ
4065,プラプラ,プラスル,3b,エメラルド,*,,,,,,,,,ホウエン地方,ヒワマキシティ,8,,ウッディメール
4066,ゴロー,タッツー,3b,エメラルド,*,,,,,,,,,ホウエン地方,キナギタウン,8,,クロスメール
4067,チー,ニャース,3b,エメラルド,*,,,,,,,,,ホウエン地方,バトルフロンティア,8,,レトロメール
4068,マッチャン,セブン の おや,3b,エメラルド,,,,,,,,,,ホウエン地方,カナズミシティ,8,,ポケモン
4069,アッキー,プラプラ の おや,3b,エメラルド,,,,,,,,,,ホウエン地方,ヒワマキシティ,8,,ポケモン
4070,ソガチン,ゴロー の おや,3b,エメラルド,,,,,,,,,,ホウエン地方,キナギタウン,8,,ポケモン
4071,マリッペ,チー の おや,3b,エメラルド,,,,,,,,,,ホウエン地方,バトルフロンティア,8,,ポケモン
4072,ケーケー,ケーシィ,4,ダイヤモンド・パール,*,,,,,,,,,シンオウ地方,クロガネシティ,9,,オレンのみ
4073,ペッチャラ,ペラップ,4,ダイヤモンド・パール,*,,,,,,,,,シンオウ地方,ハクタイシティ,9,,ヒメリのみ
4074,ドロりん,ゴースト,4,ダイヤモンド・パール,*,,,,,,,,,シンオウ地方,キッサキシティ,9,,かわらずのいし
4075,ポッちゃん,コイキング,4,ダイヤモンド・パール,*,,,,,,,,,シンオウ地方,226ばんすいどう,9,,ラムのみ
4076,ハッシー,ケーケー の おや,4,ダイヤモンド・パール,,,,,,,,,ポケモン,シンオウ地方,クロガネシティ,9,,
4077,ノブリン,ペッチャラ の おや,4,ダイヤモンド・パール,,,,,,,,,ポケモン,シンオウ地方,ハクタイシティ,9,,
4078,ミナッチ,ドロりん の おや,4,ダイヤモンド・パール,,,,,,,,,ポケモン,シンオウ地方,キッサキシティ,9,,
4079,マイスター,ポッちゃん の おや,4,ダイヤモンド・パール,,,,,,,,,ポケモン,シンオウ地方,226ばんすいどう,9,,
4080,さてつ,レアコイル,2c,ハートゴールド・ソウルシルバー,*,,,,,,,,,ジョウト地方,カントーはつでんしょ,11,,メタルコート
4081,チーフ,ネイティオ,2c,ハートゴールド・ソウルシルバー,*,,,,,,,,,ジョウト地方,ニビシティ,11,,ソクノのみ
4082,VOLTY,ピカチュウ,2c,ハートゴールド・ソウルシルバー,*,,,,,,,,,ジョウト地方,ヤマブキシティ,11,,きいろいかけら
4083,こうてつ,ダンバル,2c,ハートゴールド・ソウルシルバー,*,,,,,,,,,ジョウト地方,シルフカンパニー,11,,めざめいし
4084,つのこ,サイホーン,2c,ハートゴールド・ソウルシルバー,*,,,,,,,,,ジョウト地方,ディグダのあな,11,,イトケのみ
4085,ネール,ハガネール,2c,ハートゴールド・ソウルシルバー,*,,,,,,,,,ジョウト地方,アサギシティ,11,,やすらぎのすず
4086,モリオ,さてつ の おや,2c,ハートゴールド・ソウルシルバー,,,,,,,,,ポケモン,ジョウト地方,カントーはつでんしょ,11,,
4087,モンド,チーフ の おや,2c,ハートゴールド・ソウルシルバー,,,,,,,,,ポケモン,ジョウト地方,ニビシティ,11,,
4088,ダイゴ,こうてつ の おや,2c,ハートゴールド・ソウルシルバー,,,,,,,,,ポケモン,ジョウト地方,シルフカンパニー,11,,
4089,タケシ,つのこ の おや,2c,ハートゴールド・ソウルシルバー,,,,,,,,,ポケモン,ジョウト地方,ディグダのあな,11,,
4090,ミカン,ネール の おや,2c,ハートゴールド・ソウルシルバー,,,,,,,,,ポケモン,ジョウト地方,アサギシティ,11,,
4091,チュりん,チュリネ,5,ブラック・ホワイト,*,,,,,,,,,イッシュ地方,シッポウシティ,12,,クラボのみ
4092,モンモン,モンメン,5,ブラック・ホワイト,*,,,,,,,,,イッシュ地方,シッポウシティ,12,,クラボのみ
4093,アカメ,バスラオ（あかすじのすがた）,5,ブラック・ホワイト,*,,,,,,,,,イッシュ地方,ホドモエシティ,12,,オボンのみ
4094,アオメ,バスラオ（あおすじのすがた）,5,ブラック・ホワイト,*,,,,,,,,,イッシュ地方,ホドモエシティ,12,,オボンのみ
4095,トビマル,エモンガ,5,ブラック・ホワイト,*,,,,,,,,,イッシュ地方,7ばんどうろ,12,,ラムのみ
4096,ドッキー,ロトム,5,ブラック・ホワイト,*,,,,,,,,,イッシュ地方,15ばんどうろ,12,,ピーピーマックス
4097,まんぷく,ゴンベ,5,ブラック・ホワイト,*,,,,,,,,,イッシュ地方,サザナミタウン,12,,たべのこし
4098,アヤ,チュりん、モンモン の おや,5,ブラック・ホワイト,,,,,,,,,ポケモン,イッシュ地方,シッポウシティ,12,,
4099,ナオキ,アカメ、アオメ の おや,5,ブラック・ホワイト,,,,,,,,,ポケモン,イッシュ地方,ホドモエシティ,12,,
4100,ゲンゾウ,トビマル の おや,5,ブラック・ホワイト,,,,,,,,,ポケモン,イッシュ地方,7ばんどうろ,12,,
4101,ユイ,ドッキー の おや,5,ブラック・ホワイト,,,,,,,,,ポケモン,イッシュ地方,15ばんどうろ,12,,
4102,フトシ,まんぷく の おや,5,ブラック・ホワイト,,,,,,,,,ポケモン,イッシュ地方,サザナミタウン,12,,
4103,チュりっぺ,チュリネ,5b,ブラック2・ホワイト2,*,,,,,,,,,イッシュ地方,4ばんどうろ,13,,パワーアンクル
4104,メンメン,モンメン,5b,ブラック2・ホワイト2,*,,,,,,,,,イッシュ地方,4ばんどうろ,13,,パワーウエイト
4105,フサフサ,モジャンボ,5b,ブラック2・ホワイト2,*,,,,,,,,,イッシュ地方,セイガイハシティ,13,,オボンのみ
4106,バッキー,ロトム,5b,ブラック2・ホワイト2,*,,,,,,,,,イッシュ地方,15ばんどうろ,13,,ピーピーマックス
4107,シッポ,エテボース,5b,ブラック2・ホワイト2,*,,,,,,,,,イッシュ地方,カラクサタウン,13,,オボンのみ
4108,おヒゲ,フーディン,5b,ブラック2・ホワイト2,*,,,,,,,,,イッシュ地方,カラクサタウン,13,,ラムのみ
4109,ユリコ,チュりっぺ の おや,5b,ブラック2・ホワイト2,,,,,,,,,ポケモン,イッシュ地方,4ばんどうろ,13,,
4110,ショウスケ,メンメン の おや,5b,ブラック2・ホワイト2,,,,,,,,,ポケモン,イッシュ地方,4ばんどうろ,13,,
4111,ゲンゾウ,ギガイアス の おや,5b,ブラック2・ホワイト2,,,,,,,,,ポケモン,イッシュ地方,7ばんどうろ,13,,
4112,ツルマル,フサフサ の おや,5b,ブラック2・ホワイト2,,,,,,,,,ポケモン,イッシュ地方,セイガイハシティ,13,,
4113,ユイ,バッキー の おや,5b,ブラック2・ホワイト2,,,,,,,,,ポケモン,イッシュ地方,15ばんどうろ,13,,
4114,ハツネ,シッポ、おヒゲ の おや,5b,ブラック2・ホワイト2,,,,,,,,,ポケモン,イッシュ地方,カラクサタウン,13,,
4115,マー,カモネギ,6,X・Y,*,,,,,,,,,カロス地方,ハクダンシティ,14,,
4116,カッチ,ハガネール,6,X・Y,*,,,,,,,,,カロス地方,ショウヨウシティ,14,,
4117,キール,キリキザン,6,X・Y,*,,,,,,,,,カロス地方,エイセツシティ,14,,
4118,ゲコっち,ケロマツ,6,X・Y,*,,,,,,,,,カロス地方,アサメタウン,14,,
4119,ハリぼん,ハリマロン,6,X・Y,*,,,,,,,,,カロス地方,アサメタウン,14,,
4120,フォッぷ,フォッコ,6,X・Y,*,,,,,,,,,カロス地方,アサメタウン,14,,
4121,こいこい,コイキング,6,X・Y,*,,,,,,,,,カロス地方,ホテル,14,,
4122,アマヤル,イーブイ,6,X・Y,*,,,,,,,,,カロス地方,ホテル,14,,ふしぎなアメ
4123,ぐりお,マー の おや,6,X・Y,,,,,,,,,ポケモン,カロス地方,ハクダンシティ,14,,
4124,アイン,カッチ の おや,6,X・Y,,,,,,,,,ポケモン,カロス地方,ショウヨウシティ,14,,
4125,パンク,キール の おや,6,X・Y,,,,,,,,,ポケモン,カロス地方,エイセツシティ,14,,
4126,サナ,ゲコっち、ハリぼん、フォッぷ の おや,6,X・Y,,,,,,,,,ポケモン,カロス地方,アサメタウン,14,,
4127,カープ,こいこい の おや,6,X・Y,,,,,,,,,ポケモン,カロス地方,ホテル,14,,
4128,ヘレン,アマヤル の おや,6,X・Y,,,,,,,,,ポケモン,カロス地方,ホテル,14,,
4129,シトサン,ワンリキー,7,サン・ムーン,*,,,,,,,,,アローラ地方,2ばんどうろ,16,,プラスパワー
4130,タリーヨ,アマカジ,7,サン・ムーン,*,,,,,,,,,アローラ地方,5ばんどうろ,16,,ひかりのこな
4131,ヤンヤン,ニョロゾ,7,サン・ムーン,*,,,,,,,,,アローラ地方,コニコシティ,16,,ミズZ
4132,うゆゆ,ピンプク,7,サン・ムーン,*,,,,,,,,,アローラ地方,マリエシティ,16,,
4133,シヨッカ,ゴローン（ゴローニャ）（アローラのすがた）,7,サン・ムーン,*,,,,,,,,,アローラ地方,カプのむら,16,,イワZ
4134,ノッキリア,アママイコ,7,サン・ムーン,*,,,,,,,,,アローラ地方,うみのたみのむら,16,,クサZ
4135,ツノリー,ファイアロー,7,サン・ムーン,*,,,,,,,,,アローラ地方,ポニのけんろ,16,,ホノオZ
4136,ヒラヒラ,シトサン の おや,7,サン・ムーン,,,,,,,,,ポケモン,アローラ地方,2ばんどうろ,16,,
4137,キヘ,タリーヨ の おや,7,サン・ムーン,,,,,,,,,ポケモン,アローラ地方,5ばんどうろ,16,,
4138,ラウレア,ヤンヤン の おや,7,サン・ムーン,,,,,,,,,ポケモン,アローラ地方,コニコシティ,16,,
4139,モエモエ,うゆゆ の おや,7,サン・ムーン,,,,,,,,,ポケモン,アローラ地方,マリエシティ,16,,
4140,ヘパ,シヨッカ の おや,7,サン・ムーン,,,,,,,,,ポケモン,アローラ地方,カプのむら,16,,
4141,クム,ノッキリア の おや,7,サン・ムーン,,,,,,,,,ポケモン,アローラ地方,うみのたみのむら,16,,
4142,フフー,ツノリー の おや,7,サン・ムーン,,,,,,,,,ポケモン,アローラ地方,ポニのけんろ,16,,
4143,オーガー,ルチャブル,7b,ウルトラサン・ウルトラムーン,*,,,,,,,,,アローラ地方,2ばんどうろ,17,,プラスパワー
4144,りくひさ,オンバット,7b,ウルトラサン・ウルトラムーン,*,,,,,,,,,アローラ地方,5ばんどうろ,17,,ひかりのこな
4145,レナレナ,ドジョッチ,7b,ウルトラサン・ウルトラムーン,*,,,,,,,,,アローラ地方,ロイヤルアベニュー,17,,モモンのみ
4146,ロイ,アーボック,7b,ウルトラサン・ウルトラムーン,*,,,,,,,,,アローラ地方,8ばんどうろ,17,,かおるキノコ
4147,ワーイ,ボクレー（オーロット）,7b,ウルトラサン・ウルトラムーン,*,,,,,,,,,アローラ地方,カプのむら,17,,クサZ
4148,バブコ,カラナクシ（にしのうみ）,7b,ウルトラサン・ウルトラムーン,*,,,,,,,,,アローラ地方,うみのたみのむら,17,,ミズZ
4149,きょうじゅ,ケンタロス,7b,ウルトラサン・ウルトラムーン,*,,,,,,,,,アローラ地方,ポニのけんろ,17,,ノーマルZ
4150,ヒラヒラ,オーガー の おや,7b,ウルトラサン・ウルトラムーン,,,,,,,,,ポケモン,アローラ地方,2ばんどうろ,17,,
4151,キヘ,りくひさ の おや,7b,ウルトラサン・ウルトラムーン,,,,,,,,,ポケモン,アローラ地方,5ばんどうろ,17,,
4152,ユイッチー,レナレナ の おや,7b,ウルトラサン・ウルトラムーン,,,,,,,,,ポケモン,アローラ地方,ロイヤルアベニュー,17,,
4153,キーヤン,ロイ の おや,7b,ウルトラサン・ウルトラムーン,,,,,,,,,ポケモン,アローラ地方,8ばんどうろ,17,,
4154,ヘパ,ワーイ の おや,7b,ウルトラサン・ウルトラムーン,,,,,,,,,ポケモン,アローラ地方,カプのむら,17,,
4155,クム,バブコ の おや,7b,ウルトラサン・ウルトラムーン,,,,,,,,,ポケモン,アローラ地方,うみのたみのむら,17,,
4156,フフー,きょうじゅ の おや,7b,ウルトラサン・ウルトラムーン,,,,,,,,,ポケモン,アローラ地方,ポニのけんろ,17,,
4157,ほっぺ,ホシガリス,8,ソード・シールド,*,,,,,,,,,ガラル地方,エンジンシティ,19,,オレンのみ
4158,コバン,ニャース,8,ソード・シールド,*,,,,,,,,,ガラル地方,ターフスタジアム,19,,オボンのみ
4159,わたあめ,モンメン,8,ソード・シールド,*,,,,,,,,,ガラル地方,バウタウン,19,,
4160,チョッキ,トゲピー,8,ソード・シールド,*,,,,,,,,,ガラル地方,ナックルシティ,19,,
4161,まえがみ,ミブリム,8,ソード・シールド,*,,,,,,,,,ガラル地方,ラテラルタウン,19,,
4162,ギョロギョロ,ベロバー,8,ソード・シールド,*,,,,,,,,,ガラル地方,ラテラルタウン,19,,
4163,カーメン,デスマス,8,ソード・シールド,*,,,,,,,,,ガラル地方,アラベスクスタジアム,19,,
4164,あかなげ,ナゲキ,8,ソード・シールド,*,,,,,,,,,ガラル地方,キルクスタウン,19,,
4165,あおぱん,ダゲキ,8,ソード・シールド,*,,,,,,,,,ガラル地方,キルクスタウン,19,,
4166,バリさん,バリヤード,8,ソード・シールド,*,,,,,,,,,ガラル地方,スパイクタウン,19,,
4167,ちょくせん,ジュラルドン,8,ソード・シールド,*,,,,,,,,,ガラル地方,シュートシティ,19,,
4168,ハツミ,ほっぺ の おや,8,ソード・シールド,,,,,,,,,ポケモン,ガラル地方,エンジンシティ,19,,
4169,ジョバンニ,コバン の おや,8,ソード・シールド,,,,,,,,,ポケモン,ガラル地方,ターフスタジアム,19,,
4170,マイド,わたあめ の おや,8,ソード・シールド,,,,,,,,,ポケモン,ガラル地方,バウタウン,19,,
4171,タカラコ,チョッキ の おや,8,ソード・シールド,,,,,,,,,ポケモン,ガラル地方,ナックルシティ,19,,
4172,ロミオ,まえがみ、ギョロギョロ の おや,8,ソード・シールド,,,,,,,,,ポケモン,ガラル地方,ラテラルタウン,19,,
4173,イヴ,カーメン の おや,8,ソード・シールド,,,,,,,,,ポケモン,ガラル地方,アラベスクスタジアム,19,,
4174,シラユキ,あかなげ、あおぱん の おや,8,ソード・シールド,,,,,,,,,ポケモン,ガラル地方,キルクスタウン,19,,
4175,タナベ,バリさん の おや,8,ソード・シールド,,,,,,,,,ポケモン,ガラル地方,スパイクタウン,19,,
4176,カプーア,ちょくせん の おや,8,ソード・シールド,,,,,,,,,ポケモン,ガラル地方,シュートシティ,19,,
4177,チホコ,ポケモンこうかんしてくれる,8,ソード・シールド,,,,,,,,,ポケモン,ガラル地方,ヨロイじま,19,,
4178,こゆきち,ユキハミ,9,スカーレット・バイオレット,*,,,,,,,,,パルデア地方,セルクルタウン,22,,
4179,マサオ,ウパー,9,スカーレット・バイオレット,*,,,,,,,,,パルデア地方,カラフシティ,22,,ふしぎなアメ
4180,ちみちゃん,ゴースト（ゲンガー）,9,スカーレット・バイオレット,*,,,,,,,,,パルデア地方,ハッコウシティ,22,,
4181,ヒカタロ,こゆきち の おや,9,スカーレット・バイオレット,,,,,,,,,ポケモン,パルデア地方,セルクルタウン,22,,
4182,チェミ,マサオ の おや,9,スカーレット・バイオレット,,,,,,,,,ポケモン,パルデア地方,カラフシティ,22,,
4183,サキねえ,ちみちゃん の おや,9,スカーレット・バイオレット,,,,,,,,,ポケモン,パルデア地方,ハッコウシティ,22,,
4184,ボワ,ヘラクロス,6l,Pokémon LEGENDS Z-A,*,,,,,,,,,カロス地方,ルージュ地区,23,,
4185,リオぼう,リオル,6l,Pokémon LEGENDS Z-A,*,,,,,,,,,カロス地方,ルージュ地区,23,,
4186,スパイス,ヤドン（ガラルのすがた）,6l,Pokémon LEGENDS Z-A,*,,,,,,,,,カロス地方,サウスサイドストリート,23,,
4187,ふわふわ,ライチュウ（アローラのすがた）,6l,Pokémon LEGENDS Z-A,*,,,,,,,,,カロス地方,ローズ地区,23,,
4188,エシャン,ボワ の おや,6l,Pokémon LEGENDS Z-A,,,,,,,,,ポケモン,カロス地方,ルージュ地区,23,,
4189,ボンド,リオぼう の おや,6l,Pokémon LEGENDS Z-A,,,,,,,,,ポケモン,カロス地方,ルージュ地区,23,,
4190,トランキー,スパイス の おや,6l,Pokémon LEGENDS Z-A,,,,,,,,,ポケモン,カロス地方,サウスサイドストリート,23,,
4191,クレープ,ふわふわ の おや,6l,Pokémon LEGENDS Z-A,,,,,,,,,ポケモン,カロス地方,ローズ地区,23,,
4192,もこお,マチエールのともだち,6,X・Y,*,,,,,,,,,カロス地方,,14,,
4193,マチエール,,6,X・Y,*,,,,,,,,,カロス地方,,14,,